# Mast positions fitted by `tcs locate-masts` to Network Rail Global View 4G measurements (Rail Data Marketplace), 2026-03-16 to 2026-05-02 (tcs/masts.py).
# Positions and fit figures only; the measurements are not kept here. Re-run the command rather than editing.
network,mnc,enb,latitude,longitude,locations,trips,fit_rms_db,side_clear
ee,30,10009,51.46853,-2.56874,34,2,4.1,False
ee,30,10010,51.45093,-2.57163,54,3,6.9,False
ee,30,10012,51.44716,-2.57992,69,3,7.9,False
ee,30,10016,51.46619,-2.57352,30,4,3.9,False
ee,30,10021,51.46581,-2.57527,120,3,7.9,False
ee,30,10037,51.51377,-2.54685,84,2,5.6,False
ee,30,10042,51.54196,-2.69404,49,2,5.3,False
ee,30,10048,51.51282,-2.62544,26,2,4.2,False
ee,30,10050,51.43253,-2.60015,43,2,4.7,False
ee,30,10058,51.48514,-3.22942,24,3,14.4,False
ee,30,10101,51.57385,-2.65442,116,2,4.8,False
ee,30,10106,51.54834,-2.80638,148,3,6.8,False
ee,30,10110,51.4767,-3.19527,36,3,17.6,False
ee,30,10111,51.4819,-3.21948,72,4,8.9,False
ee,30,10112,51.5398,-3.40693,78,3,10.0,False
ee,30,10114,51.47951,-3.27807,23,4,2.6,False
ee,30,10115,51.48871,-3.21552,83,4,8.9,False
ee,30,10121,51.53956,-0.14059,141,5,7.1,False
ee,30,10123,51.53334,-0.14137,44,4,7.0,False
ee,30,10136,51.54845,-0.14461,70,7,7.7,False
ee,30,10137,51.54377,-0.11689,57,5,11.6,False
ee,30,10167,51.4219,-0.11381,20,10,4.0,False
ee,30,10170,51.54439,-0.15556,327,10,9.7,False
ee,30,10171,51.54462,-0.12773,38,4,9.3,False
ee,30,10172,51.5363,-0.13181,32,2,5.7,False
ee,30,10176,51.54895,-0.14856,139,7,8.8,False
ee,30,10177,51.53204,-0.14398,22,3,12.4,False
ee,30,10191,51.54225,-0.14149,36,9,13.1,False
ee,30,10193,51.53817,-0.17929,44,3,5.4,False
ee,30,10195,51.5524,-0.17112,59,4,7.3,False
ee,30,10200,51.53621,-0.21796,40,6,2.6,True
ee,30,10202,51.52652,-0.19118,165,2,8.9,False
ee,30,10205,52.53051,-1.78837,74,3,4.8,False
ee,30,10207,52.42629,-1.92397,71,3,5.5,True
ee,30,10211,52.60289,-1.92208,52,3,4.4,False
ee,30,10213,52.57451,-2.00611,57,4,8.5,False
ee,30,10214,52.57732,-2.05951,81,4,4.7,False
ee,30,10230,51.46923,-3.18605,31,3,7.7,False
ee,30,10233,51.4937,-3.13944,36,2,4.0,False
ee,30,10261,51.49051,-0.04536,103,10,8.3,False
ee,30,10265,51.34357,-0.197,95,2,8.6,False
ee,30,10266,51.37027,-0.16591,58,6,4.2,False
ee,30,10267,51.43482,0.41606,85,6,14.2,False
ee,30,10274,51.36611,-0.2043,75,7,6.2,False
ee,30,10277,51.45752,0.25158,90,5,10.0,False
ee,30,10278,51.3577,-0.17276,27,3,6.4,False
ee,30,10280,51.46505,-2.55695,105,3,7.6,False
ee,30,10288,51.46832,-3.15349,29,2,5.3,False
ee,30,10292,51.43565,-0.47944,111,5,6.8,False
ee,30,10296,51.40813,0.03105,41,8,3.2,False
ee,30,10322,52.48022,-1.88655,25,2,6.0,False
ee,30,10329,51.35371,-0.09749,224,13,8.1,True
ee,30,10330,51.45186,-0.02509,125,10,6.5,False
ee,30,10331,51.43417,-0.15592,65,7,12.9,False
ee,30,10332,51.41067,-0.15373,164,7,8.8,False
ee,30,10333,51.43528,-0.51257,320,6,7.8,False
ee,30,10334,51.33987,-0.26721,36,3,4.4,False
ee,30,10341,51.51745,-0.08922,51,11,9.1,False
ee,30,10354,51.46294,-0.11621,84,16,4.7,False
ee,30,10355,51.47603,-0.10244,59,7,4.2,False
ee,30,10357,51.4861,-0.04428,28,9,6.9,False
ee,30,10361,51.4712,-0.14558,28,9,1.8,False
ee,30,10362,51.47283,-0.13897,380,22,7.0,False
ee,30,10363,51.48716,-0.05203,316,12,7.5,False
ee,30,10367,51.45049,-0.03886,76,14,5.3,True
ee,30,10368,51.42338,-0.12646,49,13,5.1,True
ee,30,10370,51.45653,-0.11402,30,7,4.8,True
ee,30,10373,51.54217,-0.19716,123,4,8.7,False
ee,30,10384,51.65316,-0.28381,66,6,9.1,False
ee,30,10389,51.55364,-0.19604,27,4,5.8,False
ee,30,10403,51.47532,-0.05355,125,18,11.7,False
ee,30,10408,51.41161,-0.12957,46,8,5.5,False
ee,30,10415,51.44887,0.30417,199,5,8.6,False
ee,30,10428,52.58078,-1.98454,103,3,11.7,False
ee,30,10431,52.47813,-1.90121,29,2,5.5,False
ee,30,10432,52.51791,-1.90921,30,2,11.0,False
ee,30,10433,51.45897,-2.52692,83,5,6.5,False
ee,30,10446,53.38593,-1.43922,70,2,10.3,False
ee,30,10447,53.38392,-1.41862,55,2,6.3,False
ee,30,10451,53.42822,-2.99484,55,2,9.9,False
ee,30,10458,51.46748,-0.15885,357,18,7.2,False
ee,30,10459,51.42227,-0.1339,162,13,7.8,False
ee,30,10461,51.3825,-0.09429,317,13,7.9,True
ee,30,10462,51.42338,-0.20386,162,6,7.8,False
ee,30,10463,51.42562,-0.17594,135,5,8.7,False
ee,30,10464,51.37003,-0.52687,123,4,7.4,False
ee,30,10465,51.3834,-0.07538,99,12,5.3,True
ee,30,10467,51.44443,-0.14513,227,7,9.0,False
ee,30,10469,51.40291,-0.28058,37,3,4.9,False
ee,30,10479,51.55839,-0.11297,55,2,8.4,False
ee,30,10486,51.51382,-0.31479,80,2,8.1,False
ee,30,10490,51.53943,-0.27697,165,6,5.0,False
ee,30,10491,51.53243,-0.19365,32,3,6.4,False
ee,30,10493,51.55235,-0.25902,40,6,5.5,False
ee,30,10500,52.47892,-1.87574,65,5,7.5,False
ee,30,10501,52.47813,-1.89715,24,2,2.6,False
ee,30,10532,53.41589,-2.93142,51,2,8.2,False
ee,30,10546,51.44274,-0.03132,63,15,6.8,False
ee,30,10561,51.50059,-0.08266,222,12,9.5,False
ee,30,10570,51.48215,-0.19817,72,3,6.7,False
ee,30,10571,51.59772,-0.25362,177,7,5.7,False
ee,30,10577,51.5126,-0.34305,30,2,4.1,False
ee,30,10580,51.46999,-0.0567,382,17,8.0,False
ee,30,10581,51.46714,-0.09921,57,16,9.5,False
ee,30,10583,51.45269,0.00968,207,16,9.0,True
ee,30,10584,51.43464,-0.02884,187,11,12.6,False
ee,30,10596,51.43319,0.08647,49,5,11.2,False
ee,30,10597,51.41088,-0.27664,24,3,4.4,False
ee,30,10598,51.41032,-0.04689,465,7,7.2,False
ee,30,10599,51.39285,0.00854,539,11,9.0,False
ee,30,10602,51.39363,-0.30138,80,3,9.2,False
ee,30,10609,51.38933,0.10513,216,22,5.3,False
ee,30,10615,51.42011,-0.14971,424,14,10.3,False
ee,30,10616,51.47005,-0.07194,358,21,9.6,False
ee,30,10617,51.45454,-0.40592,68,7,3.8,False
ee,30,10619,51.65306,-0.3816,112,4,12.0,False
ee,30,10620,51.63014,-0.39749,22,4,11.4,False
ee,30,10621,51.53804,-0.20483,32,5,3.6,True
ee,30,10628,51.4956,0.09972,30,2,4.3,False
ee,30,10629,51.50005,-0.11296,31,8,15.2,False
ee,30,10630,51.46005,-0.19269,43,12,5.8,False
ee,30,10637,51.41289,-0.303,52,5,8.9,False
ee,30,10643,51.48071,-0.10299,100,7,8.7,False
ee,30,10644,51.48625,-0.1253,154,18,6.8,False
ee,30,10651,51.55751,-0.21904,355,8,8.3,False
ee,30,10659,51.44163,0.36576,314,6,8.2,True
ee,30,10662,52.47783,-1.93032,21,2,3.5,False
ee,30,10664,52.49006,-1.86962,214,6,9.1,False
ee,30,10666,52.46772,-1.8737,126,4,9.4,False
ee,30,10670,52.51587,-1.79087,213,6,6.3,False
ee,30,10671,52.52181,-1.74473,291,7,6.9,False
ee,30,10673,52.4735,-1.75625,28,2,3.4,False
ee,30,10676,52.61155,-1.84698,157,4,10.6,False
ee,30,10680,52.40348,-1.95556,98,3,5.5,False
ee,30,10682,52.47726,-1.79489,26,2,5.4,False
ee,30,10690,53.42309,-3.00257,68,2,8.8,False
ee,30,10696,51.47643,-2.55913,101,5,5.4,False
ee,30,10706,52.57537,-2.01988,80,4,6.9,False
ee,30,10709,53.45538,-2.99979,23,2,4.0,True
ee,30,10711,51.48168,0.00417,84,2,4.7,False
ee,30,10712,51.45817,-0.01216,234,16,9.6,True
ee,30,10715,51.37487,-0.15411,58,6,8.7,False
ee,30,10716,51.40959,-0.22833,139,6,6.6,False
ee,30,10720,51.50728,-0.09046,38,8,3.5,True
ee,30,10722,51.50259,-0.11066,131,12,7.9,False
ee,30,10743,51.45875,-0.01185,137,18,8.5,False
ee,30,10750,51.45432,-0.33822,61,6,8.4,False
ee,30,10755,52.49709,-1.93405,52,2,5.7,False
ee,30,10756,52.5589,-1.82035,138,4,7.6,False
ee,30,10757,52.53647,-1.84407,39,4,3.8,True
ee,30,10759,52.48844,-1.81308,55,2,6.2,False
ee,30,10761,52.43941,-1.89497,25,2,3.6,False
ee,30,10762,52.59703,-1.9339,31,3,2.6,False
ee,30,10763,52.59064,-1.98586,111,3,8.3,False
ee,30,10764,51.54775,-2.53329,35,5,7.6,False
ee,30,10765,53.43198,-2.94671,26,2,2.6,False
ee,30,10766,53.34458,-2.86375,56,2,10.0,True
ee,30,10817,51.4349,-0.53156,36,5,3.8,False
ee,30,10819,51.37435,-0.47071,28,4,5.3,False
ee,30,10822,51.36217,-0.19054,105,7,7.5,False
ee,30,10878,51.43415,0.08304,184,5,6.7,False
ee,30,10884,53.34666,-1.49329,42,2,4.4,False
ee,30,10901,51.49007,-0.16491,115,10,7.1,False
ee,30,10902,51.50601,-0.10569,20,9,16.4,False
ee,30,10908,51.54953,-0.10107,45,2,7.6,False
ee,30,10919,51.43337,-0.15085,41,5,3.5,True
ee,30,10926,51.37534,-0.41634,29,2,6.1,False
ee,30,10928,51.36286,-0.17034,78,5,5.3,False
ee,30,10929,51.35863,-0.17401,38,6,5.7,False
ee,30,10930,51.37689,-0.0026,130,2,9.1,False
ee,30,10962,52.59026,-2.09288,26,4,3.2,False
ee,30,10965,52.58595,-1.87082,101,4,4.8,False
ee,30,10990,51.48878,-0.15243,47,10,4.3,True
ee,30,10994,55.85276,-4.25559,45,3,7.4,False
ee,30,10995,51.43645,-0.46523,43,5,4.3,False
ee,30,11000,51.37061,0.12428,313,12,10.5,False
ee,30,11004,51.39111,-0.03665,64,5,6.9,False
ee,30,11005,51.35567,-0.21251,26,3,4.8,False
ee,30,11008,51.43483,0.01493,203,16,8.2,False
ee,30,11009,51.44969,0.17131,209,6,9.0,False
ee,30,11015,52.55112,-1.81375,90,4,5.2,False
ee,30,11016,55.82669,-4.12875,75,4,7.2,False
ee,30,11032,51.39987,-0.12684,55,9,10.5,False
ee,30,11040,51.39697,-0.1541,90,6,3.1,False
ee,30,11047,51.44912,0.25409,52,5,4.7,False
ee,30,11048,51.44355,0.40016,238,6,6.7,False
ee,30,11051,51.5754,-0.23537,27,6,4.0,False
ee,30,11058,55.84498,-4.26254,49,4,7.2,False
ee,30,11134,51.37763,-0.3628,109,3,6.6,True
ee,30,11151,51.60483,-0.24101,65,6,5.0,False
ee,30,11170,51.49887,-0.27241,74,8,5.7,False
ee,30,11171,51.47485,-0.26505,207,10,8.7,False
ee,30,11173,51.45481,-0.37919,59,5,6.0,False
ee,30,11175,51.37919,-0.1861,30,4,5.9,False
ee,30,11177,51.3383,-0.13595,146,6,16.0,False
ee,30,11178,51.38594,-0.15654,104,6,9.6,False
ee,30,11180,51.38223,-0.17307,26,5,3.1,False
ee,30,11182,51.43498,0.03261,69,16,8.4,False
ee,30,11203,52.53068,-1.92689,24,2,4.8,False
ee,30,11204,52.58302,-2.05229,54,4,9.1,False
ee,30,11229,51.43453,-0.01432,30,13,2.4,False
ee,30,11240,51.4644,-0.23263,70,11,5.4,False
ee,30,11243,51.40811,-0.21099,40,5,4.6,False
ee,30,11247,51.43307,0.27546,188,6,13.1,False
ee,30,11256,52.61303,-2.13028,50,3,7.1,False
ee,30,11259,52.55768,-1.98025,23,2,4.1,False
ee,30,11260,52.59545,-1.88935,142,3,7.0,False
ee,30,11261,52.512,-1.88054,33,2,4.5,False
ee,30,11267,51.37587,-0.4928,204,4,8.0,False
ee,30,11274,52.51932,-1.91055,69,2,8.5,False
ee,30,11275,52.60089,-1.93601,86,3,4.8,False
ee,30,11282,51.43354,-0.18896,60,7,5.9,False
ee,30,11283,54.87708,-1.57622,94,2,7.5,False
ee,30,11293,51.44655,-0.14487,106,7,8.6,False
ee,30,11294,51.50689,-0.09628,48,8,5.3,True
ee,30,11305,51.57214,-0.31412,32,4,11.2,False
ee,30,11341,51.55044,-0.29443,101,5,7.7,False
ee,30,11342,51.56402,-0.30035,27,4,8.3,False
ee,30,11343,51.54143,-0.25346,55,6,7.9,False
ee,30,11346,52.95005,-1.13873,34,3,8.0,False
ee,30,11354,52.90714,-1.40383,240,10,7.5,False
ee,30,11369,52.95701,-1.04054,38,2,4.6,False
ee,30,11370,53.40367,-1.40969,41,2,7.6,False
ee,30,11372,51.46381,-0.26815,222,9,8.2,True
ee,30,11526,51.50118,-0.08076,114,11,7.0,False
ee,30,11533,51.62537,-0.26446,35,6,6.8,False
ee,30,11537,51.5975,-0.22998,29,6,3.5,False
ee,30,11539,51.39326,-0.44691,21,4,13.9,False
ee,30,11553,51.60916,-0.24359,207,7,6.4,False
ee,30,11566,54.96492,-1.6201,30,2,3.9,False
ee,30,11600,53.44494,-2.96138,39,2,5.6,False
ee,30,11616,51.54758,-2.59969,92,2,7.7,False
ee,30,11630,55.78676,-4.26638,21,3,5.0,False
ee,30,11654,54.90817,-1.5819,22,2,5.2,False
ee,30,11669,51.67051,-3.81434,138,5,8.2,True
ee,30,11673,51.44713,-2.56807,115,4,6.6,True
ee,30,11685,51.46173,-0.2137,172,10,7.8,False
ee,30,11693,51.40176,-0.2669,41,2,8.1,False
ee,30,11698,51.47228,-0.14644,115,16,11.6,False
ee,30,11713,51.38715,-0.08752,69,12,6.9,False
ee,30,11716,51.40021,-0.20075,29,4,6.5,False
ee,30,11721,51.50243,-0.0914,229,12,14.2,False
ee,30,11722,51.48495,-0.20219,53,3,4.0,False
ee,30,11733,51.48424,-0.15025,271,10,6.1,False
ee,30,11745,51.54553,-0.19729,33,6,3.7,False
ee,30,11746,51.44767,-0.14267,67,12,3.1,True
ee,30,11749,51.58822,-0.32879,20,2,3.4,False
ee,30,11750,51.56559,-0.1115,47,2,4.0,False
ee,30,11751,51.42979,-0.01948,223,10,9.9,False
ee,30,11753,51.4211,-0.14977,81,8,5.2,True
ee,30,11761,51.65426,-0.38813,25,4,2.0,False
ee,30,11762,51.54563,-0.27086,82,4,5.3,False
ee,30,11768,51.39552,0.0992,141,17,10.3,False
ee,30,11769,51.36582,-0.48743,111,4,4.8,False
ee,30,11785,52.50267,-1.86879,60,2,9.1,False
ee,30,11800,51.49555,-0.14374,31,10,6.1,False
ee,30,11804,51.63313,-0.26395,209,7,8.3,False
ee,30,11808,51.47055,-0.33762,92,5,5.8,False
ee,30,11810,52.63258,-2.12469,36,3,3.7,False
ee,30,11819,53.39932,-2.93207,24,2,6.6,False
ee,30,11844,51.43991,0.16097,48,5,5.8,False
ee,30,11851,51.66349,-0.30401,132,6,6.5,False
ee,30,11853,51.37098,0.09062,32,12,5.6,False
ee,30,11854,51.34545,-0.10351,556,14,9.5,True
ee,30,11857,51.46018,-0.29601,264,11,7.3,False
ee,30,11858,51.46011,-0.12711,480,21,8.2,True
ee,30,11859,51.42906,0.094,174,5,6.5,False
ee,30,11860,51.38121,-0.08586,317,13,7.5,False
ee,30,11863,51.39176,-0.04708,24,3,5.7,False
ee,30,11864,51.45046,-0.1905,32,11,3.0,False
ee,30,11869,52.5037,-1.84606,38,5,9.1,False
ee,30,11870,52.44495,-1.94061,61,2,7.6,False
ee,30,11878,53.40789,-2.1693,30,2,3.7,False
ee,30,11879,51.3353,-0.26206,98,3,6.9,False
ee,30,11882,51.48525,-0.29553,75,7,7.8,False
ee,30,11891,52.41844,-1.91668,54,3,5.0,True
ee,30,11899,51.48171,-0.0487,200,12,9.8,False
ee,30,11900,51.47356,-0.14241,603,22,9.1,False
ee,30,11909,54.97182,-1.60267,41,2,5.7,False
ee,30,11913,51.47887,-0.13119,82,7,7.6,False
ee,30,11914,51.44185,-0.01426,38,8,7.9,False
ee,30,11916,53.47343,-2.9237,25,2,7.2,False
ee,30,11918,51.40917,0.01143,111,10,13.2,False
ee,30,11923,51.41612,-0.52892,243,5,8.9,False
ee,30,11924,51.45283,-0.39995,56,7,3.7,False
ee,30,11925,51.39215,-0.09309,185,13,8.2,False
ee,30,11926,51.54977,-0.18338,61,8,5.4,False
ee,30,11927,51.53033,-0.20598,307,5,11.2,False
ee,30,11930,51.68443,-0.06048,50,2,8.2,False
ee,30,11936,51.48173,-0.1477,69,12,21.0,False
ee,30,11945,51.38646,0.07304,541,23,8.9,False
ee,30,11950,51.3288,-0.24657,24,5,3.3,False
ee,30,11958,51.43019,-0.09379,222,9,7.3,False
ee,30,11984,52.91106,-1.47073,243,19,8.2,False
ee,30,12006,51.39378,-0.05225,38,2,7.2,False
ee,30,12007,51.3935,0.10936,57,16,6.9,False
ee,30,12013,51.52676,-3.07284,66,2,6.6,False
ee,30,12030,55.94863,-3.19643,39,2,5.4,False
ee,30,12067,51.46179,-0.19057,171,11,8.9,False
ee,30,12069,51.46788,-0.15005,49,8,10.9,False
ee,30,12074,51.50796,-0.1203,29,4,9.0,False
ee,30,12075,52.58517,-2.09027,134,4,6.8,False
ee,30,12125,55.84059,-4.26422,53,3,7.0,True
ee,30,12143,55.94746,-3.18325,28,2,4.4,False
ee,30,12152,51.41973,-0.15084,53,6,4.2,False
ee,30,12160,55.95626,-3.17179,47,2,4.8,False
ee,30,12165,55.94886,-3.19853,21,2,4.0,False
ee,30,12176,51.57502,-0.3042,26,4,2.9,False
ee,30,12194,51.5049,-0.10258,91,14,12.9,False
ee,30,12198,51.43834,0.03542,110,12,9.1,False
ee,30,12199,51.40893,-0.12781,192,13,9.6,False
ee,30,12201,51.48279,0.09174,116,2,7.2,False
ee,30,12202,51.39254,0.13246,84,7,14.2,False
ee,30,12203,51.44727,-0.13724,248,7,11.8,False
ee,30,12204,51.43659,-0.04982,103,7,6.7,False
ee,30,12206,51.44214,-0.02535,24,8,15.5,False
ee,30,12208,51.3851,-0.58059,159,5,6.7,False
ee,30,12210,51.47748,-3.17621,68,4,6.6,False
ee,30,12211,51.47898,-3.19655,35,4,3.8,False
ee,30,12217,52.97995,-1.45196,34,2,3.3,False
ee,30,12220,55.8014,-4.16929,25,4,4.8,False
ee,30,12227,55.85303,-4.2809,53,3,9.9,False
ee,30,12229,51.43854,0.00899,181,16,8.3,False
ee,30,12238,53.06188,-0.97875,37,9,5.3,False
ee,30,12249,51.49242,0.04835,41,2,14.9,False
ee,30,12250,51.47847,-0.10227,26,5,2.9,False
ee,30,12251,51.44403,-0.34643,50,3,10.6,False
ee,30,12254,51.40902,-0.06225,203,13,8.2,False
ee,30,12257,51.4137,-0.21201,81,6,4.9,False
ee,30,12261,51.59504,-0.346,225,4,7.4,False
ee,30,12262,51.5903,-0.33919,218,4,8.0,False
ee,30,12273,51.54107,-0.1534,37,3,10.4,False
ee,30,12274,53.38327,-1.46618,46,3,4.8,False
ee,30,12275,51.44787,0.00907,53,12,5.6,True
ee,30,12280,53.36492,-1.46435,53,3,7.9,False
ee,30,12281,51.49085,-0.0615,168,12,5.9,False
ee,30,12295,53.38877,-1.4512,75,3,6.5,False
ee,30,12296,52.3959,-1.97805,99,3,6.7,False
ee,30,12297,51.58525,-0.3196,48,4,8.2,False
ee,30,12299,51.50342,-0.10586,26,6,9.4,False
ee,30,12300,51.51934,-0.43531,20,2,5.0,False
ee,30,12301,51.40935,-0.12844,124,8,6.0,False
ee,30,12303,51.38648,-0.03093,89,6,10.1,False
ee,30,12304,51.46783,-0.07979,114,15,9.8,False
ee,30,12305,52.57837,-1.98577,71,2,7.1,False
ee,30,12314,52.56002,-1.80729,208,4,6.4,True
ee,30,12317,52.94637,-1.1503,49,3,6.2,False
ee,30,12331,54.97193,-1.60353,26,3,6.5,False
ee,30,12335,51.59242,-0.08887,30,2,5.2,False
ee,30,12338,51.4542,-0.34245,37,5,3.1,False
ee,30,12348,52.89143,-1.26367,163,10,7.9,False
ee,30,12356,51.55744,-0.29612,44,4,6.4,False
ee,30,12365,52.45394,-1.73596,97,2,5.7,False
ee,30,12366,52.92014,-1.4605,25,4,4.3,False
ee,30,12368,54.89923,-1.57628,33,2,6.1,False
ee,30,12372,51.38327,-0.20115,66,4,6.5,False
ee,30,12375,53.40116,-1.43891,20,3,9.9,True
ee,30,12380,51.43911,-0.10092,334,13,8.8,False
ee,30,12407,51.6247,-0.39205,99,4,10.3,True
ee,30,12408,51.55744,-0.22288,125,7,6.1,False
ee,30,12411,51.44933,0.22037,34,6,3.3,False
ee,30,12415,52.87694,-1.51805,33,9,4.2,False
ee,30,12418,52.93797,-1.46449,69,4,4.4,False
ee,30,12420,51.46323,-0.10407,190,18,8.1,False
ee,30,12421,51.45275,-0.16482,74,7,5.8,False
ee,30,12439,53.37234,-1.29798,42,2,6.2,False
ee,30,12442,51.42454,-0.03529,39,2,5.0,False
ee,30,12458,51.3616,0.20303,33,6,10.1,False
ee,30,12460,52.61621,-1.85317,24,2,4.8,False
ee,30,12461,52.68578,-2.12898,68,3,4.9,False
ee,30,12463,51.43269,0.41373,188,6,8.7,False
ee,30,12468,51.75368,-0.48631,192,2,4.5,False
ee,30,12472,51.45155,-0.10146,619,22,10.3,False
ee,30,12475,51.77855,-0.32136,54,8,4.7,False
ee,30,12476,51.40353,0.49114,54,5,6.7,False
ee,30,12484,51.44478,0.50401,122,3,8.2,False
ee,30,12534,51.42521,-0.11898,102,10,12.1,False
ee,30,12540,51.4658,-0.09978,344,19,9.9,False
ee,30,12548,52.57293,-1.98033,93,4,9.0,False
ee,30,12564,51.45441,-0.37452,112,6,9.6,False
ee,30,12566,51.60535,-0.35976,152,4,6.9,False
ee,30,12571,51.66443,-0.38387,139,4,5.9,True
ee,30,12574,51.47703,-0.02797,434,18,9.8,False
ee,30,12580,51.48838,0.11908,122,2,5.7,False
ee,30,12587,51.36836,-0.42583,67,2,6.5,False
ee,30,12592,51.37771,-0.38469,20,2,4.1,False
ee,30,12603,51.46163,-0.1193,279,18,8.1,False
ee,30,12608,51.35809,-0.10384,27,10,3.7,True
ee,30,12613,54.96526,-1.69252,58,2,4.3,False
ee,30,12637,51.43064,0.10839,64,5,12.1,False
ee,30,12640,51.48112,-0.02846,90,12,7.6,False
ee,30,12663,51.53121,-0.23974,374,12,10.0,False
ee,30,12664,51.41473,-0.04036,136,12,12.4,False
ee,30,12667,52.92659,-1.17136,51,3,7.1,False
ee,30,12677,54.98894,-1.58719,180,3,8.9,False
ee,30,12697,51.41509,-0.04575,347,11,9.6,False
ee,30,12701,51.46531,-0.33342,50,5,11.1,False
ee,30,12709,51.5364,-0.28426,41,5,8.4,False
ee,30,12712,52.96031,-1.2022,24,2,5.4,False
ee,30,12713,52.91568,-1.43784,124,12,6.4,False
ee,30,12715,52.95842,-1.27693,55,3,8.4,False
ee,30,12720,54.96896,-1.59587,78,3,6.3,False
ee,30,12738,54.97105,-1.59691,141,3,5.8,False
ee,30,12748,54.95073,-1.61873,21,2,5.7,False
ee,30,12749,54.94739,-1.61918,31,2,4.3,False
ee,30,12758,54.96903,-1.60839,61,3,6.3,False
ee,30,12767,54.9849,-1.565,21,2,3.8,False
ee,30,12778,54.96203,-1.62143,74,3,5.4,True
ee,30,12782,54.9743,-1.65966,23,3,5.0,False
ee,30,12790,51.41895,-0.06066,28,4,4.2,True
ee,30,12791,51.53933,-0.28005,21,3,4.6,False
ee,30,12796,51.5077,-0.52424,29,2,4.7,False
ee,30,12804,52.89473,-1.23751,65,10,9.1,False
ee,30,12805,52.92608,-1.2916,40,3,12.4,False
ee,30,12807,52.9004,-1.26624,110,8,5.5,False
ee,30,12808,52.88828,-1.49203,67,10,4.7,False
ee,30,12812,52.92615,-1.48722,26,4,5.2,False
ee,30,12814,52.8985,-1.36916,129,10,7.4,False
ee,30,12859,53.36071,-1.32551,132,2,7.7,True
ee,30,12864,53.34897,-1.36713,24,2,8.4,False
ee,30,12867,51.49829,-0.10469,129,10,9.5,False
ee,30,12869,51.49299,-0.05463,35,8,6.3,False
ee,30,12875,51.42291,-0.03997,166,14,13.4,False
ee,30,12878,51.35976,-0.09602,74,13,7.4,False
ee,30,12887,51.5459,-0.0981,75,2,6.2,False
ee,30,12893,53.36169,-1.483,72,2,5.3,False
ee,30,12901,51.44119,-0.13008,52,8,4.2,False
ee,30,12903,51.48369,-0.31662,102,5,6.0,False
ee,30,12930,52.87541,-1.51312,33,9,4.6,False
ee,30,12935,52.56719,-2.02767,26,4,3.9,False
ee,30,12940,51.55589,-0.28166,71,4,8.9,False
ee,30,12943,51.49347,0.17406,129,6,12.0,False
ee,30,12945,51.53127,-0.2523,91,10,8.1,True
ee,30,12947,51.58154,-0.24084,51,6,5.1,False
ee,30,12951,53.39033,-1.44315,40,4,4.6,False
ee,30,12953,52.96704,-1.29411,21,3,13.5,False
ee,30,12954,54.82753,-1.55764,26,2,7.4,False
ee,30,12958,55.78588,-4.25574,61,4,9.6,False
ee,30,12959,51.49226,0.06464,69,2,8.5,False
ee,30,12962,51.5277,-0.18812,94,9,7.8,False
ee,30,12967,51.51333,-2.54395,121,5,7.6,False
ee,30,12974,51.49813,-2.56729,46,2,5.2,False
ee,30,12975,55.81985,-4.32105,126,4,6.5,False
ee,30,12984,51.44098,0.34108,70,5,8.1,False
ee,30,13004,51.73347,-0.46417,86,2,7.5,False
ee,30,13006,51.77294,-0.56248,22,2,4.4,False
ee,30,13018,51.43606,0.14081,152,5,8.6,False
ee,30,13025,51.79352,-0.58744,123,2,6.1,False
ee,30,13032,52.7409,-1.13606,99,10,5.5,False
ee,30,13036,52.76856,-1.93231,133,6,7.4,False
ee,30,13041,52.58198,-1.16699,86,2,5.7,False
ee,30,13066,51.74719,-0.50178,89,2,5.5,False
ee,30,13075,51.51423,-0.59472,83,2,5.0,False
ee,30,13076,51.51511,-0.73251,67,2,6.1,False
ee,30,13077,51.5074,-0.65457,45,2,5.9,False
ee,30,13117,53.64864,-2.67665,55,2,4.6,False
ee,30,13119,53.50963,-3.07003,75,2,7.0,False
ee,30,13123,53.67408,-2.64838,111,3,5.8,False
ee,30,13126,51.48012,0.22808,52,6,16.9,False
ee,30,13132,53.7276,-0.38408,73,2,6.0,False
ee,30,13144,51.41716,0.02042,150,16,7.5,False
ee,30,13153,51.44261,0.0893,120,6,6.5,False
ee,30,13160,51.52239,-0.66796,42,2,3.7,False
ee,30,13163,51.79044,-0.33533,251,7,8.7,False
ee,30,13172,51.3637,-0.14949,248,8,8.3,False
ee,30,13176,53.76897,-2.47831,54,2,8.0,False
ee,30,13187,51.70873,-0.30266,216,7,11.4,False
ee,30,13188,53.61842,-2.66274,20,2,4.1,False
ee,30,13193,53.58,-2.63529,26,2,2.8,False
ee,30,13197,51.49235,0.09879,61,2,6.9,False
ee,30,13201,51.45775,-0.21054,121,11,9.4,False
ee,30,13207,51.50241,-0.5256,57,2,6.8,False
ee,30,13233,52.71508,-1.06296,89,2,5.8,False
ee,30,13234,52.70232,-2.51714,47,2,4.7,False
ee,30,13238,52.69927,-2.44831,84,3,8.5,False
ee,30,13243,51.5078,-0.52066,38,3,6.6,False
ee,30,13246,52.63494,-1.11725,71,11,5.2,False
ee,30,13250,52.78089,-1.19951,145,10,7.5,False
ee,30,13252,53.78094,-2.90965,156,2,7.7,False
ee,30,13256,51.44883,-0.41393,38,5,8.2,False
ee,30,13258,51.50211,-0.42322,57,2,6.5,False
ee,30,13283,51.76858,-0.58291,32,2,4.4,False
ee,30,13294,52.80382,-1.64409,204,9,6.8,False
ee,30,13298,53.58312,-0.78443,147,3,7.1,False
ee,30,13300,51.40354,-0.1687,124,7,12.4,False
ee,30,13320,53.73105,-0.39237,40,2,4.0,True
ee,30,13346,51.65068,-0.38841,119,4,8.5,True
ee,30,13348,51.66617,-0.29108,96,6,5.4,False
ee,30,13351,51.90292,-0.45589,22,6,4.9,False
ee,30,13367,52.57827,-2.03086,67,4,4.5,False
ee,30,13368,52.60657,-1.68991,81,6,4.7,False
ee,30,13369,52.62471,-1.68438,34,6,12.7,False
ee,30,13370,52.64162,-1.71582,27,3,3.9,False
ee,30,13373,52.58555,-1.12816,27,6,5.3,False
ee,30,13400,53.75911,-2.70987,38,4,6.0,False
ee,30,13410,51.51537,-0.71878,51,2,5.6,False
ee,30,13427,53.47587,-1.2146,219,3,10.4,False
ee,30,13428,52.53675,-1.48912,124,3,5.4,False
ee,30,13436,53.61793,-3.01606,78,2,5.6,False
ee,30,13451,53.75794,-2.47094,82,3,4.8,False
ee,30,13452,53.72435,-2.67208,177,4,9.3,False
ee,30,13453,53.54452,-3.07086,24,2,4.6,False
ee,30,13455,53.61805,-0.91817,229,3,7.3,False
ee,30,13483,53.42307,-1.34674,79,3,9.4,False
ee,30,13489,51.85489,-0.37552,25,6,5.2,False
ee,30,13490,51.88349,-0.64832,54,2,4.5,False
ee,30,13496,53.00221,-1.0069,27,2,2.0,False
ee,30,13499,53.58707,-3.05826,80,2,12.4,False
ee,30,13523,51.36356,-0.22729,60,3,5.6,False
ee,30,13533,51.29681,0.33039,33,3,5.1,False
ee,30,13550,51.56206,-0.24461,168,7,8.7,False
ee,30,13567,53.36808,-2.61741,38,3,5.1,False
ee,30,13576,52.94116,-1.14329,72,3,6.6,False
ee,30,13610,51.49445,-0.28565,21,7,3.5,True
ee,30,13617,51.48815,-0.08499,27,6,10.8,False
ee,30,13618,52.52073,-1.44763,102,3,6.4,False
ee,30,13619,53.49508,-2.62588,21,3,2.6,False
ee,30,13622,53.55375,-1.1815,188,5,8.0,True
ee,30,13631,53.43612,-2.62092,60,2,6.9,False
ee,30,13636,52.80299,-1.20766,69,7,8.8,False
ee,30,13638,51.46146,-0.25296,29,5,3.6,False
ee,30,13649,53.7492,-2.74129,55,4,5.7,False
ee,30,13650,51.59179,-2.97812,70,3,8.2,False
ee,30,13660,51.49149,-0.10077,23,7,4.8,False
ee,30,13678,51.66297,-0.26814,21,6,2.5,False
ee,30,13683,51.46348,-0.10482,74,13,5.6,False
ee,30,13686,51.46175,0.19856,208,6,6.0,False
ee,30,13687,51.453,0.25351,140,5,7.4,False
ee,30,13704,52.61813,-1.60384,69,4,7.9,False
ee,30,13706,52.69154,-2.4968,40,2,5.3,False
ee,30,13715,53.3614,-2.89051,40,2,9.2,False
ee,30,13737,53.52984,-1.12931,125,5,9.5,False
ee,30,13740,52.59139,-1.83217,29,3,5.1,False
ee,30,13741,51.29229,0.274,218,4,10.7,False
ee,30,13744,53.6136,-0.93875,46,3,4.6,True
ee,30,13759,51.47227,0.63996,76,3,8.0,False
ee,30,13765,51.6025,-2.97267,229,6,7.7,False
ee,30,13766,51.66095,-2.98611,168,3,4.6,False
ee,30,13767,53.55841,-1.08587,96,5,9.7,False
ee,30,13768,51.59087,-2.99076,120,5,7.0,True
ee,30,13769,51.77951,-0.36516,40,7,3.5,False
ee,30,13780,52.87107,-1.51848,55,9,5.1,False
ee,30,13786,51.29194,0.2198,97,3,8.0,False
ee,30,13801,52.6148,-1.86585,94,10,7.8,False
ee,30,13812,53.44037,-1.33064,69,4,7.0,False
ee,30,13815,51.44624,-0.39903,66,5,5.3,False
ee,30,13817,51.64651,-0.38293,93,4,9.2,False
ee,30,13827,53.75868,-2.76211,82,3,5.6,False
ee,30,13828,53.60029,-3.03582,57,2,5.4,False
ee,30,13834,53.49222,-2.58937,51,4,4.2,False
ee,30,13838,53.46361,-2.60467,102,2,6.8,False
ee,30,13840,53.385,-2.6149,195,4,6.0,False
ee,30,13854,52.56375,-1.07787,61,2,5.6,False
ee,30,13856,51.38472,0.46501,59,5,7.4,False
ee,30,13861,51.57669,-1.18183,92,3,5.9,False
ee,30,13862,51.40206,0.73624,23,2,4.7,False
ee,30,13864,52.3481,-1.39654,117,2,6.9,False
ee,30,13872,51.39288,0.49693,180,6,6.3,False
ee,30,13873,51.39131,0.69465,85,6,12.5,False
ee,30,13876,51.40783,0.39523,25,3,8.9,False
ee,30,13877,51.37788,0.53309,77,5,8.7,False
ee,30,13878,51.55841,-3.07908,89,2,8.5,False
ee,30,13880,52.67927,-1.82833,114,5,12.2,False
ee,30,13930,51.44982,0.27466,142,5,8.9,False
ee,30,13935,53.35664,-2.89431,22,2,8.4,False
ee,30,13936,52.93228,-1.17246,112,3,5.8,False
ee,30,13946,51.5668,-0.27732,194,5,8.0,False
ee,30,13967,52.84205,-1.28138,95,10,4.8,False
ee,30,13975,52.64836,-2.1054,34,4,3.6,False
ee,30,13992,51.35388,-0.19204,214,7,9.9,False
ee,30,13993,53.38269,-2.59331,107,5,5.1,False
ee,30,14005,51.47371,-0.16271,535,21,8.3,False
ee,30,14007,52.90298,-1.47133,120,11,9.6,False
ee,30,14038,51.71265,-0.44045,74,2,6.6,False
ee,30,14039,51.84684,-0.69637,41,2,5.1,False
ee,30,14054,53.48609,-3.03168,72,2,9.0,False
ee,30,14088,51.45939,-0.07731,66,3,7.5,False
ee,30,14089,51.40982,-0.0981,88,9,6.7,False
ee,30,14101,52.95713,-1.22914,25,2,13.9,False
ee,30,14114,53.74628,-2.46515,60,3,5.9,False
ee,30,14115,51.46227,0.18579,21,5,3.4,False
ee,30,14123,51.50235,-0.08212,158,11,7.3,False
ee,30,14131,52.57635,-1.68166,67,6,5.1,False
ee,30,14133,51.37692,-0.08247,205,13,8.0,False
ee,30,14136,53.39749,-2.60178,89,4,5.4,False
ee,30,14140,51.42927,0.11029,30,5,4.5,False
ee,30,14160,51.47521,-3.16689,27,2,3.4,False
ee,30,14177,53.51513,-1.12473,38,4,3.5,False
ee,30,14186,51.63209,-0.37887,44,4,4.1,False
ee,30,14205,51.83829,-0.35191,220,7,6.7,True
ee,30,14225,53.74593,-2.70097,47,3,5.3,False
ee,30,14228,51.4686,-0.32908,221,7,7.1,True
ee,30,14232,53.73318,-2.62908,123,6,5.9,False
ee,30,14236,51.42783,-0.05455,72,7,5.8,False
ee,30,14240,51.69831,-0.18676,41,6,4.7,False
ee,30,14259,51.37534,-0.10574,25,5,4.3,False
ee,30,14266,52.68511,-1.79654,113,8,6.8,False
ee,30,14282,52.9448,-1.11646,50,2,4.2,False
ee,30,14285,53.42234,-1.32708,149,4,7.5,False
ee,30,14290,52.68694,-1.80307,309,8,8.3,False
ee,30,14303,51.87617,-0.42001,110,7,4.0,False
ee,30,14308,52.70468,-1.83251,159,8,8.2,False
ee,30,14309,53.29315,-1.37267,69,2,8.1,False
ee,30,14319,53.5181,-1.24954,37,3,4.5,False
ee,30,14321,52.95691,-1.22503,56,2,10.8,False
ee,30,14324,51.41071,-0.04478,32,11,4.8,False
ee,30,14325,52.84121,-1.2856,147,10,7.9,False
ee,30,14328,51.80911,-0.35536,128,7,6.3,False
ee,30,14329,53.7769,-2.70828,20,3,4.3,False
ee,30,14352,55.82051,-4.16967,24,3,6.5,False
ee,30,14356,51.58953,-2.98673,217,5,7.1,False
ee,30,14361,51.18625,-0.15843,43,5,5.5,False
ee,30,14365,54.8359,-1.57875,35,2,6.1,False
ee,30,14374,51.4731,-0.25314,162,11,5.4,False
ee,30,14376,51.49677,-0.07273,174,12,5.5,False
ee,30,14388,52.48543,-1.86999,84,5,5.0,True
ee,30,14401,51.89842,-0.43989,76,7,4.8,False
ee,30,14407,51.46061,-0.99196,136,4,7.7,False
ee,30,14411,51.7273,-0.35795,93,6,6.1,False
ee,30,14421,52.63782,-1.10811,25,10,5.5,False
ee,30,14422,53.40101,-2.9397,150,2,9.3,False
ee,30,14426,51.71006,-0.44025,41,2,6.5,False
ee,30,14427,51.43835,-0.96493,91,3,5.1,False
ee,30,14431,51.48628,-0.0948,69,8,11.3,False
ee,30,14443,51.44382,0.47619,44,3,24.1,False
ee,30,14444,52.77003,-1.15173,21,9,10.2,False
ee,30,14445,51.58377,-2.90711,25,3,11.5,False
ee,30,14466,52.61496,-1.13957,201,8,7.7,False
ee,30,14474,53.74939,-2.70986,165,5,7.9,False
ee,30,14484,53.59582,-2.64389,53,2,5.3,False
ee,30,14490,51.39855,0.05216,87,11,4.7,False
ee,30,14493,51.46949,0.18577,98,2,7.4,False
ee,30,14494,52.9115,-1.45365,177,16,5.7,False
ee,30,14507,51.5066,-0.21834,21,4,6.9,False
ee,30,14533,51.40849,0.29427,142,3,6.4,False
ee,30,14534,52.55559,-1.20499,40,2,6.7,False
ee,30,14536,53.56858,-0.92057,225,3,7.5,False
ee,30,14544,52.94269,-1.25409,23,2,6.8,False
ee,30,14551,51.74782,-0.32935,220,7,9.9,False
ee,30,14552,52.92569,-1.46932,70,5,6.8,False
ee,30,14555,53.35871,-2.86303,45,2,4.6,False
ee,30,14556,51.40885,0.63549,21,3,3.2,False
ee,30,14559,52.54482,-1.69135,66,4,4.9,False
ee,30,14560,51.50643,-0.21985,36,2,3.3,False
ee,30,14563,52.90726,-1.30122,23,3,4.0,False
ee,30,14569,52.74066,-1.081,156,10,5.9,False
ee,30,14591,51.4644,-0.97684,117,3,6.8,False
ee,30,14594,52.75235,-1.17019,42,7,10.2,False
ee,30,14606,53.49913,-2.58665,33,2,7.0,False
ee,30,14613,51.463,-0.32078,83,5,9.3,False
ee,30,14614,51.45875,-0.93833,36,3,5.7,False
ee,30,14632,53.78339,-2.47831,20,2,4.4,False
ee,30,14634,51.46423,-0.98057,151,4,7.2,False
ee,30,14637,53.43288,-2.93119,24,2,3.6,False
ee,30,14639,51.18477,0.85865,50,4,4.8,False
ee,30,14648,52.65285,-1.09899,152,11,5.8,False
ee,30,14656,51.42873,-0.03441,31,2,3.2,False
ee,30,14670,51.29047,-0.38451,26,3,2.8,False
ee,30,14685,52.81977,-2.1264,82,7,5.7,False
ee,30,14686,52.76697,-2.1555,159,9,4.2,True
ee,30,14694,51.51057,-0.77223,20,2,5.1,False
ee,30,14695,53.54726,-2.63135,71,4,6.8,False
ee,30,14702,52.80281,-2.15096,41,6,4.3,False
ee,30,14704,52.02279,-0.51013,116,6,5.0,False
ee,30,14712,51.48506,0.03979,25,2,3.3,False
ee,30,14716,51.47936,-1.04242,59,3,6.0,False
ee,30,14726,51.5143,-0.29634,68,2,7.5,False
ee,30,14728,51.26095,-0.52336,42,4,4.7,False
ee,30,14733,51.45099,0.21839,106,6,13.4,False
ee,30,14734,51.44295,-0.0172,199,13,7.4,False
ee,30,14737,51.71225,-0.32708,41,5,6.6,False
ee,30,14745,53.6076,-2.59516,128,4,11.6,False
ee,30,14756,51.40766,-0.25361,116,3,8.4,False
ee,30,14758,55.80941,-4.38436,85,2,5.3,False
ee,30,14775,53.76066,-2.71037,39,4,6.3,False
ee,30,14797,51.32871,-0.27924,78,3,5.8,False
ee,30,14805,51.48231,-1.07315,41,3,6.3,False
ee,30,14808,51.86377,-0.16605,43,2,5.6,True
ee,30,14809,51.8878,-0.41031,100,7,13.1,False
ee,30,14811,51.88249,-0.42473,24,6,3.9,False
ee,30,14818,52.72599,-2.15132,57,3,4.7,False
ee,30,14822,52.95458,-1.09844,34,2,4.9,False
ee,30,14858,51.4465,-0.99389,22,3,5.2,False
ee,30,14870,51.58135,-0.10694,111,2,8.8,True
ee,30,14877,51.29834,-0.42061,137,4,7.0,False
ee,30,14878,51.40636,-0.13052,211,11,7.8,False
ee,30,14883,52.72716,-2.12164,41,3,5.3,False
ee,30,14887,51.77515,-0.32928,169,6,10.5,False
ee,30,14893,52.59116,-1.97629,58,3,4.1,False
ee,30,14902,52.91866,-1.46964,41,5,3.9,False
ee,30,14905,52.52708,-1.71776,61,7,7.5,False
ee,30,14906,52.62303,-1.12525,27,8,4.7,False
ee,30,14915,53.70517,-2.68585,187,4,7.3,False
ee,30,14916,53.64808,-2.65821,23,2,4.4,False
ee,30,14919,52.94847,-1.2935,60,4,7.4,False
ee,30,14927,52.62494,-2.12436,43,4,3.1,False
ee,30,14929,52.94952,-1.12137,63,3,5.2,False
ee,30,14933,51.8821,-0.18546,32,2,4.8,False
ee,30,14939,52.97154,-1.06579,54,2,4.8,False
ee,30,14943,51.30287,-0.32261,94,3,6.6,False
ee,30,14946,51.39489,-0.29914,41,2,5.8,False
ee,30,14951,52.88562,-1.28504,51,10,5.5,False
ee,30,14953,53.59182,-1.35375,40,5,15.5,False
ee,30,14954,53.40683,-2.92223,27,2,6.1,False
ee,30,14959,51.39428,0.11756,26,6,10.2,False
ee,30,14973,51.24217,-0.57367,92,4,7.2,False
ee,30,14974,51.27196,-0.00633,53,2,4.5,False
ee,30,14975,51.49977,-3.45946,168,4,6.1,False
ee,30,14981,52.94762,-1.25424,21,2,5.7,False
ee,30,14982,51.45505,-0.93166,21,2,2.4,False
ee,30,14983,52.91724,-1.44025,73,15,4.6,False
ee,30,14987,51.27444,0.57125,242,4,10.2,False
ee,30,15004,51.88352,-0.19968,63,2,5.5,False
ee,30,15011,51.15236,-0.15944,44,5,7.5,False
ee,30,15012,51.32711,-0.11859,171,13,6.4,False
ee,30,15013,51.4581,-0.16445,129,12,15.8,False
ee,30,15014,51.44014,-0.04922,108,6,7.2,False
ee,30,15017,51.91534,-0.47075,140,7,6.8,False
ee,30,15018,51.86033,-0.18131,35,2,9.5,False
ee,30,15026,52.66228,-1.83903,30,5,4.7,False
ee,30,15032,51.46431,-0.10333,286,19,8.8,False
ee,30,15035,52.56002,-1.82177,203,4,8.8,False
ee,30,15037,53.52794,-2.67359,33,2,2.5,True
ee,30,15053,51.46807,-0.01808,187,14,13.6,False
ee,30,15057,51.57511,-0.23387,28,5,4.3,False
ee,30,15058,51.44819,0.00641,325,17,9.1,False
ee,30,15061,52.82687,-1.60467,207,9,7.0,False
ee,30,15063,52.67624,-1.08679,160,11,8.6,False
ee,30,15069,51.51124,-0.58097,29,3,8.9,False
ee,30,15073,55.82292,-4.28821,140,4,8.5,True
ee,30,15074,51.47024,-1.02687,49,3,5.6,False
ee,30,15098,51.43864,-2.58456,55,3,4.1,True
ee,30,15106,55.82217,-4.25537,75,2,8.1,False
ee,30,15112,52.54537,-1.9656,51,2,9.7,False
ee,30,15117,51.87535,-0.41026,296,7,7.8,False
ee,30,15118,52.70307,-1.08887,214,11,7.3,False
ee,30,15124,51.48859,-0.27646,199,9,8.4,False
ee,30,15126,51.32835,-0.21359,81,2,7.1,False
ee,30,15129,55.8347,-4.23509,143,4,6.7,False
ee,30,15143,54.86106,-1.5749,44,2,7.6,False
ee,30,15152,51.27002,0.50691,81,4,16.3,False
ee,30,15155,52.59995,-1.67964,110,6,8.0,False
ee,30,15161,51.25788,-0.53806,46,4,5.5,False
ee,30,15175,51.29993,0.31689,25,3,5.8,False
ee,30,15181,53.38105,-0.70444,56,2,5.3,False
ee,30,15187,51.14076,0.85851,139,8,6.3,True
ee,30,15201,51.3687,0.61022,103,2,5.3,False
ee,30,15210,51.48566,0.02823,37,2,5.6,False
ee,30,15211,51.89899,-0.19826,40,2,4.5,False
ee,30,15213,54.87962,-2.92721,43,3,5.8,False
ee,30,15214,54.91944,-2.99601,158,5,5.5,False
ee,30,15220,51.37823,0.65418,21,2,4.8,False
ee,30,15235,51.50544,-0.26637,120,8,7.9,False
ee,30,15240,52.64718,-1.8375,86,2,7.8,False
ee,30,15243,52.79838,-2.05603,153,6,7.3,False
ee,30,15253,52.54708,-1.97003,57,2,8.4,False
ee,30,15255,53.44124,-2.54665,96,4,4.8,False
ee,30,15262,53.49667,-1.28829,66,4,9.1,False
ee,30,15269,51.49466,-0.25098,110,9,11.7,False
ee,30,15271,51.45288,0.19869,242,6,7.4,True
ee,30,15273,51.42851,-0.1011,122,9,7.2,False
ee,30,15274,51.49756,-0.39414,44,2,3.1,False
ee,30,15276,51.66422,-0.38743,65,4,6.7,False
ee,30,15279,53.43156,-2.95737,40,2,9.7,False
ee,30,15282,51.37459,-0.39709,29,2,4.5,False
ee,30,15286,54.92458,-1.6147,37,2,4.3,False
ee,30,15287,54.91666,-1.58238,72,2,7.3,False
ee,30,15288,52.4845,-1.80561,116,2,7.6,False
ee,30,15289,52.62638,-1.95347,32,3,5.2,False
ee,30,15293,53.47559,-3.02396,106,2,7.0,False
ee,30,15294,51.45039,-0.36373,71,6,12.9,False
ee,30,15297,51.11212,-0.18693,84,5,14.2,False
ee,30,15315,51.24555,-0.58223,81,4,8.3,False
ee,30,15318,51.99167,-0.72848,124,2,5.5,True
ee,30,15321,51.07523,-0.31338,44,2,8.2,False
ee,30,15322,51.23263,-0.16716,171,10,8.0,False
ee,30,15331,51.9346,-0.22425,125,2,5.2,False
ee,30,15333,52.87886,-1.50557,201,11,9.5,False
ee,30,15338,51.9102,-0.68487,75,2,11.4,False
ee,30,15342,51.51341,-0.23349,146,11,7.2,False
ee,30,15343,52.78722,-1.21595,34,9,11.6,False
ee,30,15346,51.27511,0.51742,78,5,12.4,False
ee,30,15349,51.38605,0.50824,62,4,7.5,False
ee,30,15357,51.54685,-0.09343,23,2,6.7,False
ee,30,15363,51.03585,-0.33151,100,2,6.7,False
ee,30,15364,51.2568,-0.54927,36,4,4.0,False
ee,30,15366,51.24168,-0.5754,76,4,5.7,False
ee,30,15369,51.40849,0.23974,111,3,11.6,False
ee,30,15373,51.44231,-0.18477,25,2,5.3,False
ee,30,15376,51.46241,0.01065,20,6,3.5,False
ee,30,15379,51.06373,-0.32213,201,2,9.4,False
ee,30,15380,51.07399,-0.3199,52,2,9.4,False
ee,30,15382,52.56853,-1.81314,86,4,6.9,True
ee,30,15385,51.61808,-0.37301,189,4,6.7,False
ee,30,15386,52.51306,-1.87378,122,2,7.5,False
ee,30,15401,52.6977,-2.49746,126,2,8.7,False
ee,30,15404,54.9018,-2.97526,43,3,4.7,False
ee,30,15426,51.60054,-3.78777,45,5,6.8,False
ee,30,15431,54.50692,-1.51774,38,2,6.2,False
ee,30,15439,50.86339,-0.08976,110,4,4.5,False
ee,30,15448,51.55009,-1.80064,31,2,5.3,False
ee,30,15462,54.56624,-1.3109,212,2,7.4,False
ee,30,15466,51.82841,-2.2839,79,3,8.2,False
ee,30,15473,53.0757,-0.79563,27,2,4.3,False
ee,30,15475,52.60508,-0.25695,57,2,4.1,False
ee,30,15495,50.85534,-0.16046,27,4,4.7,False
ee,30,15497,50.83221,-0.13905,38,4,9.0,False
ee,30,15498,50.88142,-0.1281,81,2,7.3,False
ee,30,15504,54.53779,-1.37167,121,2,7.6,False
ee,30,15510,53.22313,-2.86571,25,2,6.3,False
ee,30,15511,53.7412,-2.76047,23,3,16.7,False
ee,30,15522,51.39705,-0.64332,22,2,5.6,False
ee,30,15526,52.36068,-2.01697,76,3,6.3,False
ee,30,15527,52.35339,-1.93664,113,3,10.0,False
ee,30,15534,51.3742,-0.45077,66,4,4.4,True
ee,30,15541,53.01194,-2.20398,23,2,3.3,False
ee,30,15545,52.09563,-0.48316,20,6,10.3,False
ee,30,15550,51.39934,-0.65097,65,2,5.2,False
ee,30,15551,51.41172,-0.66097,204,2,6.3,True
ee,30,15559,51.46771,0.18155,108,2,5.2,False
ee,30,15568,51.34681,0.7146,53,2,5.9,False
ee,30,15576,51.54213,-0.12289,21,4,5.5,False
ee,30,15582,53.74993,-2.47409,26,2,10.0,False
ee,30,15590,52.68979,-1.82292,174,7,7.9,True
ee,30,15596,52.66944,-1.8302,24,2,6.2,False
ee,30,15597,53.51687,-1.33981,25,2,4.1,False
ee,30,15599,51.13958,0.8696,586,8,7.3,False
ee,30,15620,51.55903,-2.96874,25,2,8.2,False
ee,30,15623,50.83925,-0.21473,30,2,8.8,False
ee,30,15627,51.11003,0.27813,186,6,8.4,False
ee,30,15628,50.67548,-3.465,28,2,3.5,False
ee,30,15634,50.72475,-3.53086,67,2,10.3,False
ee,30,15645,52.92617,-2.03867,68,3,4.8,True
ee,30,15656,52.57691,-1.98998,42,2,9.0,False
ee,30,15682,54.63007,-1.52172,45,2,10.4,False
ee,30,15685,50.86876,-0.16224,144,4,9.0,False
ee,30,15686,53.21535,-1.42399,94,2,6.8,False
ee,30,15695,51.56163,-3.70846,122,4,7.3,False
ee,30,15731,54.56405,-1.32815,49,2,4.5,False
ee,30,15745,53.96803,-1.12216,44,2,4.2,False
ee,30,15749,54.77517,-1.58586,110,2,6.0,False
ee,30,15750,54.67201,-1.50453,51,2,7.3,False
ee,30,15756,51.51765,-3.86478,223,5,9.9,False
ee,30,15757,53.05261,-1.50782,64,2,8.4,False
ee,30,15769,51.87004,-2.22404,31,3,10.6,False
ee,30,15773,52.66018,-1.09829,98,11,7.9,False
ee,30,15775,52.85372,-1.5952,276,11,8.7,False
ee,30,15809,52.79573,-1.88698,64,5,4.9,False
ee,30,15810,51.57833,-1.78603,63,3,10.6,False
ee,30,15813,51.59074,-2.99062,32,3,8.9,False
ee,30,15824,54.58094,-1.40174,145,2,9.5,False
ee,30,15825,51.4929,-0.99206,216,3,5.9,False
ee,30,15836,50.83537,-0.25521,175,2,5.5,False
ee,30,15839,55.9758,-4.74002,55,2,7.3,False
ee,30,15844,52.86829,-1.61135,41,2,7.1,False
ee,30,15845,52.83218,-1.60512,343,9,10.6,False
ee,30,15846,51.55881,-0.1079,20,2,4.4,False
ee,30,15850,55.79832,-3.99868,51,2,8.2,False
ee,30,15852,52.89904,-1.36228,83,10,7.3,False
ee,30,15856,53.09267,-2.27063,77,3,7.1,False
ee,30,15864,51.44853,-2.55601,25,2,4.0,False
ee,30,15880,51.76181,-4.09988,78,4,6.1,False
ee,30,15885,51.47015,-0.1847,351,18,8.4,False
ee,30,15892,53.46329,-2.94545,84,2,9.3,False
ee,30,15893,50.71028,-3.54031,137,2,6.2,False
ee,30,15894,51.40836,0.00448,132,11,10.4,True
ee,30,15896,51.4435,0.14348,115,5,6.1,False
ee,30,15898,53.2161,-0.58965,32,2,3.6,False
ee,30,15904,51.10218,-0.25833,99,7,8.4,False
ee,30,15906,51.54975,-0.26299,281,11,8.4,False
ee,30,15909,51.46999,-0.1911,86,16,6.7,False
ee,30,15919,52.59677,-1.93166,37,4,4.0,False
ee,30,15928,51.5321,-0.19904,55,9,6.0,False
ee,30,15929,51.45946,-0.08121,152,13,8.1,False
ee,30,15936,51.38576,-0.15494,70,8,8.9,False
ee,30,15939,51.52832,-0.25719,511,14,7.8,False
ee,30,15947,53.38014,-1.41725,33,3,8.3,False
ee,30,15948,51.59969,-3.75598,111,5,7.9,False
ee,30,15957,51.52541,-2.55733,198,5,5.8,False
ee,30,15959,51.50917,-3.57487,123,4,7.9,False
ee,30,15961,51.46013,-0.96285,136,3,6.0,False
ee,30,15969,51.33933,-0.11381,323,13,12.2,False
ee,30,15972,51.90139,-2.09745,67,2,7.3,False
ee,30,15973,53.52223,-1.14839,250,5,7.9,False
ee,30,15974,51.92891,-2.07101,170,3,5.6,False
ee,30,15976,51.65753,-0.27341,68,6,13.0,False
ee,30,15977,51.34187,0.73043,98,2,8.3,False
ee,30,15982,51.39707,-0.09624,210,9,7.0,False
ee,30,15984,51.39936,-0.10202,224,9,9.4,False
ee,30,15987,53.43166,-1.33887,27,3,5.5,False
ee,30,15993,51.40394,-0.19482,88,4,7.2,False
ee,30,15994,51.38588,-0.15734,28,6,3.2,False
ee,30,16000,51.87935,-0.40851,44,7,5.2,False
ee,30,16001,51.31704,0.92242,24,3,2.8,False
ee,30,16002,51.5563,-0.22137,170,12,9.4,False
ee,30,16010,53.52883,-2.61748,39,2,4.3,False
ee,30,16012,52.66718,-1.69288,84,7,10.2,False
ee,30,16014,55.81017,-4.35745,56,2,7.7,False
ee,30,16030,51.46749,-0.28158,207,6,6.4,True
ee,30,16032,51.1729,0.00068,162,7,4.9,False
ee,30,16035,51.44397,-0.34425,39,7,2.6,True
ee,30,16036,53.53075,-2.93704,34,2,5.4,False
ee,30,16041,52.6327,-1.68014,111,8,7.5,True
ee,30,16042,52.69953,-1.08766,210,11,8.9,True
ee,30,16044,52.50747,-1.80646,145,4,8.3,False
ee,30,16074,51.50876,-2.44249,80,2,9.2,False
ee,30,16075,51.57716,-2.41543,30,2,4.2,False
ee,30,16079,51.54755,-2.41448,68,2,7.3,False
ee,30,16081,51.58171,-2.41946,30,2,5.3,False
ee,30,16085,51.50918,-2.39475,49,2,4.1,True
ee,30,16087,51.53607,-2.23988,31,2,6.9,False
ee,30,16097,52.19279,-0.37548,22,7,6.9,False
ee,30,16100,52.05735,-0.27792,24,4,5.4,False
ee,30,16101,52.23196,-0.54726,129,8,7.5,False
ee,30,16104,52.22645,-0.5313,249,8,5.1,False
ee,30,16183,52.66695,-0.37706,79,2,6.9,False
ee,30,16223,53.0369,-2.3451,43,3,6.1,False
ee,30,16228,53.17839,-2.48007,79,5,6.2,False
ee,30,16229,53.25762,-2.58628,122,5,5.7,False
ee,30,16231,53.10108,-2.33295,58,2,8.3,False
ee,30,16234,52.99405,-2.38256,165,8,5.4,False
ee,30,16236,53.1224,-2.45586,123,3,4.6,False
ee,30,16243,53.21963,-2.51531,119,3,6.8,False
ee,30,16244,53.06257,-2.51726,169,2,6.2,False
ee,30,16247,53.24562,-2.51279,26,3,3.7,False
ee,30,16248,53.034,-2.44633,90,5,3.7,False
ee,30,16249,53.08417,-2.43071,60,6,5.1,False
ee,30,16250,53.0797,-2.4465,125,7,5.9,False
ee,30,16254,53.08119,-2.38359,43,6,6.9,False
ee,30,16257,53.16151,-2.46755,38,3,3.3,False
ee,30,16258,53.27639,-2.61744,91,4,6.1,False
ee,30,16272,53.24391,-2.55601,37,4,3.1,False
ee,30,16360,54.25,-2.66139,239,3,7.0,False
ee,30,16364,54.80769,-2.84318,153,2,7.4,False
ee,30,16383,54.31627,-2.71621,173,3,7.5,False
ee,30,16384,54.36584,-2.66649,35,3,6.1,False
ee,30,16398,54.73092,-2.65211,52,2,5.8,False
ee,30,16399,54.9617,-2.65326,69,2,6.5,False
ee,30,16400,54.44183,-2.6008,134,2,8.9,False
ee,30,16402,54.31989,-2.73239,24,3,1.9,False
ee,30,16406,54.28626,-2.73684,25,3,4.0,False
ee,30,16407,54.49607,-2.66854,24,2,6.5,False
ee,30,16408,54.33958,-2.6253,44,3,7.8,False
ee,30,16417,54.95307,-2.99048,118,3,5.3,False
ee,30,16436,53.15827,-1.41839,23,3,7.9,False
ee,30,16448,53.19425,-1.40228,116,3,6.7,False
ee,30,16495,55.06305,-3.32495,71,3,9.1,False
ee,30,16496,55.0394,-3.50602,502,3,7.7,False
ee,30,16505,55.17617,-3.41716,35,2,4.4,False
ee,30,16506,54.96916,-3.08131,94,3,7.5,False
ee,30,16507,55.00621,-3.05471,354,3,6.0,False
ee,30,16526,55.03175,-3.16537,44,3,6.0,False
ee,30,16527,55.06437,-3.31134,145,2,6.4,False
ee,30,16528,55.27869,-3.41777,24,2,3.8,False
ee,30,16538,50.83263,-3.36942,99,2,8.3,True
ee,30,16683,50.91017,-0.01945,129,3,7.3,False
ee,30,16686,51.07908,0.77992,24,2,4.1,False
ee,30,16689,50.8391,-0.00632,123,2,9.0,False
ee,30,16690,50.80635,0.26245,171,3,8.2,False
ee,30,16692,50.78364,0.28267,48,3,4.7,False
ee,30,16701,50.84413,0.1793,131,2,5.4,False
ee,30,16790,51.68631,-2.40983,90,2,7.6,False
ee,30,16795,51.98908,-2.0939,40,2,5.4,False
ee,30,16797,51.75205,-2.29463,71,3,7.2,False
ee,30,16798,51.62441,-2.39109,97,2,5.8,False
ee,30,16799,51.6488,-2.41767,55,2,9.3,False
ee,30,16800,51.72245,-2.33734,64,2,6.3,False
ee,30,16801,51.61498,-2.40091,23,2,5.1,False
ee,30,16815,51.96466,-2.11863,61,2,5.2,False
ee,30,16911,51.78543,-3.01182,161,2,6.7,False
ee,30,16914,51.71413,-2.98911,207,2,7.0,False
ee,30,16916,51.89378,-2.98518,143,2,7.7,False
ee,30,16918,51.78884,-2.9727,120,3,5.4,False
ee,30,17070,51.90003,-2.7699,58,2,5.2,False
ee,30,17073,52.05507,-2.69283,114,2,5.3,False
ee,30,17074,52.34141,-2.01999,37,2,5.2,False
ee,30,17075,52.05886,-2.16455,111,2,8.3,False
ee,30,17082,52.17479,-2.72195,129,2,6.7,False
ee,30,17087,52.15001,-2.15772,63,2,5.3,False
ee,30,17088,52.30093,-2.0755,99,2,7.1,False
ee,30,17090,52.06841,-2.71625,148,2,6.3,False
ee,30,17100,52.05111,-2.69477,98,2,5.5,False
ee,30,17111,51.54554,-0.04145,32,2,4.2,False
ee,30,17126,53.50026,-1.3147,74,2,6.3,False
ee,30,17128,53.47908,-1.28211,156,4,6.1,True
ee,30,17131,52.5373,-1.79473,26,3,9.9,False
ee,30,17136,52.10504,-0.48782,178,8,6.6,False
ee,30,17142,51.50735,-0.5446,95,3,7.2,False
ee,30,17144,51.40022,-0.28411,32,2,4.9,False
ee,30,17153,52.35213,-2.00137,75,2,6.2,False
ee,30,17154,52.27696,-2.10297,30,2,3.3,False
ee,30,17162,52.13262,-0.48152,41,9,4.4,True
ee,30,17170,52.78685,-1.22037,59,10,4.3,False
ee,30,17190,52.79026,-1.25263,108,10,8.1,False
ee,30,17193,53.45901,-2.63172,55,3,3.9,True
ee,30,17194,52.79588,-2.09133,66,8,8.0,False
ee,30,17196,51.38627,0.1746,266,10,7.5,False
ee,30,17198,52.13673,-0.48301,149,9,7.5,False
ee,30,17206,52.87017,-1.27328,554,12,8.4,False
ee,30,17217,51.21466,0.24674,555,20,11.1,False
ee,30,17218,51.25086,-0.15856,91,10,8.5,False
ee,30,17220,51.28983,0.16852,37,14,4.6,False
ee,30,17221,51.05419,-0.35391,38,2,3.7,False
ee,30,17225,51.18446,0.28421,383,16,7.5,False
ee,30,17226,51.40444,0.06048,350,22,6.6,False
ee,30,17228,51.37296,0.20094,184,6,9.9,True
ee,30,17229,51.29664,0.45296,90,5,7.5,False
ee,30,17239,51.25537,-0.14548,58,10,5.0,True
ee,30,17240,51.27797,0.48476,49,5,5.1,False
ee,30,17244,52.58769,-2.12609,44,4,6.4,False
ee,30,17250,51.14011,0.86081,729,8,10.9,False
ee,30,17284,51.46743,0.72067,84,3,4.6,False
ee,30,17289,51.56925,-0.23162,107,7,4.9,False
ee,30,17293,52.59561,-1.90003,44,3,6.0,False
ee,30,17298,52.12821,-0.48258,38,7,3.4,False
ee,30,17309,51.28092,-0.08121,121,2,6.9,False
ee,30,17314,52.17127,-2.13925,40,2,4.1,False
ee,30,17315,52.11658,-2.14987,53,2,4.7,False
ee,30,17316,52.03253,-2.10874,22,2,8.2,False
ee,30,17317,51.46283,-0.06999,189,18,13.7,False
ee,30,17321,51.24051,-0.17035,190,11,6.3,False
ee,30,17326,51.37516,-0.33787,38,2,5.9,False
ee,30,17332,51.4801,-3.20619,31,4,2.9,False
ee,30,17334,51.46563,-0.02058,223,20,11.8,False
ee,30,17338,52.04454,-0.49356,146,7,5.6,False
ee,30,17341,51.4981,-0.07651,50,12,3.5,False
ee,30,17353,52.0907,-2.13143,30,2,5.5,False
ee,30,17354,52.33239,-2.03247,27,2,7.2,False
ee,30,17356,52.19985,-2.14161,48,2,6.6,True
ee,30,17362,52.06215,-2.70969,26,2,3.6,False
ee,30,17501,53.73212,-0.48385,43,4,3.3,True
ee,30,17513,53.49799,-0.52307,190,2,8.8,False
ee,30,17526,53.74599,-0.78807,200,2,7.1,False
ee,30,17555,51.23229,0.99516,179,3,7.3,False
ee,30,17556,51.26959,1.37427,338,2,8.8,False
ee,30,17558,51.30599,0.95913,186,3,10.6,False
ee,30,17559,51.09186,1.07072,61,4,9.0,False
ee,30,17560,51.18835,0.57598,127,5,10.6,False
ee,30,17566,51.18468,0.39658,41,5,4.1,False
ee,30,17572,51.15941,0.71739,156,5,5.7,False
ee,30,17576,51.0974,0.9973,505,7,10.5,False
ee,30,17586,51.18742,0.40247,110,7,11.4,False
ee,30,17589,51.09828,0.96675,229,4,6.4,False
ee,30,17592,51.17842,0.4478,54,5,9.0,False
ee,30,17593,51.3126,1.27923,342,2,9.3,True
ee,30,17616,51.2727,1.06796,65,3,6.6,True
ee,30,17625,51.09046,1.04361,48,4,5.5,False
ee,30,17628,53.88233,-2.3734,159,2,7.6,False
ee,30,17629,53.95021,-2.24927,147,3,7.8,False
ee,30,17630,53.81722,-2.47342,34,2,5.1,False
ee,30,17631,54.05846,-2.84364,24,3,4.7,False
ee,30,17632,53.96201,-2.76934,50,2,7.4,False
ee,30,17640,53.84554,-2.50665,159,2,8.3,False
ee,30,17646,54.11796,-2.78995,64,3,4.0,False
ee,30,17648,54.13067,-2.76705,130,3,7.7,True
ee,30,17654,52.78691,-0.88812,158,3,6.6,False
ee,30,17655,52.61973,-0.69531,130,2,5.9,False
ee,30,17656,52.57256,-1.02421,44,2,4.1,False
ee,30,17658,52.54251,-0.93658,215,6,10.3,False
ee,30,17659,52.67282,-0.72828,38,2,3.8,False
ee,30,17663,52.70114,-0.73828,56,2,6.8,False
ee,30,17665,52.7638,-0.88043,37,3,4.5,False
ee,30,17679,52.57443,-0.66613,180,2,8.3,False
ee,30,17680,52.53169,-0.94018,54,5,6.6,False
ee,30,17681,52.72868,-0.75248,314,2,6.6,False
ee,30,17682,52.55377,-1.03614,274,6,7.3,False
ee,30,17683,52.71213,-0.44348,54,2,5.6,False
ee,30,17687,52.48331,-0.88716,58,6,5.7,False
ee,30,17688,52.64359,-0.35122,33,2,9.6,False
ee,30,17689,52.90712,-0.6393,65,2,6.8,False
ee,30,17692,53.48407,-0.60149,137,2,6.6,False
ee,30,17702,53.49523,-0.5495,185,2,9.3,False
ee,30,17708,52.80056,-0.53394,123,2,5.0,False
ee,30,17709,53.17769,-0.75275,183,2,8.8,False
ee,30,17715,52.8364,-0.5731,105,2,4.7,False
ee,30,17716,52.66502,-0.38093,119,2,7.7,False
ee,30,17717,52.77478,-0.51749,45,2,4.7,False
ee,30,17718,52.72221,-0.48496,133,2,4.9,False
ee,30,17730,53.26312,-0.42921,74,2,6.5,True
ee,30,17731,52.74176,-0.46941,102,2,7.6,False
ee,30,17732,52.87614,-0.61217,38,2,4.8,False
ee,30,17734,53.46099,-0.35039,21,2,5.9,False
ee,30,17778,52.4736,-0.87908,108,7,7.5,True
ee,30,17779,52.30966,-1.09076,92,2,7.6,False
ee,30,17786,52.32127,-1.12372,48,2,8.6,False
ee,30,17789,52.38103,-0.72285,163,8,6.8,False
ee,30,17796,52.40073,-0.73278,95,8,6.9,False
ee,30,17801,52.3421,-0.68064,293,8,6.6,False
ee,30,17802,52.45238,-0.83761,54,6,6.8,False
ee,30,17819,52.27081,-0.6276,241,8,7.8,False
ee,30,17821,52.48224,-0.91128,84,6,7.4,False
ee,30,17822,52.29575,-0.63959,72,8,3.6,False
ee,30,17826,52.44018,-0.75913,36,7,5.4,False
ee,30,17828,52.43448,-0.84016,351,8,8.6,False
ee,30,17830,52.2945,-1.03477,63,2,5.9,False
ee,30,17831,52.33161,-1.13775,28,2,5.3,False
ee,30,17832,52.34044,-1.15253,28,2,5.8,False
ee,30,17835,52.31032,-0.99033,33,2,3.5,False
ee,30,17837,52.38494,-0.70122,115,8,6.9,False
ee,30,17842,52.30325,-1.08627,22,2,8.0,False
ee,30,17898,53.3333,-0.92551,75,2,6.0,False
ee,30,17902,53.15253,-0.80423,21,3,4.5,False
ee,30,17907,53.15369,-0.76781,29,3,5.6,False
ee,30,18004,53.80607,-1.22139,44,2,9.7,False
ee,30,18008,53.78916,-1.0604,224,2,6.0,False
ee,30,18011,54.34063,-1.44217,46,2,7.1,False
ee,30,18016,54.09828,-2.39543,199,2,10.1,False
ee,30,18017,54.01406,-2.24915,350,3,8.2,False
ee,30,18019,54.0475,-2.31224,350,3,9.3,False
ee,30,18023,54.22756,-1.36862,86,2,8.2,True
ee,30,18026,53.77835,-1.1478,95,3,6.6,False
ee,30,18031,53.77764,-1.09594,169,2,6.4,False
ee,30,18034,53.86769,-1.1818,127,2,6.1,True
ee,30,18040,53.71466,-1.06366,133,3,5.0,False
ee,30,18043,54.27118,-1.41674,44,2,5.0,False
ee,30,18044,53.83364,-1.19891,142,3,6.9,False
ee,30,18053,54.06689,-1.20527,72,2,5.5,False
ee,30,18055,54.15543,-1.28894,85,2,5.2,False
ee,30,18058,54.06871,-2.28343,20,2,5.5,False
ee,30,18075,54.09779,-2.49144,239,2,8.0,False
ee,30,18161,51.20294,-2.13305,39,2,5.6,False
ee,30,18166,53.88452,-2.40353,21,2,8.9,False
ee,30,18175,50.81616,-0.42255,83,2,6.0,False
ee,30,18176,50.81332,-0.55513,66,4,6.2,False
ee,30,18178,50.87101,-0.18334,20,4,3.6,False
ee,30,18180,50.81712,-0.36857,25,2,5.9,False
ee,30,18182,50.81404,-0.38458,44,2,6.1,False
ee,30,18183,50.8325,0.07643,59,3,6.1,False
ee,30,18186,50.82053,-0.33024,37,2,10.9,False
ee,30,18189,50.87167,-0.03273,55,2,7.0,False
ee,30,18194,50.77054,0.26639,43,3,5.4,False
ee,30,18195,50.82733,-0.30996,114,2,5.6,False
ee,30,18198,50.8536,0.01696,99,3,8.7,False
ee,30,18201,50.82264,-0.46719,32,2,4.8,False
ee,30,18202,50.81964,-0.35467,64,2,7.7,False
ee,30,18204,51.52467,-2.43322,78,2,6.7,False
ee,30,18211,54.47674,-2.65322,24,2,6.9,False
ee,30,18212,54.99007,-3.04194,178,3,6.3,False
ee,30,18248,51.09483,1.00342,72,4,6.0,False
ee,30,18260,51.28662,1.05096,166,3,8.1,False
ee,30,18261,51.28839,1.07315,62,2,6.7,False
ee,30,18264,51.14579,1.24933,78,2,5.8,False
ee,30,18287,52.38477,-1.25411,69,3,3.9,False
ee,30,18303,53.1011,-2.4394,105,2,7.4,False
ee,30,18308,53.1223,-2.47061,20,2,2.9,False
ee,30,18323,55.19193,-3.40495,29,2,6.5,False
ee,30,18324,55.29474,-3.44507,25,2,7.0,False
ee,30,18325,55.34552,-3.5455,108,2,8.6,False
ee,30,18327,55.0238,-3.16013,210,4,7.6,False
ee,30,18328,55.06833,-3.57188,70,2,5.1,False
ee,30,18338,54.29581,-1.4095,20,2,5.3,False
ee,30,18340,53.59282,-0.69787,87,2,6.8,False
ee,30,18341,53.58469,-0.64707,30,2,3.9,False
ee,30,18347,53.61274,-0.30669,53,2,7.4,False
ee,30,18349,53.57176,-0.76068,88,2,4.4,True
ee,30,18400,52.03644,-2.71774,45,2,5.5,False
ee,30,18403,52.03451,-2.70924,28,2,3.9,False
ee,30,18443,55.61982,-4.50555,103,2,8.7,False
ee,30,18483,54.02564,-2.81554,43,2,3.8,False
ee,30,18484,54.01467,-2.79861,27,2,7.6,False
ee,30,18485,54.0757,-2.81647,23,3,5.4,False
ee,30,18487,54.02114,-2.79382,35,2,2.7,False
ee,30,18493,54.33346,-2.72249,41,3,6.2,False
ee,30,18547,52.91196,-0.64327,50,2,2.4,True
ee,30,18620,50.80021,-0.65759,53,2,4.1,False
ee,30,18651,51.01222,-0.42537,86,2,4.8,False
ee,30,18652,51.01319,-0.45793,119,2,5.5,False
ee,30,18656,50.98828,-0.48244,46,2,6.2,False
ee,30,18657,50.94798,-0.52986,48,2,7.8,False
ee,30,18679,51.51783,-1.89244,133,2,6.9,False
ee,30,18728,52.70311,-2.70065,45,2,5.8,False
ee,30,18730,52.67974,-2.75126,61,3,6.2,True
ee,30,18734,52.36858,-2.70856,176,2,7.1,False
ee,30,18760,52.71472,-2.59095,29,2,5.2,False
ee,30,18768,50.96746,0.09847,22,2,3.4,False
ee,30,18802,52.07911,-2.12619,27,2,5.3,False
ee,30,18817,53.78095,-1.07073,203,2,8.1,False
ee,30,18819,53.70621,-1.09692,49,2,6.2,True
ee,30,18821,54.0744,-1.14834,111,2,5.3,False
ee,30,18825,54.08426,-2.82037,40,3,11.2,False
ee,30,18842,50.8154,-0.39874,110,2,5.6,False
ee,30,18843,50.78763,-0.59132,111,4,8.7,False
ee,30,18864,50.81804,-0.44206,40,2,6.5,False
ee,30,18875,52.88169,-2.18862,51,3,4.7,False
ee,30,18879,52.82696,-2.03128,59,3,8.7,False
ee,30,18887,52.90347,-2.24874,411,5,7.7,False
ee,30,18912,52.38067,-1.33984,39,2,4.8,False
ee,30,18919,52.37957,-1.2676,93,3,8.0,False
ee,30,19001,55.43612,-4.15815,36,2,6.9,False
ee,30,19118,51.16958,0.56507,254,5,5.9,False
ee,30,19127,51.18509,0.38327,73,6,4.2,False
ee,30,19132,52.32142,-2.0552,23,2,5.2,False
ee,30,19185,52.38263,-1.27095,99,2,5.6,False
ee,30,19205,51.13725,1.29812,170,2,9.3,False
ee,30,19209,50.82555,0.24336,70,2,6.9,False
ee,30,19210,50.93162,-0.06023,193,3,6.1,False
ee,30,19211,51.10196,0.17111,20,2,2.7,False
ee,30,19217,50.83782,-0.56678,393,4,7.7,False
ee,30,19225,50.79083,-0.67281,31,2,4.0,False
ee,30,19240,51.11017,-0.7714,104,2,4.9,False
ee,30,19241,51.03429,-0.35797,209,2,8.0,False
ee,30,19243,50.9509,-0.13131,142,5,6.5,False
ee,30,19245,50.98587,-0.13245,102,5,4.6,False
ee,30,19250,51.01586,-0.42125,39,2,9.6,False
ee,30,19265,53.55488,-1.16762,28,3,5.7,False
ee,30,19270,53.64074,-1.09146,33,2,4.7,False
ee,30,19273,51.54165,-2.10575,29,2,3.0,False
ee,30,19275,51.26109,-2.23472,33,2,2.3,False
ee,30,19307,51.5299,-1.97513,159,2,5.4,False
ee,30,19311,51.53021,-2.00543,94,2,5.1,False
ee,30,19321,51.54067,-1.91724,43,2,10.8,True
ee,30,19348,53.62786,-1.31658,38,2,5.3,False
ee,30,19349,53.64242,-1.31107,30,3,4.3,False
ee,30,19354,50.99838,-0.50637,26,2,4.5,False
ee,30,19429,52.62674,-2.77112,60,2,8.4,False
ee,30,19434,52.85271,-2.71826,178,2,7.4,False
ee,30,19435,52.64818,-2.50769,75,4,6.0,False
ee,30,19436,52.88779,-2.91789,104,3,5.6,False
ee,30,19440,53.00068,-2.65317,332,2,6.6,False
ee,30,19441,52.972,-2.67871,150,2,6.6,False
ee,30,19442,52.67844,-2.75126,86,3,5.0,False
ee,30,19443,52.73452,-2.73456,381,4,6.9,False
ee,30,19445,52.58869,-2.7746,129,2,7.2,False
ee,30,19456,52.78412,-2.72118,165,3,6.6,False
ee,30,19457,52.71704,-2.7436,36,4,5.8,False
ee,30,19459,52.96691,-2.68121,25,2,4.4,False
ee,30,19475,51.70108,-4.05311,32,2,13.8,False
ee,30,19561,52.3572,-0.72761,23,5,3.9,False
ee,30,19569,53.58395,-0.73387,174,2,6.9,False
ee,30,19570,53.71489,-0.46312,31,2,5.6,False
ee,30,19583,52.27657,-0.62568,23,7,4.9,False
ee,30,19584,52.23818,-0.56062,136,8,7.7,False
ee,30,19606,50.7842,0.28207,36,3,3.5,False
ee,30,19613,51.00059,0.14604,53,2,5.2,False
ee,30,19616,50.83723,0.10984,95,3,4.3,False
ee,30,19623,51.08627,1.01458,59,4,6.3,False
ee,30,19708,53.09637,-2.45286,118,9,4.0,True
ee,30,19734,52.39553,-0.74492,22,6,5.0,False
ee,30,19737,50.96545,-0.12276,45,5,4.0,False
ee,30,19775,52.70631,-2.74948,102,3,6.7,False
ee,30,19788,52.78483,-2.86135,140,2,5.6,False
ee,30,19799,52.09967,-2.14355,40,2,5.4,False
ee,30,19801,52.22066,-2.13247,66,2,7.7,False
ee,30,19809,52.57878,-1.08242,62,6,6.2,False
ee,30,19811,52.698,-0.43847,47,2,7.6,False
ee,30,19825,53.17826,-2.48355,28,3,4.1,False
ee,30,19828,53.16171,-2.45796,36,3,6.3,False
ee,30,19829,52.96965,-2.32731,180,4,7.6,False
ee,30,19830,53.00627,-2.36161,28,5,5.2,False
ee,30,19831,52.88294,-2.2044,58,5,5.8,False
ee,30,19832,52.94076,-2.26528,64,5,4.7,False
ee,30,19851,55.08973,-3.31398,68,2,4.8,False
ee,30,19941,53.56753,-1.18968,138,3,6.7,False
ee,30,19963,55.05588,-3.55988,73,2,6.3,False
ee,30,19973,53.58587,-0.69956,57,2,7.9,False
ee,30,19979,53.23849,-0.41808,35,2,4.7,False
ee,30,19986,53.27975,-0.41274,42,2,7.5,False
ee,30,19991,53.38837,-0.33644,69,2,7.3,False
ee,30,20013,52.77533,-0.50908,76,2,6.8,False
ee,30,20034,52.61437,-0.34635,32,2,4.2,False
ee,30,20036,53.86863,-1.17514,29,2,5.3,False
ee,30,20039,53.80573,-1.17013,108,2,4.1,False
ee,30,20052,53.60783,-0.4846,21,4,3.8,False
ee,30,20061,52.84245,-0.59014,33,2,5.1,False
ee,30,20071,54.94547,-2.96503,69,3,5.4,False
ee,30,20072,54.9389,-2.70002,49,3,6.6,False
ee,30,20078,54.37307,-2.67971,104,3,7.0,False
ee,30,20079,54.43627,-2.5959,35,2,5.9,False
ee,30,20081,54.36048,-2.67046,104,3,5.5,False
ee,30,20090,54.33307,-2.70797,22,3,2.5,False
ee,30,20091,53.94534,-2.77567,37,2,7.5,False
ee,30,20092,54.10021,-2.82929,47,3,4.6,False
ee,30,20094,53.90555,-2.71107,57,2,7.5,False
ee,30,20097,54.21635,-2.69546,24,3,3.8,False
ee,30,20107,53.09221,-2.28385,65,2,5.4,False
ee,30,20109,54.62319,-2.67725,51,2,5.8,False
ee,30,20236,50.81016,0.24334,35,2,2.8,True
ee,30,20269,53.05016,-1.48727,199,2,8.8,False
ee,30,20307,52.2902,-0.67878,243,8,6.7,False
ee,30,20308,52.30904,-1.09479,270,2,8.5,False
ee,30,20312,52.40046,-0.8705,79,6,4.6,False
ee,30,20326,51.5267,-1.99091,115,2,5.4,False
ee,30,20331,51.26681,-2.18387,47,2,5.1,False
ee,30,20332,51.26694,-2.14651,65,2,5.7,False
ee,30,20336,51.98439,-2.12239,69,2,4.9,False
ee,30,20345,51.60774,-2.39465,22,2,5.5,False
ee,30,20417,53.11832,-1.40646,216,3,6.6,False
ee,30,20427,52.43377,-0.74992,69,8,6.6,False
ee,30,20443,53.69669,-1.1009,140,2,5.1,False
ee,30,20464,50.8201,-0.50229,189,3,9.4,False
ee,30,20465,50.96305,-0.50953,26,2,6.6,False
ee,30,20466,50.95425,-0.52603,38,2,5.2,False
ee,30,20488,51.02744,-0.11673,139,5,7.9,False
ee,30,20497,50.81289,0.26234,22,2,2.3,False
ee,30,20502,50.97897,-0.12037,198,5,4.5,False
ee,30,20509,51.33544,0.92843,32,3,6.4,True
ee,30,20522,52.02021,-2.10077,24,2,3.8,False
ee,30,20554,53.75273,-0.77804,36,2,6.9,True
ee,30,20583,52.37004,-0.69298,131,8,5.4,False
ee,30,20611,50.77063,0.28722,74,3,8.3,False
ee,30,20616,51.36244,1.28606,341,2,6.7,False
ee,30,20625,50.80109,-0.60185,198,4,7.8,False
ee,30,20626,50.8296,-0.64449,200,2,7.4,False
ee,30,20629,50.81883,-0.45335,40,2,4.8,False
ee,30,20637,50.79832,0.2802,56,3,5.8,False
ee,30,20638,51.04579,0.19045,60,2,7.9,False
ee,30,20639,50.82619,-0.33502,242,2,6.5,False
ee,30,20643,50.62128,-0.9516,259,4,13.1,False
ee,30,20650,51.13183,0.90156,54,5,4.5,False
ee,30,20651,51.17736,0.4869,274,5,6.2,False
ee,30,20652,51.18113,0.44033,81,5,4.4,False
ee,30,20657,51.16465,0.62839,344,5,6.9,False
ee,30,20658,51.00718,-0.10045,114,5,6.9,False
ee,30,20663,50.91844,-0.14812,155,5,7.5,False
ee,30,20669,51.24938,1.1735,65,2,4.6,False
ee,30,20674,51.09528,1.13916,22,3,2.5,False
ee,30,20675,51.15518,0.77527,105,8,7.1,False
ee,30,20683,50.81093,-0.63152,35,2,3.8,True
ee,30,20684,50.923,-0.61102,48,2,5.2,False
ee,30,20759,51.17441,0.54337,50,5,4.7,False
ee,30,20762,50.82889,-0.68796,61,2,4.7,False
ee,30,20768,50.78518,0.05981,122,2,6.1,False
ee,30,20772,51.00309,-0.00607,39,2,4.0,False
ee,30,20781,51.00158,-0.15255,110,5,5.8,False
ee,30,20782,51.2084,0.97538,105,3,6.6,False
ee,30,20783,50.96,-0.13385,154,5,5.9,False
ee,30,20812,51.79592,-3.00216,176,2,5.9,False
ee,30,20813,51.83097,-3.01347,173,2,5.9,False
ee,30,20829,51.71545,-2.98491,221,2,6.7,False
ee,30,20838,52.14042,-2.70853,277,2,8.8,False
ee,30,20839,51.99086,-2.73929,209,2,6.6,False
ee,30,20840,52.02532,-2.741,120,2,10.9,True
ee,30,20841,51.95755,-2.87359,300,2,8.3,False
ee,30,20842,51.91026,-2.96509,202,2,7.7,False
ee,30,20856,51.68985,-4.06752,96,2,6.5,False
ee,30,20935,51.25523,-2.26487,99,2,8.5,False
ee,30,20945,51.32713,-2.19761,52,2,6.4,False
ee,30,21129,52.25892,-1.31547,91,3,6.1,False
ee,30,21133,52.31877,-1.07322,37,2,9.4,False
ee,30,21169,52.86693,-2.24149,58,5,4.4,False
ee,30,21183,51.74342,-2.30218,20,2,5.0,False
ee,30,21208,53.14872,-2.5681,39,4,5.9,False
ee,30,21218,52.93273,-2.24075,153,6,9.7,False
ee,30,21219,52.89402,-2.1574,76,2,4.2,True
ee,30,21222,53.14843,-2.23475,94,6,5.5,False
ee,30,21223,53.08731,-2.43044,390,9,8.9,True
ee,30,21247,52.26679,-2.14998,70,2,8.1,False
ee,30,21250,51.98907,-2.08846,88,2,8.4,False
ee,30,21266,51.55639,-1.88042,72,2,6.4,False
ee,30,21268,52.1786,-2.18251,124,2,6.9,False
ee,30,21277,51.72399,-2.44023,145,4,7.8,False
ee,30,21278,51.68257,-2.40017,22,2,6.1,False
ee,30,21282,51.98331,-2.07882,77,2,6.6,False
ee,30,21283,51.46977,-2.12449,26,2,2.6,False
ee,30,21284,51.52062,-2.45878,85,2,11.9,True
ee,30,21402,52.58773,-3.86602,370,2,9.1,False
ee,30,21462,51.00903,-0.12717,193,5,9.0,False
ee,30,21472,50.84641,-0.36826,56,2,5.5,False
ee,30,21473,50.80671,-0.28972,44,3,7.7,False
ee,30,21477,50.80961,-0.55336,88,4,5.7,False
ee,30,21484,50.94003,-0.13816,180,5,7.8,False
ee,30,21487,50.81654,-0.40747,138,2,6.1,False
ee,30,21492,50.81783,-0.48093,171,2,7.8,False
ee,30,21501,51.14684,0.11941,473,16,9.4,False
ee,30,21502,51.22687,0.20636,312,8,13.6,False
ee,30,21503,51.38383,1.36849,113,2,8.2,False
ee,30,21508,51.19399,1.04565,163,3,9.2,False
ee,30,21510,51.17199,0.94486,279,7,8.8,False
ee,30,21512,51.08923,1.01885,307,4,10.4,False
ee,30,21513,51.14526,0.25197,257,12,7.1,False
ee,30,21517,50.82144,0.2702,229,3,8.5,False
ee,30,21518,50.99308,0.93992,183,4,7.3,False
ee,30,21519,51.03686,-0.11587,32,6,4.9,False
ee,30,21520,50.89976,0.11931,130,6,14.0,False
ee,30,21528,50.93479,-0.04063,91,3,5.3,False
ee,30,21534,50.82791,0.18029,234,2,7.4,False
ee,30,21535,50.82823,0.07957,467,3,7.3,False
ee,30,21538,51.10278,1.1754,111,4,6.2,False
ee,30,21567,50.93852,-0.4072,35,2,5.5,False
ee,30,21568,50.98406,-0.42934,214,2,8.5,False
ee,30,21574,50.92359,-0.52166,263,2,7.0,False
ee,30,21577,50.92393,-0.4846,69,2,20.6,False
ee,30,21582,51.11375,0.26023,54,8,8.6,False
ee,30,21583,51.15574,1.26448,44,2,7.8,False
ee,30,21585,51.19796,1.35059,50,2,4.7,False
ee,30,21586,50.84957,0.0209,562,3,9.7,False
ee,30,21591,51.14592,1.29315,41,2,5.9,True
ee,30,21594,51.18499,0.39977,376,8,8.9,False
ee,30,21595,50.9714,0.11257,165,5,6.9,False
ee,30,21620,52.70834,-2.74283,386,2,10.7,False
ee,30,21627,55.19137,-3.83792,111,2,6.1,False
ee,30,21631,53.27573,-1.34491,26,2,10.5,False
ee,30,21642,52.29742,-1.00688,55,2,5.1,False
ee,30,21661,52.73284,-2.73852,31,4,4.8,False
ee,30,21665,52.52918,-0.90789,348,6,8.1,False
ee,30,21668,52.76661,-0.90119,21,3,5.1,True
ee,30,21677,52.7163,-2.7502,52,4,4.3,False
ee,30,21682,52.86956,-0.62917,26,2,4.9,False
ee,30,21683,54.10168,-2.8415,203,3,8.0,False
ee,30,21685,53.73463,-0.87249,111,2,7.8,False
ee,30,21710,53.04331,-2.39755,43,7,4.2,False
ee,30,21711,52.96479,-2.30832,126,7,7.4,False
ee,30,21712,53.07526,-2.38703,29,2,3.5,False
ee,30,21716,53.71214,-1.04782,131,2,7.9,False
ee,30,21717,53.62872,-1.17974,153,2,8.2,False
ee,30,21718,54.06975,-2.86308,103,3,7.5,False
ee,30,21720,54.33177,-2.72023,36,3,4.3,False
ee,30,21721,54.04514,-2.80966,107,3,6.9,False
ee,30,21725,53.77225,-1.1458,35,2,4.7,False
ee,30,21743,53.8853,-2.37098,70,2,5.0,False
ee,30,21747,53.67807,-0.86405,91,3,5.8,False
ee,30,21748,53.79034,-1.22827,123,2,6.1,False
ee,30,21754,53.60698,-1.21483,25,4,5.4,False
ee,30,21813,52.62787,-0.29664,34,2,11.0,False
ee,30,21928,54.32414,-1.39899,280,2,8.0,False
ee,30,21935,52.92119,-0.6436,38,2,3.7,False
ee,30,21936,52.86929,-0.6257,81,2,5.7,False
ee,30,21939,52.47649,-0.73099,106,5,8.9,False
ee,30,21940,52.47901,-0.90736,88,6,8.6,False
ee,30,21941,52.45368,-0.70589,68,3,4.7,False
ee,30,21943,52.40742,-0.7458,178,8,10.2,False
ee,30,21944,52.40306,-0.75314,444,9,7.5,False
ee,30,21973,53.21754,-0.48145,33,2,3.7,False
ee,30,21978,52.31508,-0.66805,34,8,4.3,False
ee,30,21979,52.26494,-0.64314,229,9,8.0,False
ee,30,21980,52.52828,-0.675,56,2,3.9,False
ee,30,21983,52.43416,-0.74479,24,6,5.2,False
ee,30,21985,52.44565,-0.78897,171,9,7.3,False
ee,30,21986,52.34967,-0.69409,43,8,4.5,False
ee,30,21987,52.54458,-1.02784,96,6,5.9,False
ee,30,21992,52.26191,-0.6287,26,4,4.3,False
ee,30,22001,53.42264,-0.6583,49,2,4.3,False
ee,30,22007,52.67724,-0.73465,221,2,6.0,False
ee,30,22012,52.80219,-0.52198,43,2,5.4,False
ee,30,22015,52.78497,-0.56949,22,2,11.8,False
ee,30,22020,52.63827,-0.7066,24,2,7.1,False
ee,30,22021,52.31413,-0.715,34,6,3.5,False
ee,30,22027,52.47588,-0.9136,46,6,6.2,False
ee,30,22037,53.59899,-0.33584,94,2,4.5,False
ee,30,22038,53.58881,-0.95923,37,2,10.6,False
ee,30,22040,53.49449,-0.44288,219,2,10.9,False
ee,30,22041,53.36518,-0.2841,70,2,3.5,False
ee,30,22043,53.6047,-0.84028,21,3,3.1,False
ee,30,22046,53.42137,-0.27377,161,4,5.2,False
ee,30,22056,54.06199,-1.20388,171,2,4.8,False
ee,30,22058,53.58769,-0.62933,177,4,12.0,False
ee,30,22070,53.59265,-0.60937,27,2,3.3,False
ee,30,22071,53.60802,-0.49372,89,2,5.3,False
ee,30,22072,53.45997,-0.48647,205,2,9.1,False
ee,30,22074,54.05567,-1.16192,76,2,5.9,False
ee,30,22077,53.50358,-0.54641,270,2,7.9,False
ee,30,22080,53.56691,-0.41185,516,2,9.1,False
ee,30,22083,53.54989,-0.46343,141,2,7.1,False
ee,30,22086,53.59518,-0.34355,53,2,8.8,True
ee,30,22091,54.40002,-1.29904,84,2,4.9,False
ee,30,22106,53.19884,-0.661,71,2,3.8,False
ee,30,22108,54.30583,-1.41281,125,2,7.0,False
ee,30,22109,54.22373,-1.38556,123,2,4.8,False
ee,30,22123,53.05045,-2.5231,26,2,2.6,False
ee,30,22126,52.96957,-2.67105,25,2,6.0,False
ee,30,22127,53.05315,-2.56675,195,2,6.5,False
ee,30,22130,52.99068,-2.66182,55,2,4.9,False
ee,30,22146,52.82982,-2.76286,287,3,6.0,False
ee,30,22147,52.878,-2.68928,442,2,6.9,False
ee,30,22149,52.7829,-2.72283,21,2,6.6,False
ee,30,22151,52.70857,-2.63396,152,2,7.3,False
ee,30,22152,52.72884,-2.76094,159,4,9.5,False
ee,30,22153,52.64935,-2.74006,387,4,8.5,True
ee,30,22155,52.78035,-2.78737,47,3,7.3,False
ee,30,22156,52.5432,-2.78288,432,2,9.1,False
ee,30,22157,52.55599,-2.88242,472,2,9.6,False
ee,30,22159,52.4013,-2.88349,131,2,9.0,False
ee,30,22160,52.31127,-2.73386,50,2,4.7,False
ee,30,22161,52.31908,-2.7227,111,2,7.9,False
ee,30,22163,52.30212,-2.68312,119,2,5.1,False
ee,30,22166,52.24505,-2.68665,383,2,6.9,False
ee,30,22167,52.22538,-2.68134,195,2,7.1,False
ee,30,22183,52.70643,-2.60798,81,2,6.9,False
ee,30,22187,52.8688,-2.69212,85,2,8.5,False
ee,30,22188,53.86937,-2.71463,62,2,6.6,False
ee,30,22189,53.92917,-2.76956,57,2,4.2,False
ee,30,22190,54.05464,-2.8095,89,4,6.1,False
ee,30,22191,54.0015,-2.78042,100,2,5.7,False
ee,30,22192,54.05867,-2.83175,92,4,5.0,True
ee,30,22193,54.30212,-2.76339,169,4,6.9,False
ee,30,22195,54.20165,-2.80447,154,3,7.7,False
ee,30,22197,54.05234,-2.29802,170,3,6.4,False
ee,30,22198,54.01118,-2.31111,415,3,7.8,False
ee,30,22200,54.39093,-2.61701,294,3,9.4,False
ee,30,22201,54.51305,-2.68952,102,2,6.3,False
ee,30,22202,54.703,-2.71412,181,2,6.9,False
ee,30,22203,54.57658,-2.68363,165,2,9.4,True
ee,30,22204,54.81744,-2.90572,33,3,5.8,False
ee,30,22205,54.08647,-2.57864,179,2,6.7,False
ee,30,22206,54.23385,-2.68121,97,3,4.7,False
ee,30,22207,54.15125,-2.60067,30,2,4.3,False
ee,30,22209,54.00404,-2.20402,85,3,8.1,False
ee,30,22214,54.02802,-2.10701,104,3,7.6,False
ee,30,22219,53.91309,-2.31974,197,2,8.5,False
ee,30,22225,54.88881,-2.86412,25,2,4.5,False
ee,30,22328,55.01982,-3.09184,334,3,7.7,False
ee,30,22329,55.06524,-3.21841,38,2,6.4,False
ee,30,22330,55.08629,-3.36025,290,2,7.7,False
ee,30,22331,55.25683,-3.41174,250,2,7.0,False
ee,30,22332,55.33354,-3.5021,296,2,10.1,False
ee,30,22333,55.43892,-3.21383,37,2,8.0,False
ee,30,22336,55.0237,-3.26087,355,2,6.9,False
ee,30,22337,55.07728,-3.49619,410,3,7.1,False
ee,30,22347,55.07748,-3.66738,68,2,6.2,False
ee,30,22348,55.09335,-3.55538,39,2,6.7,False
ee,30,22368,54.99865,-3.29836,35,2,4.1,False
ee,30,22609,52.26884,-0.6206,134,8,7.1,False
ee,30,22619,51.02187,0.3587,23,3,4.8,False
ee,30,22626,51.05809,-0.14229,158,5,6.0,False
ee,30,22648,53.28322,-0.73645,130,2,7.8,False
ee,30,22650,52.85147,-2.18604,55,6,7.6,False
ee,30,22652,52.29413,-2.09148,55,2,6.1,False
ee,30,22653,52.39614,-1.37589,23,2,5.7,False
ee,30,22664,52.10236,-2.12268,31,2,6.7,False
ee,30,22668,52.68361,-2.76481,111,4,8.4,False
ee,30,22669,52.7076,-2.72845,168,4,7.4,False
ee,30,22670,52.7371,-2.71884,87,3,5.9,False
ee,30,22672,52.73582,-0.92777,131,3,6.4,False
ee,30,22676,52.32019,-0.71431,287,8,7.9,False
ee,30,22685,53.09966,-2.43743,108,5,7.3,False
ee,30,22686,53.12572,-2.45776,77,4,5.0,False
ee,30,22687,53.06786,-2.46882,167,2,6.4,False
ee,30,22692,53.28719,-2.59838,84,3,5.3,False
ee,30,22697,52.9056,-0.64069,43,2,5.2,False
ee,30,22700,53.14497,-0.74845,38,2,6.8,False
ee,30,22709,52.49151,-0.68061,115,2,5.8,False
ee,30,22715,53.08784,-2.32198,45,2,5.2,False
ee,30,22722,53.59117,-0.64317,55,2,7.4,False
ee,30,22769,52.50468,-0.93733,87,7,6.0,False
ee,30,22857,51.971,-2.8646,179,2,7.2,False
ee,30,22885,54.16743,-1.31053,127,2,6.6,False
ee,30,22945,52.39865,-1.23306,59,3,5.4,False
ee,30,22988,52.0565,-2.70457,79,2,5.1,False
ee,30,23384,51.26633,1.04358,32,3,9.1,False
ee,30,23389,53.57477,-0.50279,22,2,5.1,True
ee,30,23394,52.06135,-2.72202,34,2,11.8,False
ee,30,23395,52.75933,-0.86309,224,3,6.2,False
ee,30,23403,51.26332,1.07327,33,3,3.6,False
ee,30,23436,52.38358,-2.78602,238,2,6.3,False
ee,30,23566,53.5401,-0.49799,47,2,5.1,False
ee,30,23567,52.71021,-2.75434,133,4,7.5,True
ee,30,23579,50.91089,-0.14919,23,4,5.5,False
ee,30,23595,51.07988,-0.16127,124,5,4.9,False
ee,30,23603,52.36673,-1.21728,37,3,5.8,False
ee,30,23616,51.17325,0.50693,169,5,5.6,False
ee,30,23619,53.6644,-1.12254,106,2,6.2,False
ee,30,23784,51.39773,-0.07349,41,8,6.1,False
ee,30,23864,51.07008,-0.14422,78,5,6.0,False
ee,30,23952,51.46451,-0.03635,32,9,5.6,False
ee,30,23955,51.47645,-0.0353,26,8,4.4,False
ee,30,23958,51.47032,-0.02229,51,14,6.5,False
ee,30,24098,55.30324,-3.44315,27,2,4.5,False
ee,30,24363,51.41709,-0.13692,50,11,4.3,False
ee,30,24364,51.46211,-0.11435,31,14,4.9,False
ee,30,24396,51.81524,-3.004,81,2,8.0,False
ee,30,24681,53.2431,-1.41784,54,3,10.4,True
ee,30,24728,52.56504,-1.75279,41,5,10.0,False
ee,30,24774,51.4006,0.01889,24,8,4.9,False
ee,30,24828,50.81909,-0.44023,78,2,5.2,False
ee,30,24831,51.46871,-0.96689,54,3,6.4,False
ee,30,24948,52.36682,-1.23016,148,3,5.4,False
ee,30,25164,52.60564,-2.1155,61,4,8.1,False
ee,30,25172,51.20469,0.28462,541,21,7.4,False
ee,30,25174,52.70013,-1.78147,606,12,8.9,False
ee,30,25178,53.894,-1.1633,27,2,5.1,True
ee,30,25194,53.20502,-0.58193,46,2,15.2,False
ee,30,25195,52.95443,-1.18733,83,3,6.7,False
ee,30,25223,52.8056,-2.12854,221,8,7.8,False
ee,30,25242,52.78405,-1.66441,140,9,11.8,False
ee,30,25247,52.99326,-2.334,162,5,6.7,False
ee,30,25267,53.25966,-2.59327,138,4,5.1,False
ee,30,25410,53.01546,-2.37645,97,5,6.2,False
ee,30,25416,53.03286,-2.20329,80,2,6.2,False
ee,30,25418,53.14477,-2.21263,54,2,5.4,False
ee,30,25419,52.77823,-1.9464,140,6,5.8,False
ee,30,25424,52.78281,-1.97008,190,6,7.7,False
ee,30,25426,53.18318,-2.48499,71,3,3.8,False
ee,30,25497,51.43115,0.02149,27,16,12.7,False
ee,30,25538,52.49657,-1.85788,189,6,6.5,False
ee,30,25552,52.8003,-2.07099,75,6,5.1,False
ee,30,25601,53.0869,-2.24461,70,3,5.7,False
ee,30,25620,52.87206,-2.19818,174,6,7.7,True
ee,30,25621,53.07328,-2.24432,44,3,7.1,False
ee,30,25654,54.87983,-2.92333,131,6,8.1,False
ee,30,25657,51.14147,0.87044,25,4,5.6,False
ee,30,25661,54.83244,-3.18724,236,2,11.1,False
ee,30,25664,51.44213,-0.14835,115,6,9.1,False
ee,30,25671,51.29831,-0.06575,65,6,5.7,False
ee,30,25673,51.11419,-0.16905,305,10,10.9,True
ee,30,25676,51.20946,0.21113,104,4,8.6,False
ee,30,25681,53.58416,-1.05116,58,4,7.2,False
ee,30,25683,51.46288,-0.92699,95,3,5.1,False
ee,30,25684,51.7669,-0.55501,135,2,6.3,False
ee,30,25689,51.25522,0.19168,165,18,7.8,False
ee,30,25708,55.83658,-4.14427,34,3,5.3,False
ee,30,25717,52.14326,-0.50321,238,9,8.0,True
ee,30,25722,53.38997,-1.44635,32,2,5.2,False
ee,30,25726,53.4437,-2.94889,62,2,6.6,False
ee,30,25732,53.74564,-2.49108,30,3,4.3,False
ee,30,25736,51.51791,-2.52939,244,4,4.9,False
ee,30,25740,51.3007,-0.06491,32,2,4.0,False
ee,30,25744,54.89331,-3.22589,72,2,7.1,False
ee,30,25747,51.19354,0.821,118,4,8.0,False
ee,30,25748,51.4349,-0.5309,38,3,6.4,False
ee,30,25766,53.52817,-1.13063,106,5,8.6,False
ee,30,25767,51.44382,-0.89156,21,3,12.1,False
ee,30,25769,51.54637,-2.40571,40,5,4.0,False
ee,30,25770,51.15339,0.89171,44,3,10.8,False
ee,30,25774,54.88614,-2.93543,153,6,6.9,False
ee,30,25784,52.60232,-2.12366,75,4,5.7,True
ee,30,25792,52.91844,-1.27116,54,4,7.0,False
ee,30,25799,51.41459,0.03994,121,17,4.5,False
ee,30,25803,51.42869,-2.54445,42,3,5.8,False
ee,30,25812,51.24624,-0.23054,34,4,5.2,False
ee,30,25817,52.4072,-1.96736,38,2,5.4,True
ee,30,25820,51.40665,0.00301,115,9,7.2,False
ee,30,25825,51.56615,-0.30361,192,4,8.1,False
ee,30,25829,51.24157,-0.18383,45,6,5.7,False
ee,30,25835,51.24324,-0.1987,352,12,8.2,True
ee,30,25837,51.38322,-0.02707,95,12,5.2,False
ee,30,25847,51.71354,-0.34645,56,6,9.2,False
ee,30,25848,51.66254,-2.96342,238,2,8.6,False
ee,30,25853,51.55661,-0.19701,173,6,6.5,False
ee,30,25861,52.11141,-0.47607,59,8,3.4,False
ee,30,25864,51.47777,-0.23822,301,11,10.1,False
ee,30,25866,52.9642,-1.03242,56,2,5.5,False
ee,30,25868,53.29195,-1.44437,22,2,5.0,False
ee,30,25881,54.9342,-1.60879,24,2,9.3,False
ee,30,25923,55.82592,-4.19802,67,2,6.2,False
ee,30,25930,51.3405,0.76022,40,2,7.0,False
ee,30,25932,52.11589,-0.48014,23,6,5.0,False
ee,30,25938,51.39396,0.5053,98,6,6.5,False
ee,30,25947,51.29185,0.48351,38,5,4.8,True
ee,30,25952,51.1165,-0.18895,159,3,5.9,False
ee,30,25958,51.58819,-2.95988,130,3,6.3,False
ee,30,25959,51.79204,-0.58872,199,2,7.0,False
ee,30,25967,51.52003,-0.26791,147,10,7.3,False
ee,30,25968,52.15393,-0.50267,233,8,4.8,False
ee,30,25971,51.37212,0.09925,350,23,11.5,False
ee,30,25985,54.47583,-1.46303,41,2,7.1,False
ee,30,25995,54.81709,-1.4481,35,2,6.7,False
ee,30,26005,51.44808,-0.36252,138,7,5.9,False
ee,30,26006,51.43907,-0.99239,24,3,9.2,False
ee,30,26030,51.30838,-0.13874,48,10,4.8,False
ee,30,26031,54.58055,-1.23502,53,2,6.3,False
ee,30,26033,52.10491,-0.48976,21,7,4.8,True
ee,30,26043,51.08567,-0.28729,122,2,6.8,False
ee,30,26044,51.49025,-0.11034,184,10,5.7,False
ee,30,26096,51.3146,0.87187,120,3,10.3,False
ee,30,26102,51.4072,-0.02209,229,7,10.9,False
ee,30,26107,51.13141,-0.12579,72,5,9.0,False
ee,30,26117,52.64527,-1.11163,219,11,8.4,False
ee,30,26133,51.24077,-0.57818,57,4,5.9,False
ee,30,26143,51.87034,-2.19443,28,2,3.2,True
ee,30,26159,51.46368,-0.03984,414,18,7.3,False
ee,30,26177,51.45856,-0.98666,23,3,7.2,False
ee,30,26181,51.52214,-0.25534,40,9,13.8,False
ee,30,26182,51.42014,-0.14175,40,13,4.6,False
ee,30,26193,53.74548,-2.48008,60,3,8.5,False
ee,30,26194,53.73681,-2.49918,26,2,3.9,False
ee,30,26199,51.27649,0.51733,267,5,13.2,False
ee,30,26210,51.48017,-0.82626,56,2,7.6,False
ee,30,26218,51.54129,-3.39732,189,3,11.2,False
ee,30,26219,51.50967,-3.58416,68,3,9.4,False
ee,30,26237,53.73106,-2.53151,92,3,9.9,False
ee,30,26243,52.72367,-1.74382,235,10,6.6,False
ee,30,26247,51.70553,-3.74815,36,4,7.6,False
ee,30,26250,53.32545,-2.6557,112,5,4.1,False
ee,30,26251,53.31526,-2.68918,25,2,4.2,False
ee,30,26252,51.55795,-0.11232,37,2,5.5,False
ee,30,26254,52.38749,-1.97838,86,3,5.6,False
ee,30,26258,51.94808,-0.51,25,6,2.6,False
ee,30,26264,53.19826,-0.56227,30,2,4.2,False
ee,30,26265,53.19403,-0.59153,65,2,6.0,False
ee,30,26275,51.39394,0.10769,129,9,5.8,False
ee,30,26286,51.32647,0.83927,127,2,8.1,False
ee,30,26292,51.49993,-0.78641,99,2,6.4,False
ee,30,26297,53.96545,-1.10556,236,2,5.7,False
ee,30,26299,51.51777,-2.48435,282,5,7.9,False
ee,30,26307,52.50621,-1.94839,43,2,4.4,True
ee,30,26310,51.48951,-1.0679,151,3,8.7,False
ee,30,26313,52.57713,-0.25704,31,2,6.1,False
ee,30,26319,52.26034,-0.9059,122,2,4.3,False
ee,30,26323,50.85388,-0.10932,70,2,7.0,False
ee,30,26337,53.38265,-2.61003,87,4,4.6,False
ee,30,26356,51.44287,-0.32501,278,6,9.3,False
ee,30,26358,52.4848,-1.83969,46,2,8.0,False
ee,30,26362,52.63209,-1.12164,106,11,8.6,False
ee,30,26363,51.23988,-0.35224,226,6,5.2,False
ee,30,26374,51.19687,0.07375,144,7,8.6,False
ee,30,26375,51.54331,-0.08097,30,2,4.4,False
ee,30,26381,51.65528,-3.82476,52,5,6.8,False
ee,30,26382,51.66709,-3.79321,156,5,8.7,False
ee,30,26384,51.50105,-0.10413,21,11,5.4,False
ee,30,26388,54.51581,-1.53973,24,2,4.9,True
ee,30,26398,51.99964,-0.49653,335,7,6.3,False
ee,30,26411,51.12853,-0.01838,32,2,4.5,False
ee,30,26416,52.81956,-1.68276,25,4,3.3,False
ee,30,26419,53.22405,-0.54457,49,2,4.7,False
ee,30,26439,53.22771,-0.5355,24,2,2.9,False
ee,30,26441,50.83825,-0.14285,52,4,6.4,True
ee,30,26446,53.20968,-0.56981,81,2,5.9,False
ee,30,26448,51.55853,-0.15495,117,9,13.3,False
ee,30,26459,52.50283,-1.83595,54,5,3.4,False
ee,30,26461,52.53295,-1.83285,122,4,7.5,False
ee,30,26475,52.50311,-1.87239,74,2,7.1,False
ee,30,26479,52.06233,-0.48905,72,7,9.4,False
ee,30,26480,51.64851,-0.39062,40,3,8.4,False
ee,30,26484,51.50752,-0.28577,27,4,4.9,False
ee,30,26485,51.50445,-0.26398,101,9,12.6,False
ee,30,26495,51.93802,-0.26036,22,2,3.9,False
ee,30,26496,52.47647,-1.77269,24,2,4.1,False
ee,30,26500,52.2577,-0.89171,39,2,3.8,False
ee,30,26504,51.86424,-0.77639,71,2,5.3,False
ee,30,26508,55.96811,-4.67061,77,2,7.3,False
ee,30,26511,52.81442,-1.66278,49,9,4.6,False
ee,30,26534,51.24783,-1.19029,56,2,6.2,False
ee,30,26535,51.2409,-1.18412,75,2,6.4,False
ee,30,26537,51.37168,-0.20314,225,7,9.3,False
ee,30,26538,51.54346,-0.28435,23,7,2.3,True
ee,30,26539,51.62967,-3.75565,162,5,9.4,False
ee,30,26544,55.83654,-4.27372,33,4,4.1,False
ee,30,26574,52.54149,-1.47994,126,3,6.4,False
ee,30,26583,51.49324,-0.19544,111,3,7.4,False
ee,30,26587,51.92508,-2.08279,69,2,8.9,True
ee,30,26601,53.53942,-2.61275,33,4,6.1,False
ee,30,26603,51.6115,-0.25316,21,7,1.9,False
ee,30,26604,52.49316,-1.87132,84,6,6.7,False
ee,30,26606,53.53149,-1.16387,269,5,12.1,False
ee,30,26614,55.85579,-4.2871,36,2,5.1,False
ee,30,26615,53.51266,-1.13622,90,4,6.2,False
ee,30,26660,52.55069,-1.27783,84,2,6.3,False
ee,30,26662,53.54767,-1.08698,120,5,5.7,False
ee,30,26664,52.66041,-1.10028,122,11,9.8,False
ee,30,26684,51.47612,-0.11024,119,17,5.8,False
ee,30,26704,52.72437,-1.67516,93,10,6.3,True
ee,30,26705,51.32985,-0.52471,92,2,4.8,False
ee,30,26708,51.43644,0.11917,238,22,9.8,False
ee,30,26723,51.39293,0.44476,299,6,10.8,False
ee,30,26728,51.42611,0.16499,101,5,6.6,False
ee,30,26740,51.85481,-0.65697,54,2,2.5,False
ee,30,26743,55.7812,-4.02955,27,2,7.3,False
ee,30,26748,51.13701,-0.15751,60,5,7.1,False
ee,30,26750,51.23139,0.21012,189,19,9.0,False
ee,30,26763,51.56466,-0.22782,179,8,7.3,False
ee,30,26773,51.30125,-0.24224,95,5,7.5,False
ee,30,26775,51.51189,-0.71222,85,2,4.7,False
ee,30,26777,51.31673,-0.13516,209,11,10.8,False
ee,30,26784,51.48354,-3.19565,23,2,6.7,True
ee,30,26787,51.23801,-0.32794,70,4,6.1,False
ee,30,26788,52.95163,-1.46981,35,4,5.0,False
ee,30,26789,52.68944,-1.73007,247,9,6.7,False
ee,30,26796,51.79075,-0.33069,34,6,3.5,False
ee,30,26807,51.11472,-0.22231,87,2,7.5,False
ee,30,26835,52.89896,-1.56364,157,11,6.5,False
ee,30,26839,51.28375,0.49736,70,5,5.1,False
ee,30,26841,51.30184,-0.12668,147,11,5.3,False
ee,30,26842,51.309,-0.14587,62,11,6.4,False
ee,30,26850,53.6539,-1.3135,24,2,10.3,False
ee,30,26864,51.28752,-0.37562,30,4,5.3,False
ee,30,26872,51.38587,0.54843,100,3,6.5,False
ee,30,26874,52.1735,-0.50522,408,8,5.7,False
ee,30,26877,52.07786,-0.5232,65,7,5.6,False
ee,30,26889,51.25611,0.47692,74,3,3.2,False
ee,30,26893,51.27183,0.56102,48,3,5.0,False
ee,30,26896,51.12951,0.87672,62,6,5.1,False
ee,30,26897,51.12953,0.89997,245,6,9.3,False
ee,30,26905,51.57464,-2.95858,99,5,4.7,False
ee,30,26906,51.09416,-0.15685,67,5,13.7,False
ee,30,26917,52.62669,-0.31323,111,2,5.4,False
ee,30,26937,51.5285,-0.60037,27,3,3.6,True
ee,30,26940,51.82456,-0.65486,84,2,4.0,False
ee,30,26945,51.18313,0.32397,25,5,3.4,False
ee,30,26946,51.33579,-0.11101,34,13,6.4,False
ee,30,26967,51.32394,-0.12778,84,10,6.2,False
ee,30,26968,51.33499,-0.11566,79,9,8.2,False
ee,30,26992,53.54272,-2.6259,107,4,5.1,False
ee,30,27025,51.4559,-0.31218,45,5,4.7,False
ee,30,27040,51.32981,-0.07732,83,2,7.0,False
ee,30,27041,52.63271,-2.14259,116,4,5.3,False
ee,30,27043,51.56949,-3.00831,63,2,7.3,False
ee,30,27048,52.7478,-1.72065,254,9,5.9,False
ee,30,27051,51.24431,0.67483,70,3,10.1,False
ee,30,27065,51.39248,-0.53445,164,4,6.8,False
ee,30,27066,51.6125,-2.9984,107,2,8.0,False
ee,30,27067,51.39818,-0.54856,128,4,9.8,False
ee,30,27068,51.59573,-2.96755,136,4,6.3,False
ee,30,27078,51.31062,-0.07695,91,2,5.7,False
ee,30,27083,54.58221,-1.33049,56,2,7.8,False
ee,30,27087,51.45519,-0.94152,45,2,4.7,False
ee,30,27094,51.47164,-0.97622,298,4,10.6,False
ee,30,27102,52.63245,-1.68434,98,8,15.1,False
ee,30,27105,51.41471,-0.78793,198,3,6.9,False
ee,30,27110,53.23772,-1.41989,25,3,10.1,False
ee,30,27117,51.29856,-0.33664,100,3,6.0,False
ee,30,27120,51.29672,-0.33297,47,3,5.6,False
ee,30,27122,51.29604,0.19188,190,17,8.7,False
ee,30,27123,51.14112,-0.00334,49,4,8.0,False
ee,30,27130,52.52968,-1.46513,70,3,6.4,False
ee,30,27145,51.5964,-1.15415,43,3,9.2,False
ee,30,27147,51.2501,-0.13965,67,9,7.1,True
ee,30,27150,52.87972,-1.50551,73,10,13.2,False
ee,30,27157,55.82176,-4.25968,29,2,6.5,True
ee,30,27160,53.60153,-1.31709,27,2,8.2,False
ee,30,27162,51.44947,0.30153,57,7,6.3,False
ee,30,27166,51.36555,-0.48158,111,4,6.4,False
ee,30,27174,51.35325,-0.48433,50,3,5.6,False
ee,30,27175,53.59922,-1.31888,20,2,4.8,False
ee,30,27180,51.82566,-2.26662,44,4,4.5,False
ee,30,27182,52.66069,-1.10178,52,11,8.9,False
ee,30,27184,51.2351,-0.15345,24,7,3.9,False
ee,30,27189,52.53378,-1.93359,86,2,9.1,False
ee,30,27195,51.46908,-1.00568,22,2,4.9,False
ee,30,27199,51.20689,-0.5875,289,5,8.5,False
ee,30,27217,53.75933,-2.47114,41,3,9.8,False
ee,30,27263,53.41841,-1.40865,89,2,7.7,False
ee,30,27265,51.85416,-0.18221,26,2,5.7,False
ee,30,27266,51.36581,-0.47968,23,4,4.2,False
ee,30,27272,54.54342,-1.34487,68,2,7.3,False
ee,30,27292,51.52709,-3.03857,88,3,5.4,False
ee,30,27295,53.72208,-2.70637,75,4,7.1,False
ee,30,27296,52.72762,-1.85774,59,6,5.9,False
ee,30,27299,53.59748,-3.05794,28,2,6.2,False
ee,30,27300,51.48394,-0.12316,148,6,5.2,False
ee,30,27302,51.25352,-0.1553,26,6,4.9,False
ee,30,27318,53.48995,-1.29194,172,4,6.0,False
ee,30,27323,52.7131,-1.05162,24,8,7.3,False
ee,30,27326,51.34331,0.1318,63,17,7.2,True
ee,30,27338,51.21816,-0.05987,155,5,5.6,False
ee,30,27339,51.30289,0.43975,98,5,10.0,False
ee,30,27346,51.30374,0.46154,84,3,10.9,False
ee,30,27349,53.59696,-1.28824,130,2,6.9,False
ee,30,27351,51.31799,-0.13381,154,10,6.7,False
ee,30,27354,53.56982,-1.12591,99,5,8.5,False
ee,30,27360,53.69747,-2.68629,26,2,5.4,False
ee,30,27376,51.29832,0.13841,202,20,7.8,False
ee,30,27379,51.39162,0.02294,178,12,8.2,False
ee,30,27399,51.54705,-0.26333,98,9,6.9,False
ee,30,27409,51.40568,0.7887,33,2,3.2,False
ee,30,27410,51.17206,-0.15245,208,5,8.7,False
ee,30,27413,53.3585,-2.88035,121,2,7.3,True
ee,30,27420,51.25986,-0.01509,106,2,8.5,False
ee,30,27424,51.28225,0.49922,83,5,4.5,False
ee,30,27426,51.78719,-0.3226,75,6,5.0,False
ee,30,27444,51.26885,0.51809,51,3,11.5,False
ee,30,27455,51.94313,-0.24618,74,2,6.2,False
ee,30,27461,55.76612,-4.17963,34,2,3.8,False
ee,30,27477,51.56917,-3.00841,181,4,10.0,False
ee,30,27503,54.85914,-3.04354,61,2,6.4,False
ee,30,27511,51.07566,-0.30677,28,2,2.8,False
ee,30,27513,51.38575,0.4813,52,6,10.2,False
ee,30,27514,51.2556,-0.54607,59,4,5.3,False
ee,30,27517,51.15871,-0.16119,140,5,8.3,False
ee,30,27518,51.36922,0.20566,90,6,18.4,False
ee,30,27519,51.28421,0.47799,70,5,15.2,False
ee,30,27524,51.55294,-0.24966,95,9,10.7,False
ee,30,27539,51.24597,-0.54922,24,4,4.1,False
ee,30,27544,51.45769,-0.08526,36,5,8.6,False
ee,30,27545,51.44087,-0.10154,157,18,6.9,False
ee,30,27556,51.06531,-0.27956,20,2,4.8,False
ee,30,27576,51.23991,-0.01062,77,4,6.7,False
ee,30,27577,51.11686,0.3167,28,7,2.9,False
ee,30,27583,51.34287,0.79078,66,2,5.6,False
ee,30,27590,51.24986,-0.13629,116,11,6.6,False
ee,30,27593,51.33179,0.42667,23,3,5.5,False
ee,30,27595,51.95655,-0.2599,34,2,7.0,False
ee,30,27625,51.30935,0.89608,125,2,5.8,False
ee,30,27627,52.55914,-1.21268,20,2,4.7,False
ee,30,27638,51.59057,-2.97642,29,3,3.8,False
ee,30,27645,52.26012,-0.89905,25,2,6.4,False
ee,30,27647,51.22788,-0.55704,52,4,5.2,False
ee,30,27649,55.98252,-4.63667,52,2,5.9,False
ee,30,27650,53.46769,-3.00622,35,2,5.4,False
ee,30,27654,51.59564,-1.20523,104,3,5.0,False
ee,30,27658,51.43194,-1.00533,32,3,5.3,False
ee,30,27660,51.1788,0.84039,45,4,7.2,False
ee,30,27666,51.21129,0.78369,52,3,5.5,False
ee,30,27674,51.92504,-0.22281,38,2,15.8,False
ee,30,27678,51.26818,0.62107,51,3,4.7,False
ee,30,27679,51.38991,-0.63328,31,2,5.0,False
ee,30,27683,52.89253,-1.48754,118,11,5.2,False
ee,30,27686,51.15455,0.26982,28,3,4.4,True
ee,30,27694,52.98532,-1.03139,20,2,3.3,False
ee,30,27701,51.22412,0.02748,22,7,4.8,False
ee,30,27704,51.9662,-0.49525,42,6,8.8,False
ee,30,27710,53.45254,-1.35615,58,3,5.8,False
ee,30,27713,51.20394,-0.15518,60,5,5.5,False
ee,30,27718,51.31582,-0.30821,131,3,5.7,False
ee,30,27720,51.93133,-0.67873,122,2,8.4,False
ee,30,27735,51.99244,-0.47521,35,6,3.7,False
ee,30,27740,51.30317,-0.31796,38,3,5.0,False
ee,30,27743,51.22789,-0.02198,42,3,3.4,False
ee,30,27744,53.02662,-1.48594,43,2,3.4,False
ee,30,27750,51.58797,-1.15591,25,3,3.4,False
ee,30,27751,51.39876,-0.5604,46,4,5.9,False
ee,30,27754,50.84099,-0.12153,40,2,4.8,False
ee,30,27776,51.29897,0.39619,94,3,8.9,False
ee,30,27782,51.27005,0.61133,43,3,6.9,False
ee,30,27792,54.60837,-1.29861,114,2,6.6,False
ee,30,27804,51.33772,0.13402,201,18,5.4,False
ee,30,27809,51.08623,-0.28388,23,2,4.8,False
ee,30,27821,51.15403,0.80337,121,5,7.5,False
ee,30,27826,51.59246,-3.78123,28,3,13.3,False
ee,30,27833,51.31704,0.83593,88,2,8.3,False
ee,30,27835,52.66682,-1.68919,205,9,8.0,False
ee,30,27836,51.39269,0.18364,51,8,5.7,False
ee,30,27844,51.33609,0.78358,42,2,6.2,False
ee,30,27845,51.21108,-0.57078,68,4,5.5,False
ee,30,27847,51.38244,-0.59909,187,2,5.5,False
ee,30,27850,51.50578,-3.55432,33,4,6.1,False
ee,30,27851,51.34539,-0.38369,30,4,5.0,False
ee,30,27855,51.35891,-0.36506,38,3,4.8,False
ee,30,27857,51.65083,-4.0897,87,2,9.8,False
ee,30,27861,51.88469,-0.40712,21,5,5.4,False
ee,30,27863,51.38203,-0.5332,124,4,9.0,False
ee,30,27884,52.49323,-1.85869,78,5,6.7,False
ee,30,27891,52.68537,-2.58311,289,3,5.4,False
ee,30,27897,51.85005,-2.2372,28,4,3.0,False
ee,30,27907,51.30774,-0.2842,49,3,4.7,False
ee,30,27913,51.36816,-0.12629,151,11,7.9,True
ee,30,27914,51.33821,0.74611,30,2,4.1,False
ee,30,27925,51.20557,0.06526,78,7,5.8,False
ee,30,27929,52.05236,-0.51123,103,7,4.3,False
ee,30,27930,52.65195,-1.67704,236,8,6.1,False
ee,30,27933,51.36082,0.66525,112,2,8.5,False
ee,30,27935,52.88028,-1.27826,113,11,6.1,False
ee,30,27955,51.75499,-0.52256,27,2,4.4,False
ee,30,27959,51.09295,-0.26626,56,2,6.1,False
ee,30,27966,55.77449,-3.92428,25,2,9.2,False
ee,30,27968,53.34316,-2.65663,90,4,6.5,False
ee,30,27977,51.38947,0.43377,130,6,6.5,False
ee,30,27979,53.81288,-2.81886,38,3,3.6,False
ee,30,27986,53.50556,-1.11781,106,2,5.5,False
ee,30,27990,54.55338,-1.32014,140,2,8.3,False
ee,30,27993,53.26128,-1.42393,45,3,5.1,False
ee,30,27999,51.33374,0.76292,20,2,4.6,False
ee,30,28015,54.65531,-1.50821,38,2,4.6,False
ee,30,28022,51.2803,-0.43778,86,4,5.9,False
ee,30,28032,51.07368,-0.07241,82,2,4.7,False
ee,30,28037,52.89239,-1.30691,65,11,3.8,False
ee,30,28040,52.50185,-1.61563,185,4,7.0,False
ee,30,28042,53.82463,-2.45504,348,3,7.8,False
ee,30,28046,53.09151,-0.78682,363,3,9.4,False
ee,30,28065,51.4024,0.26902,93,3,8.4,False
ee,30,28084,51.301,-0.07489,126,2,7.3,False
ee,30,28099,51.36497,-0.47466,58,4,12.3,False
ee,30,28101,52.65408,-1.70997,117,4,5.5,False
ee,30,28151,52.94604,-1.44669,39,4,4.8,False
ee,30,28155,51.70276,-0.45158,89,2,7.0,False
ee,30,28157,52.63876,-1.70692,61,3,4.6,False
ee,30,28158,51.28709,0.3826,79,3,5.6,False
ee,30,28160,51.19763,0.17161,514,12,7.5,False
ee,30,28163,51.14506,0.83869,207,8,7.9,True
ee,30,28164,53.74312,-2.70308,299,6,10.0,False
ee,30,28166,53.74258,-2.70597,111,3,7.0,False
ee,30,28187,53.01052,-2.13989,95,3,6.7,False
ee,30,28188,51.19021,0.08446,164,7,7.2,False
ee,30,28189,51.21427,0.03148,123,7,8.9,False
ee,30,28190,50.83016,-0.14176,44,4,9.3,False
ee,30,28193,51.30023,0.49195,65,3,10.1,False
ee,30,28200,51.50374,-3.60186,54,4,9.4,False
ee,30,28208,51.27007,0.6016,145,3,8.7,False
ee,30,28218,50.82892,-0.14113,50,3,6.6,False
ee,30,28243,55.73065,-4.22585,49,2,10.8,False
ee,30,28247,51.3095,-0.41065,48,4,4.3,False
ee,30,28250,52.80439,-1.64966,41,9,3.9,False
ee,30,28253,53.30973,-0.46337,25,2,6.1,False
ee,30,28258,51.73509,-0.49135,61,2,3.0,False
ee,30,28259,50.83284,-0.18575,93,2,6.3,False
ee,30,28262,51.14805,-0.15906,146,5,12.9,False
ee,30,28295,51.19723,-0.54497,90,4,4.4,False
ee,30,28304,52.62467,-2.12429,30,3,4.3,False
ee,30,28314,51.38561,0.58089,135,2,5.0,False
ee,30,28316,53.7187,-0.43476,23,2,4.8,False
ee,30,28322,52.99237,-2.13833,41,2,5.7,False
ee,30,28324,51.23471,0.70104,60,3,5.4,False
ee,30,28342,51.11543,-0.23072,56,2,3.8,False
ee,30,28343,51.27389,-0.45045,122,4,8.1,False
ee,30,28353,50.84704,-0.11973,65,2,6.6,False
ee,30,28355,52.55082,-1.26272,64,2,5.8,False
ee,30,28360,51.31969,-0.07343,409,12,6.0,False
ee,30,28391,52.08408,-0.50668,209,8,8.5,True
ee,30,28412,54.50789,-1.44318,24,2,11.6,False
ee,30,28417,53.80356,-2.98543,109,3,15.1,False
ee,30,28421,51.32234,-0.29141,42,4,5.1,False
ee,30,28423,52.83155,-1.27965,161,10,6.0,False
ee,30,28424,51.29724,0.21522,24,3,3.7,False
ee,30,28426,51.61129,-1.23194,282,3,7.4,False
ee,30,28427,53.44058,-1.34888,41,3,5.8,False
ee,30,28429,51.36252,0.14325,40,13,3.8,False
ee,30,28436,51.34887,0.71666,35,2,10.7,False
ee,30,28438,51.21383,0.26084,155,19,6.7,True
ee,30,28453,51.18694,0.57248,42,5,4.6,False
ee,30,28455,51.34444,-0.24591,73,3,4.9,False
ee,30,28469,51.32549,-0.23988,31,2,3.4,False
ee,30,28473,51.26147,-0.48848,96,4,5.1,False
ee,30,28475,51.34947,0.74774,54,2,9.3,False
ee,30,28477,51.42216,-1.01666,49,2,7.7,False
ee,30,28480,51.24928,0.65966,30,3,15.7,False
ee,30,28483,50.83785,-0.20139,47,2,4.6,False
ee,30,28515,51.55451,-1.1292,67,3,5.7,False
ee,30,28517,53.65169,-2.67136,52,3,5.6,False
ee,30,28519,51.5026,-1.0836,57,3,6.4,False
ee,30,28521,51.54164,-0.12425,28,5,7.7,False
ee,30,28524,52.63305,-1.68147,136,8,8.6,False
ee,30,28534,53.05469,-2.22153,23,3,2.8,False
ee,30,28537,51.28693,0.45406,113,4,6.1,False
ee,30,28539,51.22461,-0.02768,52,5,4.6,False
ee,30,28540,51.38107,-0.39545,87,2,5.2,False
ee,30,28542,51.29198,0.31596,51,3,6.4,False
ee,30,28544,54.75536,-1.5918,102,2,6.8,False
ee,30,28559,53.65289,-2.67186,47,2,7.1,False
ee,30,28562,51.24412,-0.27471,39,4,6.8,False
ee,30,28576,51.24417,0.65801,94,3,8.6,False
ee,30,28579,51.36608,0.09067,249,22,5.7,False
ee,30,28580,54.56321,-1.29632,178,2,7.7,False
ee,30,28581,51.51776,-3.49381,29,4,11.3,False
ee,30,28588,53.74686,-0.35443,71,2,7.2,False
ee,30,28595,51.27238,-0.50858,48,4,6.3,False
ee,30,28598,51.18762,-0.00173,1023,7,8.9,True
ee,30,28614,51.37777,0.4672,31,5,4.0,False
ee,30,28632,52.90106,-1.29131,58,10,4.2,False
ee,30,28643,52.54521,-1.68905,260,7,6.5,True
ee,30,28645,51.31592,0.16575,151,19,9.0,False
ee,30,28649,51.44557,0.03157,162,16,8.6,False
ee,30,28653,51.50986,-0.75172,125,2,7.4,False
ee,30,28670,53.53727,-1.14925,274,5,7.5,False
ee,30,28673,51.53472,-0.12931,39,5,5.9,False
ee,30,28678,51.62316,-1.2689,46,2,6.4,False
ee,30,28696,54.54851,-1.26703,25,2,4.5,False
ee,30,28705,51.19444,0.21614,313,20,4.9,False
ee,30,28707,51.46181,-0.19281,55,11,7.5,False
ee,30,28709,51.64229,-3.93911,21,3,12.4,False
ee,30,28718,51.39291,0.36026,142,3,7.0,False
ee,30,28724,51.19203,0.2755,161,16,7.2,True
ee,30,28731,53.61032,-0.20542,86,2,8.8,False
ee,30,28751,51.37062,-0.60579,126,5,6.2,False
ee,30,28753,51.33919,-0.51433,106,4,6.9,False
ee,30,28755,52.6082,-0.27854,86,2,5.6,False
ee,30,28760,52.1228,-0.48281,234,7,9.6,False
ee,30,28770,53.39252,-2.92253,46,2,3.9,False
ee,30,28784,51.22808,-0.37402,323,4,6.1,False
ee,30,28789,51.23727,0.65318,320,8,8.3,True
ee,30,28790,51.88344,-0.4015,105,2,5.2,False
ee,30,28817,51.23799,-0.32707,57,4,7.1,False
ee,30,28820,51.46493,-0.21798,120,11,5.4,False
ee,30,28823,51.40293,0.05165,26,9,3.0,False
ee,30,28827,53.26489,-2.13058,78,2,5.9,False
ee,30,28844,55.79277,-4.01734,39,3,5.4,False
ee,30,28848,53.56362,-0.21455,57,2,9.8,False
ee,30,28858,52.56625,-1.53593,110,3,5.4,False
ee,30,28878,51.55942,-3.75798,148,5,8.1,True
ee,30,28888,55.82876,-3.99626,58,5,6.5,False
ee,30,28889,55.84564,-4.00299,64,5,9.0,False
ee,30,28891,53.63425,-3.01631,39,2,7.1,False
ee,30,28892,51.23391,-0.35191,31,4,4.8,False
ee,30,28893,53.29026,-1.45416,55,3,8.6,False
ee,30,28901,54.79316,-1.57364,26,2,3.4,False
ee,30,28902,51.71449,-0.32973,51,6,4.7,False
ee,30,28903,53.29235,-1.46203,51,2,4.8,False
ee,30,28905,52.03207,-0.49478,23,6,6.4,False
ee,30,28914,52.80542,-2.09907,104,6,5.1,False
ee,30,28919,51.19787,0.11315,405,7,7.7,False
ee,30,28921,51.43412,0.75238,51,2,4.7,False
ee,30,28938,51.68597,-3.71387,175,5,10.5,False
ee,30,28960,51.51765,-0.61115,46,2,3.5,False
ee,30,28963,51.97656,-0.47702,52,6,4.4,False
ee,30,28973,51.21748,-0.14919,162,10,5.2,False
ee,30,28977,52.73194,-1.07055,98,9,6.7,True
ee,30,28979,53.51146,-1.16455,96,5,7.2,False
ee,30,28980,51.91631,-2.09249,25,2,5.2,False
ee,30,28986,52.77532,-2.11124,28,3,3.4,False
ee,30,28990,51.66261,-3.79236,180,5,8.4,True
ee,30,28998,51.8908,-2.11391,72,2,5.9,False
ee,30,28999,53.46116,-2.63311,92,3,5.4,False
ee,30,29002,51.30753,-0.39879,59,4,4.2,True
ee,30,29003,51.21412,0.47109,22,4,4.4,False
ee,30,29005,51.18205,-0.17914,87,10,4.0,False
ee,30,29074,51.7033,-0.45015,46,2,8.6,False
ee,30,29085,51.30287,0.37773,191,3,8.4,False
ee,30,29088,53.47342,-1.26192,85,3,5.9,False
ee,30,29091,51.26708,-0.45295,85,7,9.1,False
ee,30,29098,51.23187,0.41456,177,8,6.5,False
ee,30,29106,53.51316,-1.14634,219,5,9.9,False
ee,30,29115,51.50685,-0.77948,92,2,4.9,False
ee,30,29116,53.35778,-2.78485,77,2,6.7,False
ee,30,29124,51.48191,-0.28118,136,7,5.2,False
ee,30,29142,51.46965,-0.32514,32,5,3.3,False
ee,30,29154,53.68633,-2.67955,188,4,7.0,False
ee,30,29158,51.24798,0.41572,119,3,5.6,False
ee,30,29160,55.79104,-4.41453,69,3,7.2,False
ee,30,29187,54.50863,-1.35207,26,2,3.9,False
ee,30,29192,51.65882,-1.23693,47,3,6.1,False
ee,30,29195,52.62206,-1.68272,31,6,4.7,False
ee,30,29197,50.83277,-0.28242,43,2,4.2,False
ee,30,29198,52.56657,-1.22328,35,2,7.4,False
ee,30,29207,52.84152,-1.25345,23,7,2.5,False
ee,30,29208,51.48358,-0.18771,71,3,5.9,False
ee,30,29210,52.569,-1.69342,268,7,6.7,False
ee,30,29212,52.82161,-1.62371,209,9,5.8,False
ee,30,29232,51.32322,-0.5558,69,2,4.1,False
ee,30,29233,53.73785,-2.47884,241,3,11.4,False
ee,30,29235,52.63856,-1.65918,30,3,4.1,False
ee,30,29239,51.49288,-0.06002,298,12,14.6,False
ee,30,29244,51.24952,-1.14294,22,2,3.6,False
ee,30,29257,52.993,-2.19959,37,2,5.4,False
ee,30,29258,53.6638,-2.72642,105,2,6.7,False
ee,30,29298,51.17839,-0.43098,344,4,8.4,False
ee,30,29301,53.91238,-1.14086,146,2,4.6,False
ee,30,29312,55.84847,-4.03074,40,2,4.0,False
ee,30,29316,55.82295,-4.00306,145,5,7.9,False
ee,30,29329,53.09026,-2.2436,54,3,5.3,False
ee,30,29331,51.88582,-0.42857,43,7,5.6,False
ee,30,29336,52.95843,-2.05636,132,2,6.6,False
ee,30,29348,51.4346,-0.10078,211,9,12.0,False
ee,30,29351,51.29195,0.31486,99,3,6.6,False
ee,30,29353,51.93125,-0.49126,283,7,8.9,False
ee,30,29355,52.72011,-2.12544,23,3,4.2,False
ee,30,29357,51.29558,0.14708,255,20,7.8,False
ee,30,29359,51.66449,-3.90161,47,4,5.7,False
ee,30,29366,52.82868,-1.25666,51,10,3.7,False
ee,30,29381,51.5417,-0.18302,26,3,3.9,False
ee,30,29413,51.88929,-2.16442,34,4,5.6,False
ee,30,29414,53.72743,-2.60934,72,2,4.8,False
ee,30,29416,51.39808,0.14718,66,7,15.5,False
ee,30,29418,51.18551,0.32692,195,6,7.8,False
ee,30,29426,51.75247,-0.53639,47,2,7.2,False
ee,30,29430,51.36269,-2.86941,47,2,3.8,False
ee,30,29448,53.59386,-1.02748,367,4,10.3,False
ee,30,29450,50.83516,-0.14084,138,4,9.9,False
ee,30,29452,50.83198,-0.15302,54,4,6.2,False
ee,30,29461,52.58087,-2.03188,63,4,6.1,False
ee,30,29464,54.78406,-1.58207,75,2,5.6,False
ee,30,29467,53.71348,-2.6127,92,4,6.3,True
ee,30,29491,51.91364,-2.4016,147,4,5.1,False
ee,30,29494,51.65457,-3.02525,163,2,6.8,False
ee,30,30574,51.45679,-0.41601,243,5,6.0,False
ee,30,30577,52.75893,-1.15723,27,9,3.4,False
ee,30,30582,51.36822,-0.12833,206,13,6.5,False
ee,30,30586,51.67493,-3.9149,47,4,4.1,False
ee,30,30617,53.80169,-2.45996,28,2,5.7,False
ee,30,30619,55.81172,-3.96127,53,2,6.3,True
ee,30,30632,51.13093,-0.18616,30,5,15.6,False
ee,30,30642,51.15803,-0.00487,60,2,8.6,False
ee,30,30654,51.38645,-0.3422,35,3,4.9,True
ee,30,30660,51.86723,-2.21209,49,4,6.2,False
ee,30,30673,51.20361,-0.03009,60,8,7.4,False
ee,30,30693,51.66003,-3.02357,140,4,8.6,False
ee,30,30714,51.48115,-0.00772,36,4,8.2,False
ee,30,30718,51.57539,-1.80322,107,3,6.7,False
ee,30,30728,51.46431,-0.89998,52,2,6.0,False
ee,30,30729,51.52094,-0.62376,22,2,3.5,False
ee,30,30745,53.20029,-0.59868,62,2,7.6,False
ee,30,30751,52.58549,-1.12012,150,6,6.0,False
ee,30,30757,54.88175,-2.92079,166,5,7.6,False
ee,30,30759,52.7931,-2.1075,222,9,5.4,False
ee,30,30762,50.8319,-0.1634,24,2,3.5,True
ee,30,30766,51.23943,-0.21036,69,4,5.3,False
ee,30,30774,52.59268,-0.26662,41,2,4.6,False
ee,30,30802,51.6722,-3.78173,101,4,7.6,False
ee,30,30820,53.35379,-2.6389,66,2,6.1,False
ee,30,30823,51.6508,-4.08151,122,2,8.7,False
ee,30,30835,51.20485,-0.15796,22,5,4.4,False
ee,30,30843,51.38431,-0.06711,201,12,5.3,False
ee,30,30898,53.71773,-0.49453,133,2,6.4,False
ee,30,30912,51.20411,-0.15929,59,6,9.2,False
ee,30,30928,51.88707,-0.44501,34,7,2.6,False
ee,30,30935,53.55796,-1.11459,35,3,4.2,False
ee,30,30947,51.64311,-3.93633,66,3,8.3,False
ee,30,30948,51.39748,0.18655,24,3,4.9,False
ee,30,30955,51.18943,0.3503,35,6,12.9,False
ee,30,30956,51.21834,0.32004,452,20,14.2,False
ee,30,30964,51.67481,-3.91472,28,3,4.9,False
ee,30,30965,51.66495,-3.89763,38,5,13.8,False
ee,30,30971,53.71956,-2.45714,67,3,9.9,False
ee,30,30974,52.24492,-0.89995,41,2,10.6,False
ee,30,30983,51.18931,0.80942,275,4,7.7,False
ee,30,30993,52.87747,-1.29029,204,12,8.1,False
ee,30,31001,53.74701,-2.7373,33,3,7.1,False
ee,30,31013,51.28703,0.17248,46,15,4.2,False
ee,30,31014,51.28699,0.12992,69,17,10.3,False
ee,30,31018,53.44984,-1.34531,33,3,4.8,True
ee,30,31029,53.25634,-0.44,108,2,6.8,False
ee,30,31039,54.60607,-1.45176,78,2,8.8,False
ee,30,31042,51.52077,-2.46634,56,2,11.9,False
ee,30,31043,52.54976,-1.13832,98,6,6.5,False
ee,30,31046,51.9626,-0.73033,105,2,6.4,False
ee,30,31053,51.27496,-0.46734,173,4,7.0,False
ee,30,31054,51.65201,-3.91081,51,4,6.2,False
ee,30,31068,51.52082,-0.21675,147,6,7.4,False
ee,30,31071,51.32701,-0.5397,39,2,5.0,False
ee,30,31080,51.33509,0.19209,95,8,5.8,False
ee,30,31086,51.51985,-0.67912,95,2,5.2,False
ee,30,31090,53.7171,-0.42574,125,2,7.5,False
ee,30,31093,55.77509,-3.9778,29,2,10.2,False
ee,30,31103,53.04427,-2.2173,36,2,4.3,False
ee,30,31118,50.73663,-3.49251,20,2,3.7,False
ee,30,31119,53.59299,-3.068,65,2,5.8,False
ee,30,31123,51.233,-0.16898,72,10,8.4,False
ee,30,31168,54.71325,-1.55389,23,2,6.5,False
ee,30,31173,52.23121,-0.91348,21,2,4.0,False
ee,30,31180,52.79509,-1.65788,245,9,4.5,False
ee,30,31206,53.27021,-2.34203,60,7,4.9,False
ee,30,31231,51.53682,-1.8162,52,3,6.8,False
ee,30,31235,51.11612,-0.19938,37,2,7.5,False
ee,30,31239,51.32116,-0.37022,58,3,7.8,False
ee,30,31255,53.72339,-2.65935,61,3,5.9,False
ee,30,31302,51.48136,-0.06976,50,8,9.3,False
ee,30,31311,51.21172,0.35879,70,8,5.0,True
ee,30,31314,51.45087,0.21885,135,6,11.4,False
ee,30,31315,53.34439,-2.74846,33,2,5.6,False
ee,30,31321,52.73781,-2.11845,107,3,5.7,False
ee,30,31328,55.80287,-3.92699,84,2,4.2,False
ee,30,31349,51.39743,0.03481,158,11,14.5,False
ee,30,31358,52.73747,-1.86608,123,6,6.4,False
ee,30,31362,51.59066,-1.19012,63,3,5.3,False
ee,30,31363,53.50133,-1.10089,78,2,6.1,False
ee,30,31379,51.497,-1.11602,163,3,4.9,False
ee,30,31391,50.95299,-0.13374,105,5,6.5,False
ee,30,31416,51.5261,-0.14032,35,4,6.1,False
ee,30,31427,52.51813,-1.71168,39,2,6.3,False
ee,30,31430,51.88658,-0.71234,112,2,4.9,False
ee,30,31431,55.8161,-4.14791,22,2,7.3,False
ee,30,31436,52.74441,-1.09814,169,10,6.1,False
ee,30,31441,55.82095,-4.06592,51,2,7.8,False
ee,30,31450,54.85918,-1.27544,123,2,8.4,False
ee,30,31460,54.90592,-2.89305,39,2,8.6,False
ee,30,31465,53.9276,-1.11832,97,2,7.0,False
ee,30,31478,51.4024,0.68774,140,3,11.1,False
ee,30,31509,53.7365,-0.64337,98,2,11.5,False
ee,30,31528,52.70737,-2.49203,23,2,6.2,False
ee,30,31552,51.57641,-0.31344,49,4,5.4,False
ee,30,31571,51.5497,-0.11592,36,2,4.4,False
ee,30,31577,51.48416,-0.03441,148,10,10.4,False
ee,30,31595,53.57836,-0.14287,27,2,6.0,False
ee,30,31596,51.99119,-0.73856,28,2,5.0,False
ee,30,31623,51.25335,-0.24925,112,4,5.7,False
ee,30,31624,51.47789,-0.13811,329,19,9.0,True
ee,30,31627,51.36232,0.47138,259,6,7.4,False
ee,30,31632,51.38563,0.48351,59,5,6.0,False
ee,30,31635,51.76339,-0.5584,22,2,4.6,False
ee,30,31640,51.602,-0.12712,48,2,6.6,False
ee,30,31672,51.44793,-0.14858,196,7,4.6,False
ee,30,31675,53.91572,-1.18912,86,2,6.6,False
ee,30,31684,51.53875,-0.17986,44,3,3.5,False
ee,30,31695,53.00489,-2.18067,151,3,6.8,False
ee,30,31697,53.60618,-0.24019,183,2,5.9,True
ee,30,31706,51.2972,0.25332,21,3,5.3,False
ee,30,31729,51.87851,-2.19411,31,2,3.4,False
ee,30,31793,54.64921,-1.51763,202,2,10.0,False
ee,30,31794,51.71155,-0.43785,99,2,5.4,False
ee,30,31799,54.57935,-1.33177,55,2,6.3,True
ee,30,31800,51.95662,-0.52592,211,6,7.9,False
ee,30,31811,51.47457,-0.88224,28,2,4.8,False
ee,30,31818,54.7367,-1.609,96,2,11.4,False
ee,30,31828,51.47991,0.17978,102,2,4.7,False
ee,30,31832,50.85752,-0.09043,83,2,6.2,False
ee,30,31841,55.83684,-4.23004,40,3,4.7,False
ee,30,31856,54.64141,-1.55101,45,2,7.9,False
ee,30,31858,51.23629,-0.55799,83,4,5.7,False
ee,30,31887,51.85623,-2.23096,117,3,8.0,False
ee,30,31893,54.55367,-1.32989,24,2,4.9,False
ee,30,31900,53.0743,-0.84414,79,2,6.2,False
ee,30,31902,51.54674,-0.1867,30,3,3.6,False
ee,30,31910,51.39677,0.50151,57,6,5.7,False
ee,30,31912,51.43219,0.46757,84,6,8.4,False
ee,30,31937,51.54044,-0.12546,24,4,4.6,False
ee,30,31938,51.53645,-0.26731,179,9,7.6,False
ee,30,31942,53.74559,-0.3678,57,2,5.5,False
ee,30,31945,52.04857,-0.57564,102,7,6.7,False
ee,30,31946,53.39988,-2.60576,23,2,3.0,False
ee,30,31975,51.66733,-0.39273,205,4,8.1,False
ee,30,31978,51.20376,0.39459,69,3,4.3,False
ee,30,31983,53.62135,-0.26868,226,2,8.1,False
ee,30,31989,51.66033,-2.98631,34,2,4.7,False
ee,30,31995,52.56957,-1.07244,23,5,8.1,False
ee,30,31996,51.37375,-0.09197,44,8,3.4,False
ee,30,32003,51.48845,0.07028,43,2,5.7,False
ee,30,32006,53.83856,-0.62464,25,2,3.6,False
ee,30,32008,51.20836,-0.47207,87,4,11.0,True
ee,30,32018,53.07141,-0.88887,60,2,5.0,False
ee,30,32021,51.45315,-0.17377,155,8,9.0,False
ee,30,32058,53.63412,-0.28748,249,2,8.4,False
ee,30,32066,51.23107,0.72532,211,4,12.4,False
ee,30,32069,51.33338,-0.14275,32,10,5.5,False
ee,30,32072,53.28621,-1.45823,56,2,4.4,False
ee,30,32076,51.49385,0.16042,116,2,5.9,False
ee,30,32084,51.37322,0.20354,63,6,5.5,True
ee,30,32087,53.59395,-1.10907,134,2,6.0,False
ee,30,32088,51.27117,-0.15209,68,7,9.4,False
ee,30,32090,51.81035,-2.26189,34,4,5.3,True
ee,30,32093,54.54059,-2.7424,35,2,4.3,False
ee,30,32095,51.81312,-2.24034,54,4,7.4,True
ee,30,32103,52.04729,-0.49977,90,7,5.3,False
ee,30,32120,53.62129,-3.0275,21,2,23.0,True
ee,30,32124,51.90045,-2.09584,67,3,4.8,False
ee,30,32131,52.23997,-0.93425,36,2,5.4,False
ee,30,32135,51.31959,0.85948,87,2,9.1,False
ee,30,32144,52.8698,-1.53561,70,16,16.6,False
ee,30,32150,53.7125,-0.48575,83,4,6.0,False
ee,30,32155,54.88392,-2.93925,49,4,8.0,False
ee,30,32171,51.54098,-0.15708,88,3,7.3,False
ee,30,32218,50.83777,-0.17569,129,2,8.3,False
ee,30,32219,51.475,-0.06403,186,16,5.3,False
ee,30,32230,53.47631,-2.60144,100,2,5.6,False
ee,30,32246,53.44418,-1.33742,113,4,7.2,False
ee,30,32293,52.26559,-0.92494,25,2,5.4,False
ee,30,32295,53.02819,-0.94123,50,2,3.3,False
ee,30,32304,51.22081,0.19627,30,14,3.0,False
ee,30,32319,52.77025,-1.67394,44,9,4.2,False
ee,30,32326,51.67173,-4.09406,23,2,4.0,False
ee,30,32335,54.61891,-1.52332,45,2,10.1,False
ee,30,32338,51.84964,-0.37076,78,6,7.1,False
ee,30,32339,53.75439,-2.46689,53,2,5.2,False
ee,30,32349,51.24455,0.00494,90,2,4.9,False
ee,30,32356,53.74941,-0.62653,86,2,4.9,False
ee,30,32373,52.59088,-1.12805,32,5,3.4,False
ee,30,32380,51.55739,-1.8108,24,2,3.6,False
ee,30,32384,51.61697,-3.81221,36,5,8.5,False
ee,30,32389,52.53074,-1.78348,111,3,8.3,False
ee,30,32398,51.41172,-0.05452,679,13,9.8,False
ee,30,32405,53.01186,-0.9743,88,2,5.6,False
ee,30,32415,51.56353,-1.14987,150,3,6.4,False
ee,30,32424,53.54861,-1.14893,182,5,10.6,False
ee,30,32434,52.57917,-0.25676,36,2,4.2,False
ee,30,32449,54.47188,-1.34234,79,2,7.1,False
ee,30,32468,52.13938,-1.01053,78,2,7.1,False
ee,30,32474,51.68842,-0.43046,65,2,5.6,False
ee,30,32485,53.75254,-0.65103,108,4,4.4,False
ee,30,32493,52.54261,-1.5841,55,3,5.2,False
ee,30,32500,51.80861,-0.63735,130,2,7.8,False
ee,30,32511,53.00162,-2.18963,38,3,4.4,False
ee,30,32512,54.99523,-1.6651,43,3,6.3,False
ee,30,32515,52.59062,-1.623,186,3,7.7,False
ee,30,32519,53.84601,-2.74373,28,2,4.3,False
ee,30,32520,52.72479,-1.10555,155,10,6.4,False
ee,30,32522,51.39051,0.32631,60,5,8.4,False
ee,30,32536,52.04463,-0.51555,97,7,6.2,True
ee,30,32572,51.24304,0.01243,33,2,4.5,True
ee,30,32577,51.45735,-3.47127,78,3,8.0,False
ee,30,32584,51.219,-0.16437,134,10,8.7,False
ee,30,32600,53.55162,-2.63309,93,4,6.4,True
ee,30,32616,53.32964,-2.63119,79,4,5.4,False
ee,30,32622,51.80309,-2.2666,26,2,13.1,False
ee,30,32629,54.7154,-1.54023,25,2,10.6,False
ee,30,32630,50.85571,-0.15444,108,4,7.6,False
ee,30,32634,51.30623,0.48386,60,3,9.6,False
ee,30,32637,51.31506,-0.56661,28,6,4.5,False
ee,30,32640,55.81191,-4.1217,47,3,9.4,False
ee,30,32645,51.50271,-3.57146,24,3,4.5,False
ee,30,32698,52.76229,-1.70247,363,9,5.4,False
ee,30,32708,52.77572,-2.10707,70,3,6.4,False
ee,30,32710,51.46053,-0.17619,88,8,5.8,False
ee,30,32711,51.46236,-0.90312,25,2,2.7,False
ee,30,32713,51.55882,-3.71689,199,4,7.6,False
ee,30,32716,52.80161,-1.24053,65,9,9.0,False
ee,30,32718,52.73085,-1.74047,255,8,7.7,False
ee,30,32725,51.39034,0.18816,191,7,6.6,False
ee,30,32776,54.72202,-1.54466,33,2,4.9,False
ee,30,32779,51.15291,0.85381,88,4,5.9,False
ee,30,32784,55.92831,-3.25275,91,2,4.0,True
ee,30,32795,55.83536,-4.09134,30,3,7.0,False
ee,30,32797,51.34105,0.74441,23,2,4.8,False
ee,30,32808,51.50666,-0.10799,41,10,9.7,False
ee,30,32809,53.94429,-1.12558,48,2,7.8,False
ee,30,32829,53.23146,-0.49887,42,2,3.8,False
ee,30,32832,53.75852,-0.65375,273,2,6.1,False
ee,30,32843,51.27924,0.17824,127,18,8.4,False
ee,30,32844,53.62646,-2.66186,60,2,6.2,False
ee,30,32847,54.71214,-1.54455,103,2,5.2,False
ee,30,32855,53.58414,-1.03006,22,3,3.9,False
ee,30,32884,53.78568,-0.71728,298,2,6.6,True
ee,30,32890,53.57766,-0.89335,91,2,6.1,False
ee,30,32897,52.77328,-1.17793,25,6,4.0,False
ee,30,32913,51.51486,-1.13273,272,3,7.3,False
ee,30,32929,51.19879,0.77821,236,8,10.0,False
ee,30,32941,51.57359,-0.30764,50,4,4.7,False
ee,30,32971,53.80096,-2.73158,74,3,5.7,False
ee,30,32972,51.19954,0.24636,231,21,6.4,True
ee,30,32975,51.29691,0.35138,25,3,4.8,False
ee,30,32985,51.85709,-2.23178,91,4,8.0,False
ee,30,32986,51.82517,-0.3582,79,6,5.9,False
ee,30,32988,52.98909,-1.48469,39,2,5.4,False
ee,30,33004,53.53527,-1.30806,35,2,4.9,False
ee,30,33008,51.87381,-0.39383,31,6,5.2,False
ee,30,33010,51.40985,-0.14076,108,13,10.4,False
ee,30,33021,54.7447,-3.33485,228,2,6.4,False
ee,30,33022,52.57843,-1.11783,120,6,6.7,False
ee,30,33026,53.40508,-1.45647,59,3,6.4,False
ee,30,33044,51.88562,-2.15163,145,4,8.6,False
ee,30,33046,52.79961,-2.11702,67,8,5.0,False
ee,30,33055,51.22165,-0.1095,88,7,8.2,False
ee,30,33062,53.07034,-2.22275,158,4,8.4,False
ee,30,33066,52.35278,-1.96987,85,2,11.3,False
ee,30,33073,53.19776,-0.6288,23,2,2.9,False
ee,30,33081,51.48644,-3.15657,72,2,5.8,False
ee,30,33088,51.69269,-0.31627,49,6,6.6,False
ee,30,33094,53.5615,-1.30438,65,2,5.4,True
ee,30,33096,51.22686,-0.12898,44,5,6.5,False
ee,30,33097,50.78621,-0.02864,155,2,7.7,False
ee,30,33112,54.51776,-1.557,45,2,4.9,False
ee,30,33122,51.5395,-1.85207,88,2,4.8,False
ee,30,33131,51.49358,-0.8061,54,2,6.5,False
ee,30,33137,52.16632,-0.27189,105,6,9.5,False
ee,30,33168,51.89222,-0.19832,92,2,8.0,False
ee,30,33179,51.97679,-0.26964,84,2,6.9,False
ee,30,33182,53.76806,-2.7177,267,6,10.2,False
ee,30,33193,51.43653,0.01537,39,13,4.9,False
ee,30,33216,53.62747,-3.02038,33,2,4.5,False
ee,30,33233,53.45145,-3.00069,105,2,8.2,False
ee,30,33237,51.39233,0.15089,32,7,14.4,False
ee,30,33264,52.72468,-2.03702,32,3,13.2,False
ee,30,33265,52.6205,-0.29111,111,2,6.7,False
ee,30,33274,51.91749,-0.4613,125,7,5.8,False
ee,30,33335,51.28493,0.48056,22,3,4.5,False
ee,30,33337,53.23006,-0.55725,55,2,6.1,False
ee,30,33342,51.27299,0.53165,88,3,9.2,False
ee,30,33375,54.81016,-1.55596,28,2,5.6,False
ee,30,33380,53.62767,-0.96268,107,3,6.8,False
ee,30,33386,51.72158,-0.34777,209,6,10.2,False
ee,30,33392,54.7372,-1.59383,35,2,4.7,False
ee,30,33407,51.48955,-3.3522,45,3,4.8,True
ee,30,33414,51.66282,-0.29045,27,6,6.7,False
ee,30,33418,51.4458,0.31675,97,5,5.9,False
ee,30,33427,51.5787,-0.23702,86,6,7.7,False
ee,30,33441,51.45968,-0.19162,70,12,8.9,False
ee,30,33466,52.99925,-0.99912,92,2,8.6,False
ee,30,33473,53.018,-2.20074,49,3,4.0,False
ee,30,33474,56.04293,-4.85737,163,2,7.6,False
ee,30,33475,51.87728,-2.19234,64,2,7.1,True
ee,30,33487,53.99751,-1.13196,78,2,3.8,False
ee,30,33512,53.64139,-2.55385,77,4,11.0,False
ee,30,33514,52.82519,-2.13433,39,6,4.8,False
ee,30,33527,51.30012,0.19424,284,19,8.7,False
ee,30,33540,51.97127,-0.25434,49,2,6.3,False
ee,30,33541,52.20626,-0.4756,198,8,8.0,False
ee,30,33571,54.68046,-1.5272,90,2,6.6,False
ee,30,33586,51.51652,-0.22937,30,4,7.0,False
ee,30,33588,53.78079,-2.47166,42,2,5.0,False
ee,30,33589,51.95356,-0.72644,50,2,4.5,False
ee,30,33630,51.29007,0.15864,92,18,10.0,False
ee,30,33632,51.3335,-0.10022,39,3,7.0,True
ee,30,33639,51.44516,0.19416,49,6,4.6,False
ee,30,33657,51.29345,0.42984,22,3,4.0,False
ee,30,33658,53.73272,-2.49454,30,2,3.7,True
ee,30,33661,51.5065,-0.38244,123,2,5.0,False
ee,30,33676,52.65888,-2.12008,44,3,7.2,False
ee,30,33679,52.7939,-1.94164,125,6,5.4,False
ee,30,33694,53.44732,-1.33634,93,3,10.9,False
ee,30,33720,53.74001,-0.67025,102,2,7.5,False
ee,30,33722,52.52723,-1.70912,84,5,6.0,False
ee,30,33723,51.46825,-0.34818,108,5,5.6,False
ee,30,33733,51.35688,0.74556,68,2,7.4,False
ee,30,33736,51.37365,0.81897,103,2,11.9,False
ee,30,33740,51.35534,0.669,77,2,5.8,False
ee,30,33746,52.06424,-0.26211,25,5,5.9,False
ee,30,33747,51.95972,-0.26717,32,2,6.6,True
ee,30,33759,51.93065,-2.08069,50,3,2.6,False
ee,30,33780,53.12165,-0.80465,87,3,4.6,True
ee,30,33801,51.67511,-3.91574,49,4,14.8,False
ee,30,33805,52.6166,-1.12732,48,9,6.2,False
ee,30,33829,52.8936,-1.33164,162,10,5.7,False
ee,30,33830,51.42076,0.64453,96,2,4.0,False
ee,30,33840,52.72918,-1.8607,206,6,6.8,False
ee,30,33853,52.02906,-0.5112,84,6,8.9,False
ee,30,33882,51.52177,-2.73052,21,2,4.3,False
ee,30,33886,52.22869,-0.90653,23,2,2.5,True
ee,30,33896,51.28982,0.16974,29,14,12.2,False
ee,30,33931,53.71598,-0.52288,107,2,3.6,False
ee,30,33934,51.43784,0.32493,59,5,6.3,False
ee,30,33940,51.47759,-3.18115,112,4,5.0,False
ee,30,33944,53.03872,-2.21301,21,3,5.9,False
ee,30,33972,54.01444,-1.1624,23,2,5.0,False
ee,30,33981,52.52121,-1.84546,23,2,9.2,False
ee,30,33985,53.22398,-0.53355,75,2,4.4,False
ee,30,33999,51.22268,-0.30154,121,4,4.4,False
ee,30,34014,51.50964,-0.50735,160,2,6.1,False
ee,30,34062,51.23963,-0.3249,116,4,7.9,False
ee,30,34091,52.62369,-1.12597,63,8,6.6,False
ee,30,34114,52.60535,-1.69022,49,5,6.7,False
ee,30,34123,51.21555,0.78084,109,3,6.2,False
ee,30,34130,51.20534,0.19673,65,18,7.8,False
ee,30,34134,54.80247,-1.61659,64,2,6.4,False
ee,30,34138,52.68784,-2.13293,54,3,6.5,False
ee,30,34156,51.13,0.88163,37,3,9.4,False
ee,30,34165,51.31539,0.15955,426,20,7.9,True
ee,30,34169,51.19373,0.77203,314,4,12.2,True
ee,30,34177,51.57992,-1.18295,20,3,4.5,False
ee,30,34186,51.25519,-0.00381,51,2,3.7,False
ee,30,34191,51.24662,0.41998,167,3,6.0,False
ee,30,34195,51.54709,-0.19489,61,4,4.8,False
ee,30,34197,53.5681,-1.06811,248,5,6.2,False
ee,30,34228,52.96911,-1.2873,37,3,15.4,False
ee,30,34245,51.75815,-0.3306,39,6,5.2,False
ee,30,34252,51.55976,-1.79124,34,2,6.1,False
ee,30,34257,54.89713,-2.93348,313,6,6.4,False
ee,30,34290,51.42185,-0.99889,31,2,3.9,False
ee,30,34295,51.50378,-3.58016,74,4,7.6,False
ee,30,34355,51.39239,0.15199,224,14,9.9,False
ee,30,34371,52.67151,-2.12043,27,3,4.4,False
ee,30,34378,55.80476,-3.9905,33,2,6.7,False
ee,30,34384,52.47982,-1.87676,62,2,5.6,False
ee,30,34390,54.8823,-2.95718,109,4,6.4,True
ee,30,34393,52.71295,-1.11626,33,9,4.0,False
ee,30,34395,51.54337,-2.66993,24,3,10.1,True
ee,30,34398,51.32021,0.19096,121,17,14.5,False
ee,30,34403,51.47124,-0.15413,102,18,7.9,False
ee,30,34416,52.53337,-1.37674,62,2,4.8,False
ee,30,34421,50.83323,-0.27118,84,2,7.6,False
ee,30,34429,53.42959,-2.61946,32,2,9.6,False
ee,30,34434,51.29021,0.48748,221,5,7.9,False
ee,30,34446,51.73238,-0.45652,93,2,5.9,False
ee,30,34462,53.04835,-0.92921,188,2,5.1,False
ee,30,34469,52.76718,-1.1839,420,10,7.2,False
ee,30,34473,51.41054,0.76895,177,3,11.4,True
ee,30,34483,53.44325,-2.61073,50,4,7.7,False
ee,30,34486,51.51434,-0.23238,193,9,12.3,False
ee,30,34495,51.32297,-0.37631,77,4,5.7,False
ee,30,34503,51.46511,-0.02081,247,14,11.2,False
ee,30,34510,51.45688,-0.0157,187,20,7.6,False
ee,30,34547,51.55231,-0.14326,45,4,3.2,False
ee,30,34572,51.19354,0.40986,128,8,6.5,False
ee,30,34715,51.68431,-0.32163,130,6,4.7,False
ee,30,34750,51.28553,-0.0427,62,2,4.3,False
ee,30,34754,52.91491,-1.28659,47,3,8.7,False
ee,30,34758,50.83719,-0.12022,48,2,5.9,False
ee,30,35172,51.65253,-0.27685,42,6,6.4,True
ee,30,35218,51.58734,-0.11946,119,2,4.9,False
ee,30,35222,51.36853,-0.44414,36,2,3.9,False
ee,30,35224,51.58573,-0.23276,156,7,7.7,False
ee,30,35250,51.76883,-0.31798,147,6,6.1,False
ee,30,35273,52.60434,-1.57413,49,3,5.8,False
ee,30,35300,51.4923,-0.11786,41,5,5.4,False
ee,30,35359,51.44285,-0.43989,82,5,4.8,False
ee,30,35371,51.37436,-0.43083,28,2,5.8,False
ee,30,35380,51.42595,-0.19661,69,6,6.6,False
ee,30,35422,51.38896,-0.20052,44,4,8.1,False
ee,30,35437,52.90938,-1.4707,65,11,6.7,False
ee,30,35450,52.46872,-1.76264,30,2,3.0,False
ee,30,35451,51.50639,-0.0898,43,7,5.8,False
ee,30,35541,51.40168,-0.20202,61,4,8.2,False
ee,30,35542,51.71287,-0.319,70,6,4.9,False
ee,30,35664,51.51062,-0.44671,71,2,5.0,False
ee,30,35665,51.38209,0.07723,500,23,11.0,False
ee,30,35675,51.32687,-0.53746,34,2,4.6,False
ee,30,35680,51.53881,-0.17866,57,3,5.6,False
ee,30,35710,51.76843,-0.57733,39,2,7.1,False
ee,30,35721,53.26677,-1.43534,49,2,5.3,False
ee,30,35729,51.43238,-0.51589,96,6,8.8,False
ee,30,35732,51.47547,-0.01136,21,4,4.7,False
ee,30,35734,51.45039,-0.37447,164,7,6.3,False
ee,30,35768,51.43022,-0.1358,134,6,8.2,False
ee,30,35790,51.43115,-0.5463,75,5,6.6,False
ee,30,35794,53.01771,-2.20424,39,3,5.0,False
ee,30,35799,51.4967,-0.09996,122,8,7.9,False
ee,30,36806,51.40139,-0.26792,33,2,5.6,False
ee,30,36826,51.42016,-0.1589,76,5,6.4,False
ee,30,36828,51.50447,-0.10281,145,10,10.3,False
ee,30,36832,51.4532,0.00554,167,16,7.7,False
ee,30,37346,51.38869,0.11032,74,7,7.1,False
ee,30,37350,51.51332,-0.25902,116,10,6.8,False
ee,30,37359,51.67277,-0.3067,194,6,7.9,False
ee,30,37372,51.28976,-0.42616,90,4,7.5,False
ee,30,37388,51.48672,-0.09846,36,8,10.3,False
ee,30,37406,51.32015,0.89321,56,3,7.3,False
ee,30,37409,53.39815,-2.5981,40,4,4.6,False
ee,30,37411,52.41464,-1.94398,90,3,8.4,False
ee,30,37415,51.3391,-0.00977,110,12,5.8,False
ee,30,37418,51.15209,0.87116,26,2,11.4,False
ee,30,37423,53.65371,-2.61823,23,3,3.8,False
ee,30,37424,51.51362,-0.32608,105,2,6.7,False
ee,30,37441,51.22671,-0.57766,35,4,6.7,False
ee,30,37444,51.37842,-0.37308,32,2,5.9,False
ee,30,37445,51.49562,-0.14259,106,10,5.4,False
ee,30,37472,53.46218,-1.35181,29,3,12.6,False
ee,30,37473,51.21946,-0.57564,58,4,6.1,False
ee,30,37474,51.4732,-0.86298,117,2,7.7,False
ee,30,37475,51.29055,-0.3712,42,3,8.0,False
ee,30,37521,53.7762,-2.7196,27,3,10.8,False
ee,30,37530,51.23847,-0.58066,20,4,6.6,False
ee,30,37531,51.43912,-0.45698,192,5,6.3,False
ee,30,37539,51.38458,-0.57632,52,3,6.2,False
ee,30,37547,51.29124,-0.35667,135,3,7.2,False
ee,30,37558,51.51305,-0.47335,47,2,11.6,False
ee,30,37577,53.7379,-0.3971,53,2,5.0,False
ee,30,37584,51.39931,-0.56523,80,5,7.1,False
ee,30,37585,51.3797,-0.35175,28,2,4.2,False
ee,30,37604,53.01152,-2.20445,79,3,6.2,False
ee,30,37616,51.44259,0.08566,75,5,7.8,False
ee,30,37618,53.05164,-2.23073,106,3,5.4,False
ee,30,37632,52.80681,-2.00892,52,2,12.6,False
ee,30,37635,52.84105,-2.17446,194,6,9.8,False
ee,30,37659,53.20693,-2.50471,64,3,6.2,False
ee,30,37665,52.28286,-0.95146,169,2,6.7,False
ee,30,37666,51.18489,-1.26307,69,2,8.2,False
ee,30,37674,51.45309,-0.17615,50,8,3.8,False
ee,30,37680,51.48793,-0.30595,319,11,10.2,False
ee,30,37698,51.4067,-0.67498,92,2,10.4,True
ee,30,37703,51.40291,0.05935,245,22,12.3,False
ee,30,37704,51.40941,-0.24421,54,2,5.3,False
ee,30,37708,51.38524,-0.32976,97,3,5.7,False
ee,30,37711,51.42397,-0.55881,100,5,12.0,False
ee,30,37742,51.36317,-0.45799,92,4,7.9,False
ee,30,37777,51.36427,0.09685,102,11,7.3,False
ee,30,37793,51.37102,0.38884,120,3,7.4,False
ee,30,37878,51.43252,-0.50155,157,6,5.3,False
ee,30,37886,53.21833,-2.14602,75,3,4.9,False
ee,30,37923,51.4896,-0.05516,113,12,6.5,False
ee,30,37957,51.55682,-0.22406,48,5,3.9,False
ee,30,37959,53.40346,-2.94558,32,2,3.9,False
ee,30,39027,53.41529,-2.60916,107,4,5.9,False
ee,30,39128,52.47626,-0.91498,50,6,13.6,False
ee,30,39320,53.74121,-2.70698,25,2,3.7,False
ee,30,39355,51.52693,-0.26596,115,10,7.3,False
ee,30,39484,52.35798,-1.19924,128,3,4.9,False
ee,30,39535,51.45373,-0.00052,161,16,10.0,False
ee,30,39558,52.80913,-2.12471,36,6,4.7,False
ee,30,39564,51.53313,-1.87277,21,2,6.0,False
ee,30,39610,53.48632,-2.95118,63,2,20.6,False
ee,30,39612,53.37599,-1.33249,73,2,8.2,False
ee,30,39689,52.12531,-2.1485,36,2,5.6,False
ee,30,39698,51.98445,-0.74209,94,2,6.8,False
ee,30,39740,51.43964,-0.10368,227,12,9.8,False
ee,30,39742,52.95686,-1.28051,90,3,8.0,True
ee,30,39800,51.46637,-1.00267,156,4,7.0,False
ee,30,39895,51.41031,0.01902,169,20,13.9,False
ee,30,40045,51.47616,-0.19,106,3,6.6,False
ee,30,40989,52.78885,-1.99756,267,6,7.6,False
ee,30,40997,52.75589,-1.88689,395,6,8.6,False
ee,30,40998,53.02701,-2.39573,418,5,5.2,False
ee,30,41004,55.40337,-3.55485,41,2,6.7,False
ee,30,41038,51.50665,-0.08894,26,6,2.8,False
ee,30,41087,51.47825,-0.14434,48,13,10.6,False
ee,30,41112,51.47426,-0.03906,22,7,5.2,False
ee,30,41124,51.47586,-0.14901,20,5,5.8,False
ee,30,41160,52.56579,-2.14368,250,4,8.2,False
ee,30,41168,54.88161,-2.89567,104,4,6.7,False
ee,30,41176,53.06047,-2.2351,28,3,6.7,False
ee,30,41185,53.13785,-2.50089,23,3,3.4,False
ee,30,41189,52.494,-1.94147,34,2,7.7,False
ee,30,41201,53.11344,-2.44972,114,5,6.7,False
ee,30,41227,51.61029,-1.23124,157,3,5.8,False
ee,30,41283,52.79175,-2.0417,151,6,6.9,False
ee,30,41307,51.31666,-0.55773,80,7,7.9,False
ee,30,41352,53.09982,-2.24368,72,2,5.8,False
ee,30,41390,54.14346,-2.74599,133,3,7.1,False
ee,30,41425,52.70102,-2.52231,83,2,6.9,True
ee,30,41613,52.57929,-1.82693,76,2,7.2,False
ee,30,41731,51.49142,-0.58939,21,3,9.2,False
ee,30,41855,51.46511,-0.01224,23,10,10.4,True
ee,30,41856,51.46454,-0.01791,26,10,7.4,True
ee,30,42032,53.69362,-0.42572,35,2,8.4,False
ee,30,42073,52.37894,-1.27343,73,3,5.4,False
ee,30,42116,51.74437,-0.31971,83,7,7.1,False
ee,30,42170,53.98509,-1.13088,113,2,6.5,False
ee,30,42207,51.56736,-1.76951,90,3,5.0,False
ee,30,42327,50.78597,0.28627,77,3,6.4,False
ee,30,42349,51.40346,-0.65885,91,2,4.9,False
ee,30,42357,52.44595,-2.84449,177,2,7.4,False
ee,30,42991,53.83656,-2.74123,73,2,7.9,False
ee,30,43003,51.45275,-2.57288,188,4,7.2,False
ee,30,43009,51.54122,-0.27668,53,4,4.4,False
ee,30,43010,51.59107,-0.32779,27,4,4.1,False
ee,30,43012,51.38734,-0.31521,93,3,5.9,False
ee,30,43018,51.01845,-0.12174,252,5,7.8,False
ee,30,43022,54.77284,-1.60393,56,2,10.7,False
ee,30,43025,51.41815,-0.00151,225,19,8.5,False
ee,30,43030,51.59196,-0.32347,46,4,6.1,False
ee,30,43031,51.52942,-0.22014,70,5,9.5,False
ee,30,43046,51.30994,0.13616,97,14,7.1,False
ee,30,43060,51.49965,-0.43125,115,2,5.6,False
ee,30,43066,51.52404,-2.43547,47,4,5.5,True
ee,30,43084,51.53086,-0.13629,48,3,4.4,False
ee,30,43106,51.47975,-0.05833,223,15,6.6,False
ee,30,43107,51.48571,-0.04447,21,8,11.4,True
ee,30,43117,51.36119,-0.20629,99,7,5.5,False
ee,30,43119,53.47346,-2.62171,25,3,5.3,False
ee,30,43135,51.53969,-0.12805,91,4,7.1,False
ee,30,43160,51.40367,-0.07011,361,11,8.9,False
ee,30,43186,51.48444,-0.12285,52,7,8.9,True
ee,30,43196,51.44544,-0.3428,116,5,8.6,False
ee,30,43205,51.54656,-0.24305,36,6,5.6,False
o2,10,103,52.47808,-1.90093,36,2,4.6,False
o2,10,266,55.81924,-4.15938,55,2,6.0,False
o2,10,362,53.39889,-2.93544,24,2,4.8,True
o2,10,424,52.58461,-1.96267,66,3,4.0,False
o2,10,438,52.27443,-1.70137,46,5,8.3,False
o2,10,441,52.46498,-1.7551,21,6,4.0,True
o2,10,505,52.57048,-1.80068,141,6,8.7,False
o2,10,542,52.49007,-1.83092,42,2,6.2,False
o2,10,545,52.41736,-1.91847,48,3,8.5,False
o2,10,551,53.40971,-2.92798,24,2,5.8,False
o2,10,565,52.58994,-2.12296,64,4,4.8,False
o2,10,627,53.45795,-2.99534,147,2,7.6,False
o2,10,643,52.44687,-1.88984,27,2,8.5,False
o2,10,664,52.383,-1.9835,56,3,7.2,False
o2,10,855,55.72292,-4.24962,25,2,3.5,False
o2,10,933,55.80945,-4.37989,29,2,4.1,False
o2,10,1092,53.46724,-3.00387,23,2,4.3,False
o2,10,1125,55.81864,-4.16314,29,2,4.8,False
o2,10,1140,52.50683,-1.87159,168,6,7.6,True
o2,10,1151,52.4798,-1.8501,59,7,7.6,False
o2,10,1161,52.47986,-1.88654,101,4,6.7,False
o2,10,1221,52.48315,-1.88749,60,4,7.0,False
o2,10,1359,52.51716,-1.88449,39,2,3.7,False
o2,10,1373,52.48595,-1.8077,34,2,5.8,False
o2,10,1504,55.8289,-4.17155,24,3,3.6,True
o2,10,1767,52.4233,-1.92135,68,3,5.1,True
o2,10,2498,55.81957,-4.23694,26,2,4.1,False
o2,10,2635,53.55453,-3.07094,44,2,5.1,False
o2,10,2648,53.60097,-3.04453,40,2,4.9,False
o2,10,2657,55.80994,-4.02274,40,3,8.5,False
o2,10,2670,53.58539,-3.0701,23,2,4.4,False
o2,10,2712,53.5908,-3.07082,35,2,4.3,False
o2,10,2810,51.50278,-3.5625,30,4,5.2,False
o2,10,2811,51.57591,-3.76978,97,4,7.3,False
o2,10,2826,51.5566,-3.51628,26,2,4.0,False
o2,10,2872,53.4229,-2.93796,22,2,6.0,False
o2,10,2886,51.59034,-3.00281,33,5,3.5,False
o2,10,2888,51.59571,-2.99212,21,2,3.1,False
o2,10,2908,53.29365,-2.58478,49,5,4.1,False
o2,10,2918,51.55335,-3.0211,56,4,4.3,False
o2,10,2923,51.53158,-3.73123,59,4,5.4,False
o2,10,2925,51.51171,-3.58743,27,3,6.2,False
o2,10,2939,51.53742,-2.39451,20,2,1.8,False
o2,10,3010,51.50918,-3.53311,20,4,3.1,False
o2,10,3041,51.50148,-3.3439,36,4,3.0,False
o2,10,3051,51.493,-3.1479,25,2,4.9,False
o2,10,3070,52.31662,-2.0603,73,2,4.8,False
o2,10,3077,53.19923,-2.50101,34,5,5.3,False
o2,10,3078,53.18284,-2.5085,66,5,5.5,False
o2,10,3085,51.67427,-3.91323,32,2,5.7,False
o2,10,3121,53.32105,-2.64968,22,3,8.0,False
o2,10,3145,53.77637,-2.72056,85,4,5.1,False
o2,10,3181,55.82134,-4.05855,46,3,6.3,False
o2,10,3185,53.69652,-2.68336,63,4,4.5,False
o2,10,3204,53.75886,-2.70863,66,5,5.9,False
o2,10,3233,53.73656,-2.48463,26,3,3.3,False
o2,10,3257,51.61782,-3.81159,51,5,5.2,False
o2,10,3281,51.64579,-3.84531,95,2,6.4,False
o2,10,3328,52.41896,-2.15543,33,3,7.5,False
o2,10,3353,53.74988,-2.73801,22,5,5.1,False
o2,10,3358,52.06495,-2.72264,27,2,4.6,False
o2,10,3373,51.57747,-3.03675,37,2,4.2,False
o2,10,3390,55.85286,-4.0114,29,2,4.1,False
o2,10,3457,51.68019,-3.98434,42,2,6.1,False
o2,10,3462,52.5362,-1.93538,42,2,6.2,False
o2,10,3495,52.49174,-1.86877,127,6,7.5,False
o2,10,3538,53.26179,-2.67345,59,6,4.9,False
o2,10,3553,51.59884,-3.79219,50,5,7.3,False
o2,10,3571,52.50207,-1.8384,161,6,6.2,False
o2,10,3635,51.45987,-2.56314,74,3,7.1,False
o2,10,3642,53.08275,-2.42504,49,6,5.4,False
o2,10,3651,53.09242,-2.43901,20,5,5.8,False
o2,10,3710,52.93984,-2.00261,33,2,4.4,False
o2,10,3713,53.18028,-2.42425,41,5,3.8,False
o2,10,3730,51.22093,-2.18826,283,2,7.3,False
o2,10,3744,55.83298,-4.26325,36,4,9.4,False
o2,10,3751,51.25498,-2.26655,105,2,5.8,False
o2,10,3814,52.12812,-2.20556,49,3,3.9,False
o2,10,3819,53.05923,-2.5411,33,2,3.5,False
o2,10,3840,51.48211,-3.22451,59,4,4.3,False
o2,10,3897,53.3359,-2.66349,42,4,4.5,False
o2,10,3957,52.70666,-2.7446,349,4,6.9,False
o2,10,3978,53.08441,-2.43367,146,9,8.2,False
o2,10,4017,53.73545,-2.51178,46,3,4.2,False
o2,10,4038,53.45234,-2.633,37,3,3.4,False
o2,10,4042,53.79526,-2.72485,59,3,4.4,False
o2,10,4045,51.44828,-2.57196,38,3,5.1,True
o2,10,4091,53.08586,-2.24216,64,4,8.0,False
o2,10,4150,55.82809,-4.04618,26,3,3.3,False
o2,10,4189,53.56128,-2.64042,49,4,7.1,False
o2,10,4261,53.17581,-2.40182,54,5,4.4,False
o2,10,4276,53.62358,-3.02254,28,2,3.4,False
o2,10,4279,53.68231,-2.68211,54,4,4.6,False
o2,10,4293,53.09809,-2.44352,158,9,7.0,False
o2,10,4310,51.5279,-3.538,51,4,5.1,False
o2,10,4326,53.37814,-2.60974,48,4,4.8,False
o2,10,4342,52.69994,-2.49633,20,2,3.7,False
o2,10,4378,55.85315,-4.26093,23,2,3.8,False
o2,10,4388,53.38694,-2.61681,27,4,4.7,False
o2,10,4410,52.21679,-2.1398,47,2,6.1,False
o2,10,4423,52.04374,-2.70684,31,2,4.4,True
o2,10,4463,55.81251,-3.96795,54,2,6.6,False
o2,10,4467,52.26351,-2.1474,86,2,5.8,False
o2,10,4521,54.86826,-2.89951,40,3,3.4,False
o2,10,4528,55.25451,-3.41089,128,3,4.9,False
o2,10,4600,55.97207,-4.72199,32,2,6.6,False
o2,10,4624,51.59108,-3.77589,97,5,5.3,False
o2,10,4646,54.6208,-2.70564,52,2,6.7,False
o2,10,4651,54.99307,-3.09572,118,5,6.7,False
o2,10,4656,53.09532,-2.30406,34,3,4.9,False
o2,10,4668,53.75655,-2.7143,59,5,5.5,False
o2,10,4672,53.76579,-2.76612,99,3,4.9,False
o2,10,4680,51.67239,-3.80662,55,4,6.5,False
o2,10,4693,52.7122,-2.69907,24,4,4.0,False
o2,10,4711,55.06668,-3.34034,159,3,6.5,False
o2,10,4720,52.70637,-2.74616,60,4,4.5,False
o2,10,4724,52.64581,-1.83665,58,2,6.1,False
o2,10,4730,55.79377,-4.38782,88,2,9.3,False
o2,10,4734,52.69084,-2.48691,35,2,5.2,False
o2,10,4748,55.01783,-3.11939,87,5,5.1,False
o2,10,4756,55.66306,-3.64098,47,3,4.6,False
o2,10,4759,55.81193,-4.35777,29,2,6.5,False
o2,10,4763,51.50513,-3.53953,39,4,6.2,False
o2,10,4783,54.57079,-2.68132,104,2,8.2,False
o2,10,4801,55.31034,-3.44379,69,3,5.6,False
o2,10,4834,51.52712,-3.45326,35,3,3.4,False
o2,10,4859,53.20912,-2.54602,45,4,5.6,False
o2,10,4864,55.41855,-3.5883,83,2,7.8,False
o2,10,4866,54.84225,-2.87795,26,2,5.0,False
o2,10,4869,55.47493,-3.69171,36,2,4.4,False
o2,10,4886,53.72849,-2.67134,94,3,6.1,False
o2,10,4895,52.1175,-2.67306,27,2,3.8,True
o2,10,4900,52.70163,-2.52595,59,2,6.9,False
o2,10,5039,53.86905,-2.4132,77,3,5.5,False
o2,10,5043,54.23543,-2.74546,58,4,5.1,False
o2,10,5064,52.80238,-2.09309,32,6,3.8,False
o2,10,5070,54.69073,-2.77783,58,2,6.1,False
o2,10,5071,52.62097,-2.40791,135,2,6.5,False
o2,10,5079,55.06157,-3.55771,85,3,4.0,False
o2,10,5086,51.51718,-3.6218,83,4,7.3,False
o2,10,5090,51.5231,-3.50577,77,4,6.3,False
o2,10,5093,51.57099,-3.68646,38,4,3.3,False
o2,10,5102,54.81239,-2.90611,147,3,6.7,False
o2,10,5122,52.46216,-1.94413,22,2,7.3,False
o2,10,5125,53.66851,-2.6794,63,4,4.3,False
o2,10,5126,51.50929,-2.55263,65,4,3.9,True
o2,10,5129,53.02064,-2.37357,41,7,5.3,False
o2,10,5132,52.79179,-2.1027,194,9,4.6,True
o2,10,5135,54.88403,-2.92073,103,5,6.3,False
o2,10,5139,55.01696,-3.05728,94,4,6.0,False
o2,10,5142,51.52513,-3.40936,47,4,5.3,False
o2,10,5156,54.72209,-2.72623,40,2,4.1,False
o2,10,5159,54.74514,-2.80682,66,2,4.2,False
o2,10,5197,51.48261,-3.1534,21,2,4.9,False
o2,10,5209,55.69457,-3.51168,35,3,5.2,False
o2,10,5231,51.49329,-4.16126,38,2,4.7,False
o2,10,5236,51.65158,-3.90763,40,3,4.2,False
o2,10,5238,52.05021,-2.70014,37,2,6.4,False
o2,10,5243,55.82257,-4.00119,62,5,6.1,False
o2,10,5247,52.79294,-2.19146,245,9,5.6,False
o2,10,5267,55.59468,-3.60438,45,2,6.7,False
o2,10,5291,53.66154,-2.67459,89,4,4.5,False
o2,10,5326,52.59093,-1.85367,92,8,3.9,False
o2,10,5327,52.71666,-2.74624,65,4,6.1,False
o2,10,5380,53.29028,-2.60508,117,5,6.3,False
o2,10,5384,52.63841,-2.11784,46,3,10.7,False
o2,10,5412,54.9886,-3.31451,78,3,6.5,False
o2,10,5413,52.21248,-2.71443,315,2,8.3,False
o2,10,5421,53.06254,-2.41078,89,5,4.2,False
o2,10,5426,54.38054,-2.65953,46,4,5.3,False
o2,10,5435,51.69428,-2.29501,57,4,5.8,False
o2,10,5438,53.11693,-2.44367,41,5,4.3,False
o2,10,5448,51.6889,-3.00996,260,2,6.2,False
o2,10,5454,52.72986,-2.73513,53,4,4.7,False
o2,10,5470,53.06221,-2.51595,205,2,6.3,False
o2,10,5482,52.69112,-2.76045,36,3,8.0,False
o2,10,5540,55.44062,-3.65953,56,2,6.5,False
o2,10,5545,52.69438,-2.45,28,2,6.6,False
o2,10,5548,55.47557,-3.66372,29,2,5.2,False
o2,10,5560,52.78799,-2.09939,48,9,5.3,False
o2,10,5575,55.79845,-4.0002,56,4,8.0,False
o2,10,5585,53.17405,-2.49719,34,5,2.6,False
o2,10,5621,52.03653,-2.73011,99,2,6.1,False
o2,10,5643,55.47013,-4.29865,40,2,6.1,False
o2,10,5660,55.4669,-3.6501,23,2,6.4,False
o2,10,5663,55.39305,-3.53078,34,3,6.0,False
o2,10,5664,51.52658,-3.69439,73,4,6.2,False
o2,10,5671,53.88103,-2.3812,24,3,5.2,True
o2,10,5672,51.677,-3.90066,66,5,8.2,False
o2,10,5675,53.42963,-2.65188,32,4,3.1,False
o2,10,5690,52.69603,-2.46973,23,2,3.0,False
o2,10,5737,54.56127,-2.49261,117,4,8.4,False
o2,10,5738,55.50782,-3.69634,87,2,5.5,False
o2,10,5781,55.39989,-4.2566,50,2,7.5,False
o2,10,5790,55.71757,-3.61835,34,3,5.1,False
o2,10,5792,51.64395,-3.92547,30,2,5.9,False
o2,10,5794,51.65037,-3.7977,204,5,8.0,True
o2,10,5814,52.48136,-1.88574,29,4,5.1,False
o2,10,5831,55.23289,-3.52339,144,3,7.0,False
o2,10,5848,55.18325,-3.72203,76,2,6.2,False
o2,10,5877,54.16867,-2.80998,61,4,8.6,False
o2,10,5881,54.98194,-3.19898,95,3,6.1,False
o2,10,5893,51.63014,-3.93394,21,4,4.9,False
o2,10,5897,52.05621,-2.70308,103,2,8.2,False
o2,10,5913,52.78116,-2.70577,185,3,6.6,False
o2,10,5945,51.64198,-3.82905,79,3,5.3,False
o2,10,5973,55.54107,-3.6265,121,2,5.8,False
o2,10,5982,53.21034,-2.57238,78,6,6.2,False
o2,10,6025,51.51197,-2.45006,42,5,3.8,True
o2,10,6036,55.08341,-3.49415,255,5,5.7,False
o2,10,6038,52.74243,-2.73031,84,4,6.3,False
o2,10,6039,51.62659,-2.99064,64,5,5.2,False
o2,10,6047,52.54072,-1.80227,33,3,5.0,False
o2,10,6054,54.61541,-2.70711,77,4,6.8,False
o2,10,6059,51.52522,-3.45049,124,4,6.0,False
o2,10,6134,53.60344,-2.65075,38,4,6.7,False
o2,10,6137,52.29534,-2.08032,44,2,5.8,False
o2,10,6161,51.8343,-2.98048,69,2,5.4,False
o2,10,6247,54.90047,-2.94699,34,5,4.9,False
o2,10,6248,54.91653,-3.01107,23,3,3.3,False
o2,10,6250,53.76635,-2.71858,29,4,3.4,True
o2,10,6256,50.71773,-3.53475,45,2,6.4,False
o2,10,6277,51.99524,-2.77322,53,2,7.6,False
o2,10,6282,55.47286,-4.2705,134,2,8.2,False
o2,10,6302,52.7219,-1.86939,30,7,4.7,False
o2,10,6311,53.12278,-2.45292,106,5,4.9,False
o2,10,6325,52.68202,-2.75722,51,2,4.7,False
o2,10,6384,52.86628,-2.70334,151,2,6.1,False
o2,10,6406,54.87883,-2.91357,47,2,6.2,False
o2,10,6428,51.70964,-2.38972,112,4,5.8,False
o2,10,6442,53.76875,-2.48011,41,3,5.5,False
o2,10,6468,53.06603,-2.56143,50,2,4.1,False
o2,10,6480,53.06804,-2.47105,74,2,6.1,False
o2,10,6481,53.05895,-2.56345,54,2,4.9,False
o2,10,6499,53.1516,-2.48424,123,5,6.2,False
o2,10,6528,53.73273,-2.53847,31,3,4.1,False
o2,10,6533,52.06939,-2.71625,47,2,5.9,False
o2,10,6538,51.67778,-4.01618,53,2,4.3,False
o2,10,6565,52.33628,-1.96672,48,2,5.6,False
o2,10,6594,55.75012,-3.85269,56,2,5.6,False
o2,10,6621,51.59919,-3.91734,74,5,5.3,False
o2,10,6629,54.98304,-3.26425,122,3,5.6,False
o2,10,6635,51.6229,-3.81947,51,5,5.1,False
o2,10,6654,53.87931,-2.38715,72,3,5.3,False
o2,10,6655,52.73053,-1.69865,25,5,2.7,False
o2,10,6690,53.09638,-2.28368,47,3,5.1,False
o2,10,6727,56.01611,-4.7593,28,2,7.1,False
o2,10,6765,55.82025,-4.30142,26,3,3.7,False
o2,10,6785,51.60421,-2.97239,113,4,6.1,False
o2,10,6789,54.36262,-2.66637,93,4,6.3,False
o2,10,6799,53.07682,-2.52097,20,2,3.6,False
o2,10,6808,51.56031,-3.69588,85,4,6.7,False
o2,10,6809,51.58231,-2.97039,62,3,3.8,False
o2,10,6838,53.75194,-2.46587,54,3,4.7,False
o2,10,6852,55.08154,-3.23771,120,4,6.6,False
o2,10,6876,51.93147,-2.85148,157,2,5.7,True
o2,10,6889,54.67851,-3.55381,89,2,9.5,False
o2,10,6933,52.67551,-1.61124,42,5,4.3,False
o2,10,6940,52.60169,-1.89843,70,4,9.6,False
o2,10,6945,50.72235,-3.48845,42,2,5.0,False
o2,10,6956,52.37063,-2.73732,61,2,4.0,False
o2,10,6967,52.6848,-1.79786,113,9,6.3,False
o2,10,6975,53.35708,-2.88026,40,2,9.4,False
o2,10,6981,55.46493,-4.25628,57,2,5.9,False
o2,10,6988,51.25397,-2.19989,25,2,3.7,False
o2,10,7024,51.66043,-3.80769,68,5,6.3,False
o2,10,7036,55.61412,-4.50512,30,2,6.1,False
o2,10,7042,55.68075,-4.51441,48,2,5.5,False
o2,10,7083,52.96007,-2.59479,20,2,4.1,False
o2,10,7128,53.03236,-2.3909,85,5,4.8,False
o2,10,7153,53.03158,-2.21834,23,4,4.4,False
o2,10,7164,52.40076,-2.76185,164,2,5.9,False
o2,10,7172,52.71351,-2.74994,80,4,5.4,False
o2,10,7181,53.27756,-2.64288,30,4,3.8,False
o2,10,7183,54.0846,-2.81552,86,4,4.9,False
o2,10,7184,55.45685,-4.24186,37,2,8.6,False
o2,10,7185,51.47244,-3.51375,27,4,5.5,False
o2,10,7207,52.7065,-2.70217,75,2,6.6,False
o2,10,7231,55.69265,-3.67691,27,2,5.3,False
o2,10,7235,50.71063,-3.5467,50,2,5.3,False
o2,10,7244,54.40531,-2.59476,54,3,5.1,False
o2,10,7253,55.28416,-3.42304,40,3,4.7,False
o2,10,7255,55.15815,-3.39835,35,2,3.7,False
o2,10,7286,52.88559,-2.21507,37,5,3.2,False
o2,10,7310,53.96268,-2.78459,31,3,7.4,False
o2,10,7312,52.76164,-1.96645,169,6,8.3,False
o2,10,7317,55.98486,-4.76245,27,2,7.8,False
o2,10,7348,54.13326,-2.29296,183,2,8.4,False
o2,10,7363,55.45044,-4.23519,33,2,7.2,False
o2,10,7377,54.18128,-2.74384,57,4,7.3,False
o2,10,7387,54.22616,-2.73045,70,4,7.3,False
o2,10,7414,52.72767,-2.75556,48,3,6.7,False
o2,10,7440,54.5066,-2.57307,33,2,7.8,False
o2,10,7441,54.45007,-2.35132,97,2,9.5,False
o2,10,7467,51.66506,-3.90148,48,4,5.7,True
o2,10,7470,53.9633,-2.77369,40,3,6.6,False
o2,10,7479,52.93294,-2.81254,22,2,4.2,False
o2,10,7515,52.68947,-2.75917,33,3,3.9,False
o2,10,7516,52.31435,-2.74248,98,2,5.5,False
o2,10,7529,55.29672,-4.01166,82,2,6.9,False
o2,10,7536,51.47324,-3.18236,51,3,5.0,False
o2,10,7537,51.54589,-2.61225,129,3,4.8,False
o2,10,7543,54.91801,-2.96834,84,5,5.1,False
o2,10,7553,53.42011,-2.63781,36,4,3.7,False
o2,10,7571,55.68308,-3.65232,87,3,7.1,False
o2,10,7577,52.87513,-2.73545,91,3,5.5,False
o2,10,7589,53.2118,-2.51082,125,5,4.6,False
o2,10,7603,53.91358,-2.7554,62,3,9.3,False
o2,10,7612,55.50019,-4.35926,45,2,5.8,False
o2,10,7633,54.58837,-2.70689,91,2,7.3,False
o2,10,7635,54.39315,-2.62953,131,3,8.0,False
o2,10,7650,51.58795,-2.78126,87,3,5.8,False
o2,10,7686,55.47575,-4.28089,37,2,7.0,False
o2,10,7692,53.09777,-2.45496,110,6,6.8,False
o2,10,7694,54.56737,-2.67882,35,2,10.3,False
o2,10,7698,51.70071,-3.14584,132,2,7.2,False
o2,10,7738,55.82419,-4.08627,44,3,4.5,False
o2,10,7772,52.24693,-2.74745,55,2,5.7,False
o2,10,7777,53.07783,-2.43683,52,6,4.4,False
o2,10,7796,53.12799,-2.21914,84,3,5.9,False
o2,10,7839,55.81695,-4.02016,42,3,7.7,False
o2,10,7840,52.53353,-1.71404,70,7,4.8,False
o2,10,7937,54.42142,-2.59997,35,2,6.1,False
o2,10,8068,52.68132,-1.82553,102,7,6.6,False
o2,10,8069,51.45095,-2.56945,142,4,6.6,False
o2,10,8095,52.99634,-2.1336,38,2,4.5,False
o2,10,8116,55.60846,-4.47141,24,2,4.3,False
o2,10,8120,55.99822,-4.71157,59,2,6.9,False
o2,10,8122,54.92561,-2.98184,107,5,5.8,False
o2,10,8123,53.21076,-2.51094,41,5,4.9,False
o2,10,8125,51.91205,-3.00569,146,2,6.8,False
o2,10,8138,53.0765,-2.44378,41,5,5.4,False
o2,10,8158,55.57325,-4.41647,22,2,6.6,False
o2,10,8189,54.06831,-2.28521,130,4,7.5,False
o2,10,8208,53.10134,-2.43803,258,10,6.5,False
o2,10,8211,51.66308,-3.8447,60,4,6.2,False
o2,10,8222,52.94143,-2.65863,90,2,6.2,False
o2,10,8223,54.45881,-2.615,96,3,7.5,False
o2,10,8237,54.31637,-2.71914,134,4,9.1,False
o2,10,8241,52.69969,-2.48916,35,2,5.0,False
o2,10,8246,51.72612,-3.17172,35,3,3.3,False
o2,10,8252,54.88141,-2.96382,192,6,7.2,False
o2,10,8285,55.81467,-3.978,39,2,4.9,False
o2,10,8287,51.49011,-2.57282,54,3,3.7,False
o2,10,8311,55.43506,-3.63155,68,2,8.2,False
o2,10,8323,53.90247,-2.34875,83,3,8.1,False
o2,10,8325,52.37805,-2.72362,62,2,5.4,False
o2,10,8342,51.99757,-2.81072,87,2,5.4,False
o2,10,8358,55.19194,-3.40618,57,3,5.2,False
o2,10,8367,54.25093,-2.77667,37,4,6.4,False
o2,10,8372,52.75961,-1.92675,465,6,7.5,False
o2,10,8391,52.6419,-2.77572,167,4,7.2,False
o2,10,8438,53.02355,-2.5867,72,2,5.4,False
o2,10,8466,55.19812,-3.4557,56,3,6.8,False
o2,10,8475,54.72856,-2.79558,41,2,4.3,False
o2,10,8489,50.74336,-3.55871,23,2,5.5,False
o2,10,8495,54.71128,-3.44702,81,2,6.2,False
o2,10,8507,51.26709,-2.18691,37,2,6.1,False
o2,10,8514,55.45841,-3.64449,22,2,5.6,False
o2,10,8566,52.57065,-2.78058,109,2,4.6,False
o2,10,8597,55.96512,-4.62712,35,2,4.9,False
o2,10,8613,56.20255,-4.71139,47,2,8.3,False
o2,10,8621,55.66122,-3.70451,63,3,5.8,False
o2,10,8651,51.88362,-2.98034,87,2,7.2,False
o2,10,8705,54.6567,-2.77092,46,2,6.6,False
o2,10,8706,53.41754,-2.92995,41,2,5.2,False
o2,10,8708,51.51439,-2.56782,43,4,3.2,False
o2,10,8713,54.63542,-2.54467,76,2,6.6,False
o2,10,8726,51.83081,-3.01326,130,2,5.1,False
o2,10,8727,51.51528,-3.3665,88,4,5.2,False
o2,10,8821,54.05335,-2.80564,48,4,5.3,False
o2,10,8829,55.71629,-4.55618,30,2,6.1,False
o2,10,8832,54.96571,-3.00703,84,5,7.4,False
o2,10,8841,51.50932,-2.52639,117,5,4.8,False
o2,10,8846,55.06898,-3.24107,99,5,5.7,False
o2,10,8848,53.01973,-2.61441,22,2,3.9,False
o2,10,8864,52.54662,-2.80248,149,2,7.4,False
o2,10,8868,52.47183,-2.81734,236,2,6.5,False
o2,10,8869,54.94792,-2.96212,81,5,6.1,False
o2,10,8900,52.89203,-2.68626,92,2,5.6,False
o2,10,8902,52.36938,-2.70877,71,2,6.1,False
o2,10,8925,55.5944,-4.4191,76,2,5.7,False
o2,10,8951,51.6669,-3.96716,29,2,3.1,False
o2,10,8955,53.99131,-2.79441,27,2,4.3,False
o2,10,8966,53.05621,-2.23906,40,4,4.1,True
o2,10,8971,51.66194,-3.84333,62,4,5.9,False
o2,10,8996,55.57246,-4.42574,58,2,6.4,False
o2,10,9060,53.19902,-2.46123,37,3,4.4,False
o2,10,9101,53.74278,-2.52954,67,3,5.2,False
o2,10,9127,54.09036,-2.35955,89,2,7.9,False
o2,10,9142,51.74045,-2.9773,72,2,7.2,False
o2,10,9160,52.12148,-2.68389,87,2,5.6,False
o2,10,9202,54.35177,-2.59857,85,4,7.8,False
o2,10,9213,51.69752,-4.0519,22,2,3.9,True
o2,10,9276,52.96518,-2.66738,115,2,6.9,False
o2,10,9277,53.26146,-2.59956,97,5,6.1,False
o2,10,9282,56.34476,-4.70854,157,2,9.4,False
o2,10,9307,51.46627,-2.56471,54,3,4.8,False
o2,10,9355,55.14041,-3.36482,56,3,6.8,False
o2,10,9364,52.7953,-2.0583,84,6,8.1,False
o2,10,9425,55.00323,-3.39562,98,3,6.9,False
o2,10,9531,51.2563,-2.26012,43,2,6.7,False
o2,10,9571,55.58686,-4.39683,23,2,6.4,False
o2,10,9588,54.48039,-2.63318,98,3,5.7,False
o2,10,9680,52.31871,-2.71489,64,2,7.1,False
o2,10,9690,55.38592,-4.12649,83,2,7.6,False
o2,10,9722,54.48118,-2.61775,50,3,7.1,False
o2,10,9756,51.82564,-2.48895,71,4,5.3,False
o2,10,9760,53.41734,-2.61195,37,4,3.7,False
o2,10,9761,52.58901,-1.8693,29,4,1.9,False
o2,10,9814,51.6886,-4.05627,69,2,5.4,False
o2,10,9826,53.0034,-2.66259,155,2,5.5,False
o2,10,9895,51.78448,-4.19842,73,2,5.2,True
o2,10,9896,52.70527,-2.64116,126,2,5.8,False
o2,10,9914,54.00561,-2.81097,84,3,6.1,False
o2,10,9954,55.407,-3.8953,127,2,7.2,False
o2,10,9989,51.50526,-3.57629,35,4,7.2,False
o2,10,10022,53.8673,-2.71024,27,3,4.3,False
o2,10,10028,51.93918,-2.88274,22,2,5.5,False
o2,10,10055,54.35215,-2.678,49,4,5.0,False
o2,10,10072,52.10949,-2.66567,65,2,3.9,True
o2,10,10078,51.50785,-3.03948,103,4,3.6,False
o2,10,10149,51.72193,-2.98932,52,2,3.9,False
o2,10,10177,55.3584,-3.9147,77,2,7.1,False
o2,10,10181,54.16095,-2.6501,23,2,4.5,False
o2,10,10211,54.88176,-2.91727,37,4,6.9,False
o2,10,10221,54.55111,-2.4247,51,2,5.6,False
o2,10,10257,55.95926,-4.78468,38,2,5.8,False
o2,10,10273,52.17569,-2.72512,54,2,7.5,False
o2,10,10298,55.80971,-4.01993,33,3,5.2,False
o2,10,10329,55.40666,-4.13808,77,2,7.9,False
o2,10,10334,52.69256,-2.48479,60,2,4.6,False
o2,10,10371,52.60429,-3.76358,20,2,3.1,False
o2,10,10428,55.25191,-3.76889,104,2,7.3,False
o2,10,10474,55.20373,-3.79802,27,2,5.9,False
o2,10,10514,54.27418,-2.34914,31,2,3.0,False
o2,10,10518,55.38158,-4.02074,77,2,6.5,False
o2,10,10542,55.34791,-3.8897,110,2,8.2,False
o2,10,10568,52.59173,-3.86603,290,2,7.8,False
o2,10,10691,55.06982,-3.60102,137,3,6.4,False
o2,10,10710,55.82176,-4.06268,30,3,6.1,True
o2,10,10726,55.24552,-3.39576,39,3,5.3,False
o2,10,10727,55.33607,-3.51187,56,3,4.3,False
o2,10,10728,55.55772,-3.6243,57,2,5.6,False
o2,10,10756,55.25554,-3.73558,31,3,5.4,False
o2,10,10768,51.98269,-2.80697,100,2,5.9,False
o2,10,10801,55.65271,-3.66851,52,3,7.6,False
o2,10,10817,55.33519,-3.50679,27,3,5.0,False
o2,10,10826,54.96964,-3.35798,53,2,6.5,False
o2,10,10828,55.34768,-3.48283,124,3,8.2,False
o2,10,10830,56.19165,-4.78763,80,2,11.7,False
o2,10,10859,53.25349,-2.64506,70,6,4.0,False
o2,10,10862,53.97528,-2.3389,390,4,7.9,True
o2,10,10864,55.49049,-3.4893,76,3,5.1,False
o2,10,10873,54.98067,-3.08194,51,4,3.5,False
o2,10,10884,55.40418,-3.56105,67,3,4.8,False
o2,10,10920,52.5617,-1.82684,89,4,8.2,False
o2,10,11027,56.20327,-4.77843,200,2,9.8,False
o2,10,11294,53.8728,-2.394,51,3,5.5,False
o2,10,11511,52.71571,-2.46294,29,2,3.9,False
o2,10,11865,53.73721,-2.71012,99,4,5.7,False
o2,10,12118,55.61427,-3.60821,62,2,5.2,False
o2,10,12259,54.97019,-3.28992,112,3,6.2,False
o2,10,12775,56.2361,-4.73543,74,2,5.3,False
o2,10,13317,52.50072,-1.93312,37,2,4.3,False
o2,10,13506,52.41437,-1.9444,58,3,7.0,False
o2,10,13527,52.48563,-1.82266,71,4,5.2,False
o2,10,13723,53.79938,-2.7287,30,4,5.8,False
o2,10,14954,51.75349,-2.41395,23,3,4.0,False
o2,10,100008,51.41009,-0.67278,60,2,4.0,False
o2,10,100041,51.24801,-0.45509,96,5,6.8,False
o2,10,100051,51.45223,-0.33348,58,5,7.3,False
o2,10,100069,51.22903,0.18389,204,20,5.4,False
o2,10,100372,51.26023,-0.49287,102,5,4.3,False
o2,10,100385,51.38744,0.07338,158,21,6.3,False
o2,10,100410,51.22087,-0.16714,122,10,4.8,False
o2,10,100484,51.21707,-0.05025,82,5,5.9,False
o2,10,100598,51.18116,-0.01468,175,7,9.6,False
o2,10,100599,51.11529,-0.20704,51,2,5.9,False
o2,10,100668,51.4629,-0.21897,53,11,6.7,False
o2,10,100686,51.49247,-0.29014,221,10,7.9,False
o2,10,100705,51.3475,-0.09923,50,12,6.9,False
o2,10,100757,51.32593,-0.54103,26,2,5.5,False
o2,10,100869,51.4492,0.00681,31,11,5.2,False
o2,10,100873,51.44286,-0.1277,47,3,7.3,False
o2,10,100879,51.29181,0.19392,273,19,6.8,False
o2,10,100887,51.39573,-0.2742,23,3,6.4,False
o2,10,100890,51.41782,-0.68626,37,2,4.1,True
o2,10,100901,51.24565,-0.32716,47,4,4.8,False
o2,10,100915,51.30102,-0.35593,38,3,5.3,False
o2,10,100939,51.27851,-0.43804,102,4,7.9,False
o2,10,100954,51.46548,-0.10202,83,18,6.5,False
o2,10,100955,51.49022,-0.14684,84,10,3.8,False
o2,10,100967,51.47923,0.17761,21,2,3.6,False
o2,10,101003,51.46396,0.18581,56,2,5.2,False
o2,10,101039,51.22503,-0.12838,32,6,5.3,False
o2,10,101042,51.29891,0.24878,207,8,11.2,False
o2,10,101048,51.49171,-0.19347,21,3,5.8,False
o2,10,101191,51.25712,-0.00517,54,2,6.3,False
o2,10,101208,51.39158,-0.31337,63,3,5.7,False
o2,10,101209,51.44666,-0.09,37,5,4.8,True
o2,10,101239,51.32951,-0.53021,25,2,3.8,True
o2,10,101243,51.40581,0.3345,60,3,6.6,False
o2,10,101253,51.21236,0.03084,171,7,8.3,False
o2,10,101258,51.39055,-0.63357,53,2,3.8,False
o2,10,101259,51.19058,0.06493,348,7,7.8,False
o2,10,101262,51.40183,0.04224,92,10,6.7,False
o2,10,101264,51.37474,0.09078,89,21,4.6,False
o2,10,101267,51.44839,0.22365,60,6,5.6,False
o2,10,101281,51.43931,0.01109,79,16,5.8,False
o2,10,101451,51.33341,-0.39754,64,4,4.4,False
o2,10,101489,51.23411,-0.26447,263,6,6.4,False
o2,10,101531,51.48365,-0.14804,34,10,3.5,False
o2,10,101687,51.22769,-0.00656,39,2,5.5,True
o2,10,101756,51.58582,-1.15133,197,3,6.5,False
o2,10,101760,51.53845,-1.97894,148,3,5.6,False
o2,10,101762,51.58471,-1.92048,190,3,7.0,False
o2,10,101798,51.54331,-2.10072,184,3,6.6,False
o2,10,101799,51.18199,0.15114,42,8,4.2,False
o2,10,101812,51.62134,-1.21976,85,3,5.2,False
o2,10,101815,51.55574,-1.79685,88,3,4.6,False
o2,10,101816,51.54842,-1.93169,40,3,5.3,False
o2,10,101817,51.5666,-1.76507,69,2,6.6,False
o2,10,101819,51.54296,-1.84263,33,3,3.5,False
o2,10,101824,51.54046,-1.82902,58,2,9.0,False
o2,10,101829,51.53738,-1.82788,24,3,4.5,False
o2,10,101849,51.53997,-2.25927,54,2,5.3,False
o2,10,101895,54.11524,-2.79134,155,4,4.5,False
o2,10,102012,51.55569,-2.12888,26,2,2.9,False
o2,10,102112,51.21804,-0.53711,90,4,5.1,False
o2,10,102167,54.33238,-2.71991,56,4,5.5,False
o2,10,102287,51.2114,-0.56473,110,4,6.3,False
o2,10,102294,51.5713,-1.12482,35,3,5.4,False
o2,10,102338,51.54105,-1.91839,92,3,8.1,False
o2,10,102344,51.25425,-0.68881,168,4,6.9,False
o2,10,102509,51.01387,-0.44906,130,2,5.0,False
o2,10,102520,51.36445,-0.09665,125,13,5.1,False
o2,10,102522,51.24596,-0.57317,56,4,5.9,False
o2,10,102524,51.12755,-0.01825,20,2,3.0,False
o2,10,102563,51.5764,-1.19287,52,3,4.0,False
o2,10,102564,50.92553,-0.52313,301,2,6.4,False
o2,10,102587,50.81743,-0.55429,70,2,6.3,False
o2,10,102661,51.38458,0.35941,62,3,6.0,False
o2,10,102688,51.08211,-0.28492,30,2,4.0,False
o2,10,102691,51.11489,-0.16507,148,5,6.1,False
o2,10,102694,51.08645,-0.228,94,2,6.3,False
o2,10,102733,51.4842,-1.07373,201,3,5.4,False
o2,10,102750,51.08513,-0.28518,125,2,6.4,False
o2,10,102769,51.17892,-0.16151,38,4,3.9,False
o2,10,102821,51.56077,-1.77207,25,3,4.4,False
o2,10,102932,51.22048,-0.44303,105,4,5.4,False
o2,10,103186,51.24138,-0.57806,36,4,4.3,True
o2,10,103205,51.86282,-2.22208,36,3,5.8,False
o2,10,103256,51.10669,-0.19187,113,2,4.5,False
o2,10,103262,51.77531,-2.28305,34,4,4.2,False
o2,10,103264,51.90064,-2.09928,92,4,4.8,False
o2,10,103285,51.28764,0.30994,55,3,5.5,False
o2,10,103323,51.47481,-1.04057,47,3,6.5,False
o2,10,103346,51.00405,-0.33432,190,2,4.5,False
o2,10,103361,51.47318,-0.85826,52,2,6.5,False
o2,10,103437,51.18553,0.0649,328,8,7.6,False
o2,10,103446,51.30155,0.38569,65,3,5.3,False
o2,10,103476,51.19073,-0.16074,37,4,6.6,False
o2,10,103501,51.05443,-0.36066,92,2,8.7,False
o2,10,103523,51.20356,-0.15962,51,5,9.6,False
o2,10,103526,51.20928,0.25898,260,19,4.8,False
o2,10,103586,51.45184,-0.02868,91,18,5.0,True
o2,10,103612,51.30764,0.301,47,3,5.2,False
o2,10,103613,51.05777,-0.36086,120,2,6.5,False
o2,10,103622,50.98711,-0.48859,301,2,7.8,False
o2,10,103629,51.87941,-2.19465,28,4,2.6,False
o2,10,103634,51.22732,-0.11468,124,6,6.5,False
o2,10,103657,51.14459,-0.00779,108,2,3.6,False
o2,10,103705,51.98558,-2.08118,74,4,3.2,False
o2,10,103706,51.15351,-0.04372,455,10,11.9,False
o2,10,103836,51.40145,-0.56281,95,5,6.8,False
o2,10,103875,51.4969,-1.11429,89,3,6.3,False
o2,10,103881,51.91262,-2.09547,72,3,5.9,False
o2,10,103963,51.62131,-1.2945,68,2,4.5,False
o2,10,103984,51.3009,0.39774,110,3,7.0,False
o2,10,104007,51.61253,-1.23799,109,3,4.6,False
o2,10,104027,51.87258,-2.18935,28,4,4.7,False
o2,10,104052,51.15605,-0.00413,271,7,6.4,False
o2,10,104101,51.19713,-0.5383,24,4,3.6,False
o2,10,104107,51.28601,-0.36159,27,4,5.0,False
o2,10,104115,51.24081,-0.18022,44,10,4.7,False
o2,10,104118,51.85071,-2.20906,37,4,3.4,False
o2,10,104144,51.19974,-0.47061,201,3,7.4,False
o2,10,104157,51.59651,-1.20645,208,3,5.2,False
o2,10,104204,51.24819,-0.23054,38,4,5.7,False
o2,10,104247,51.62693,-1.24447,36,2,4.9,False
o2,10,104258,51.21391,0.2545,229,14,6.2,False
o2,10,104267,51.23866,-0.19612,28,4,4.1,False
o2,10,104286,51.06399,-0.32126,52,2,6.5,False
o2,10,104287,51.83392,-2.28318,78,4,6.9,False
o2,10,104307,51.54147,-1.85285,56,3,4.5,False
o2,10,104324,51.25542,-0.50231,29,4,6.0,False
o2,10,104352,51.25005,-0.55171,28,4,4.4,False
o2,10,104354,51.12315,-0.25912,55,2,4.9,False
o2,10,104358,51.19234,0.28328,189,16,7.7,False
o2,10,104365,51.23995,-0.17487,55,4,5.9,False
o2,10,104459,51.88203,-2.1454,38,2,6.3,False
o2,10,104495,51.32029,-0.55614,95,3,4.3,False
o2,10,104537,51.27334,-0.45013,37,5,4.9,False
o2,10,104543,51.23923,-0.32677,148,4,6.8,False
o2,10,104632,51.19869,0.24787,610,21,6.4,True
o2,10,104642,51.24985,-0.15573,226,11,6.1,False
o2,10,104660,51.5379,-1.99512,186,3,5.3,True
o2,10,104822,50.95677,-0.52048,204,2,7.6,False
o2,10,105112,51.38393,-0.59285,83,2,5.7,False
o2,10,105117,51.10707,-0.23724,27,2,4.3,False
o2,10,105138,51.23282,-0.35099,129,4,4.8,False
o2,10,105146,51.21029,0.06676,191,7,6.5,False
o2,10,105176,51.95139,-2.11066,30,3,5.0,False
o2,10,105180,51.56174,-0.96848,159,3,6.8,False
o2,10,105262,51.20477,-0.17111,117,6,5.5,False
o2,10,105316,51.27811,0.17961,145,17,7.0,False
o2,10,105317,51.05365,-0.33501,104,2,5.9,False
o2,10,105405,51.24361,-0.20146,24,2,4.2,False
o2,10,105460,51.61448,-1.26426,31,2,3.2,False
o2,10,105461,52.02658,-2.11053,175,4,5.0,False
o2,10,105467,51.10406,-0.29359,39,2,6.2,False
o2,10,105522,51.24389,-0.57071,80,2,6.8,False
o2,10,105608,51.19258,0.00622,315,7,6.3,False
o2,10,105673,51.19526,0.26085,197,8,7.1,False
o2,10,105714,51.24635,-0.31312,30,4,4.3,False
o2,10,105778,51.22857,-0.01754,30,7,3.3,True
o2,10,105802,51.89037,-2.11404,46,4,5.5,False
o2,10,105841,52.02622,-2.25981,30,4,3.4,False
o2,10,105842,51.20008,0.07663,21,5,2.9,False
o2,10,105844,51.20815,0.25654,154,17,5.0,False
o2,10,105899,51.23605,0.2952,182,7,4.6,False
o2,10,105962,51.90425,-2.34782,21,3,4.8,False
o2,10,105983,51.17574,-0.15645,56,5,3.4,False
o2,10,106003,51.11631,-0.16264,39,5,3.9,False
o2,10,106020,51.1179,0.24608,158,6,5.9,False
o2,10,106076,51.11598,-0.15657,110,5,5.1,False
o2,10,106219,51.28967,-0.32978,31,4,6.0,False
o2,10,106269,51.23008,-0.33573,133,4,5.7,False
o2,10,106287,51.14908,-0.18568,34,6,2.8,False
o2,10,106332,51.08181,-0.16097,60,7,4.3,False
o2,10,106702,51.97093,-2.09364,54,4,5.1,False
o2,10,106704,51.15594,-0.15937,119,5,6.1,False
o2,10,106709,51.19351,0.27535,252,21,6.1,False
o2,10,106718,51.23298,-0.16739,278,10,7.7,False
o2,10,106824,50.98772,-0.44101,20,2,3.7,False
o2,10,106879,51.3843,-0.59162,57,2,4.1,False
o2,10,106970,51.28316,0.15631,247,20,6.0,False
o2,10,106991,51.23508,-0.17305,66,10,7.3,True
o2,10,107098,51.41402,0.2485,72,11,6.2,False
o2,10,107160,51.47045,-0.16968,24,3,3.7,False
o2,10,107193,51.45788,-1.02676,124,3,4.9,False
o2,10,107223,51.24438,-0.27343,24,4,5.3,False
o2,10,107227,52.12686,-2.14665,45,3,6.3,False
o2,10,107504,51.86618,-2.20716,53,4,4.5,False
o2,10,107562,51.36265,-0.46014,38,2,6.6,False
o2,10,107578,51.54988,-2.18006,81,2,4.6,False
o2,10,107583,51.1695,0.33172,42,6,3.5,False
o2,10,107685,51.22122,-0.35129,118,3,6.5,False
o2,10,107701,51.27987,0.37679,20,3,2.8,False
o2,10,107703,51.31695,0.1772,93,13,7.0,True
o2,10,107706,51.81869,-2.26584,36,4,3.5,False
o2,10,107709,51.83617,-2.26198,56,4,9.2,False
o2,10,107795,51.38481,0.09102,87,8,3.8,False
o2,10,107918,51.40619,-0.0181,35,2,3.3,False
o2,10,107978,51.49468,-0.14355,39,9,6.1,False
o2,10,107987,51.23465,-0.03278,53,7,4.4,False
o2,10,108012,52.00043,-2.10875,87,4,6.9,False
o2,10,108032,51.21441,0.00379,125,4,5.9,False
o2,10,108084,51.2446,-0.21384,92,4,5.9,False
o2,10,108105,51.25689,-0.5298,72,4,6.3,False
o2,10,108127,51.40779,-0.6554,67,2,5.1,False
o2,10,108136,51.1248,-0.15892,51,5,4.6,False
o2,10,108279,51.1055,-0.23398,77,2,5.5,False
o2,10,108291,51.09193,-0.16319,55,5,6.2,False
o2,10,108480,51.17481,-0.16081,206,5,6.4,False
o2,10,108487,51.33544,-0.50899,32,3,4.5,False
o2,10,108546,51.47607,-0.86667,36,2,4.3,False
o2,10,108775,51.38439,-0.60383,28,2,4.4,False
o2,10,109049,52.05088,-2.04848,90,4,4.4,False
o2,10,109229,51.38113,0.3657,23,3,4.1,False
o2,10,109603,51.49139,-0.14607,32,9,4.1,True
o2,10,109646,51.49588,-0.11659,27,5,4.7,False
o2,10,109739,51.1468,0.12415,209,4,7.4,False
o2,10,109840,51.24089,-1.32228,25,2,6.4,False
o2,10,109941,51.571,-1.1148,173,3,6.3,False
o2,10,109942,51.15454,-0.06502,30,4,4.9,False
o2,10,109943,52.09607,-2.14654,70,3,6.1,False
o2,10,110391,51.5956,-1.70101,20,2,4.0,False
o2,10,110435,51.55407,-1.81072,73,3,3.5,False
o2,10,110606,51.22016,-0.56902,44,4,4.4,False
o2,10,111187,51.92805,-2.07097,313,4,6.6,True
o2,10,111907,51.58025,-1.80107,32,3,3.8,False
o2,10,111909,51.14771,-0.1579,145,5,6.2,False
o2,10,111919,51.40641,-0.67473,106,2,5.8,False
o2,10,112119,51.07573,-0.31374,46,2,3.8,False
o2,10,112129,50.79934,-0.66514,58,2,5.6,False
o2,10,112134,50.98237,-0.42964,220,2,7.9,False
o2,10,112188,50.78856,-0.67539,29,2,5.5,False
o2,10,112258,51.25009,-0.5794,78,4,4.2,False
o2,10,112377,51.4494,-2.57112,134,3,6.4,False
o2,10,112475,51.14657,-0.15943,55,5,4.3,False
o2,10,112489,51.2386,-1.18217,48,2,5.4,False
o2,10,112563,50.79628,-0.66284,24,2,2.9,False
o2,10,112574,50.79677,-0.65146,44,2,3.5,False
o2,10,112642,51.15154,-1.2628,78,2,5.9,True
o2,10,112653,50.81608,-0.6682,63,2,3.6,False
o2,10,112666,51.15246,-1.31952,38,2,5.0,False
o2,10,112958,51.45587,-0.93537,53,2,5.6,False
o2,10,113024,51.46335,-1.02586,35,3,4.7,False
o2,10,113040,50.82943,-0.6519,23,2,2.4,False
o2,10,113044,51.46521,-0.89986,52,2,4.1,False
o2,10,113049,51.47035,-1.02809,46,3,5.1,False
o2,10,113052,51.45055,-0.93992,28,3,3.6,False
o2,10,113063,51.43554,-1.0121,129,3,8.1,False
o2,10,113089,50.83215,-0.62671,206,2,4.7,False
o2,10,113094,51.25289,-1.25997,51,2,6.3,False
o2,10,113223,50.7886,-0.67593,22,2,3.9,False
o2,10,113283,51.45925,-0.94692,23,3,3.2,True
o2,10,113335,51.45942,-0.94043,93,3,6.2,True
o2,10,113345,51.47162,-0.94678,110,3,5.6,False
o2,10,113433,51.22411,-1.22718,80,2,6.6,False
o2,10,113499,51.52159,-2.515,27,4,4.2,False
o2,10,113538,51.48196,-2.57384,59,3,5.6,False
o2,10,113544,51.52057,-2.63993,25,3,2.9,False
o2,10,113551,51.58653,-2.94772,46,3,4.0,False
o2,10,113570,51.51576,-2.48626,26,4,3.9,False
o2,10,113596,51.52118,-2.5562,37,2,3.2,False
o2,10,113597,51.58966,-3.05414,25,2,6.5,False
o2,10,113663,51.50938,-2.55213,88,3,4.8,True
o2,10,113685,51.42439,-1.00174,42,2,4.7,False
o2,10,113831,51.45849,-0.99918,25,4,3.9,False
o2,10,113840,51.58234,-2.80914,82,3,5.3,False
o2,10,113873,53.02403,-2.19243,22,3,3.8,False
o2,10,113907,53.35624,-2.6337,77,4,4.5,False
o2,10,113925,53.49251,-2.58879,26,4,4.1,False
o2,10,113932,53.44603,-2.61701,160,4,6.5,False
o2,10,113933,53.48088,-2.61903,36,2,10.8,False
o2,10,113967,51.58971,-2.98997,173,5,6.0,False
o2,10,113990,51.47825,-3.35033,109,4,5.7,False
o2,10,114027,51.58798,-2.99864,30,5,5.1,False
o2,10,114042,51.58034,-2.94982,75,3,4.6,False
o2,10,114050,53.01763,-2.37795,102,5,4.7,False
o2,10,114071,51.5159,-2.96081,28,4,4.3,True
o2,10,114073,51.63507,-3.03435,38,2,3.0,False
o2,10,114137,51.58386,-2.45211,58,4,4.1,False
o2,10,114144,51.66586,-2.50869,159,4,6.8,False
o2,10,114150,52.99091,-2.15337,44,2,4.6,False
o2,10,114159,53.04344,-2.21817,99,4,4.9,False
o2,10,114182,51.53236,-2.38053,63,2,5.1,False
o2,10,114263,51.5221,-2.48935,28,4,6.4,False
o2,10,114266,52.36798,-1.98946,46,3,4.1,False
o2,10,114287,51.83729,-2.35041,28,4,5.1,False
o2,10,114288,51.67055,-2.403,98,4,6.5,False
o2,10,114380,53.08125,-2.36123,282,8,6.7,False
o2,10,114407,53.47373,-2.59731,175,4,5.2,False
o2,10,114417,51.59314,-2.35267,113,4,6.5,False
o2,10,114421,52.95171,-2.28742,180,5,6.8,False
o2,10,114435,51.74155,-2.30138,65,4,5.7,False
o2,10,114463,51.5231,-2.41482,59,4,4.5,False
o2,10,114468,51.56374,-2.64646,83,3,7.0,False
o2,10,114473,51.57547,-2.84498,192,3,4.6,False
o2,10,114495,51.46194,-0.99048,76,4,5.1,False
o2,10,114497,51.60345,-2.86339,76,3,3.6,False
o2,10,114506,52.73807,-2.11854,157,3,4.4,False
o2,10,114510,53.54251,-2.65791,43,4,2.9,False
o2,10,114543,51.55435,-2.42559,103,4,4.5,False
o2,10,114577,51.57054,-3.01159,130,4,6.4,False
o2,10,114598,51.7779,-2.97718,53,2,3.8,False
o2,10,114599,51.61932,-2.36454,91,4,9.5,False
o2,10,114625,52.7259,-1.87481,205,6,6.4,False
o2,10,114675,52.75689,-1.88802,84,5,3.7,False
o2,10,114716,52.65961,-1.83302,37,3,7.8,False
o2,10,114729,52.65139,-1.8261,62,2,6.4,False
o2,10,114741,52.6036,-1.93296,99,3,6.1,False
o2,10,114743,51.71918,-2.38668,68,4,6.8,False
o2,10,114746,51.62383,-2.95336,53,5,5.1,False
o2,10,114769,52.77817,-2.10827,66,5,3.9,False
o2,10,114788,53.15364,-2.35707,164,8,5.9,False
o2,10,114789,52.79013,-1.93507,67,6,6.0,False
o2,10,114790,53.54935,-2.63261,23,4,3.5,True
o2,10,114797,52.80781,-2.15192,59,6,4.1,False
o2,10,114805,52.35644,-2.07834,25,2,4.6,False
o2,10,114811,52.31444,-2.05564,129,2,6.7,False
o2,10,114826,52.69537,-2.12772,105,3,6.3,False
o2,10,114830,51.58151,-2.47721,20,2,2.7,False
o2,10,114839,52.77892,-2.0393,82,6,4.5,False
o2,10,114841,52.71989,-2.20558,35,3,3.1,False
o2,10,114847,51.58162,-2.47481,128,4,5.1,False
o2,10,114850,52.90556,-1.90928,130,2,5.5,False
o2,10,114866,52.98112,-2.27577,58,5,6.2,False
o2,10,114874,51.65866,-2.98884,61,2,4.6,False
o2,10,114880,52.6978,-1.74483,421,10,6.4,True
o2,10,114896,52.88661,-2.18089,178,6,6.4,False
o2,10,114923,51.48496,-1.06617,35,3,6.9,False
o2,10,114928,52.81856,-2.1328,94,7,4.1,False
o2,10,114947,52.92385,-1.99823,88,2,5.7,False
o2,10,114953,52.85982,-2.18223,227,6,9.4,False
o2,10,114958,53.10472,-2.25001,63,5,5.1,False
o2,10,114961,52.59744,-1.92826,72,3,3.6,False
o2,10,114969,52.7281,-2.12136,50,3,5.2,False
o2,10,114991,52.61582,-2.21717,25,3,5.7,False
o2,10,114992,53.08719,-2.32056,82,3,5.9,False
o2,10,114994,52.82603,-2.13926,131,6,5.5,False
o2,10,115000,52.80627,-2.16175,60,6,3.1,False
o2,10,115005,53.3308,-2.14291,60,3,5.1,False
o2,10,115012,52.71139,-1.67694,36,5,2.5,False
o2,10,115013,52.68937,-1.80604,193,10,8.2,False
o2,10,115014,52.67349,-1.74785,239,11,5.1,False
o2,10,115059,52.8406,-2.03947,75,2,6.3,False
o2,10,115076,51.65746,-2.98698,51,2,4.5,False
o2,10,115078,52.81151,-2.13366,54,7,5.6,False
o2,10,115099,53.54221,-2.62855,36,4,4.1,False
o2,10,115103,51.58094,-2.44855,26,3,4.3,True
o2,10,115108,51.60392,-2.97009,55,2,4.8,True
o2,10,115128,52.96005,-2.05844,130,2,6.2,False
o2,10,115183,52.96339,-2.31348,155,5,8.6,False
o2,10,115195,51.46047,-0.97778,120,4,6.6,False
o2,10,115274,51.58964,-2.99058,82,5,5.2,False
o2,10,115305,53.74371,-2.58071,40,3,5.6,False
o2,10,115311,54.21825,-2.71298,167,4,6.8,False
o2,10,115315,53.09033,-2.26699,20,3,1.9,False
o2,10,115319,52.66174,-2.11731,61,3,6.6,False
o2,10,115322,53.58809,-2.62797,102,4,6.6,False
o2,10,115327,51.46106,-1.01551,149,3,4.7,False
o2,10,115331,54.22705,-2.72466,193,4,7.1,False
o2,10,115342,53.74297,-2.70598,124,4,5.1,False
o2,10,115346,53.0024,-2.35209,277,5,6.2,False
o2,10,115358,53.61669,-2.65985,124,4,6.5,False
o2,10,115388,53.1332,-2.32755,236,8,6.5,False
o2,10,115496,53.0845,-2.3405,67,3,5.8,False
o2,10,115503,53.40082,-2.60215,210,4,7.4,False
o2,10,115519,54.07052,-2.81195,147,4,6.7,False
o2,10,115526,53.73608,-2.49896,69,3,4.6,False
o2,10,115534,53.62711,-3.02014,78,2,5.5,False
o2,10,115537,53.85728,-2.74367,72,3,7.1,False
o2,10,115570,53.39754,-2.59902,57,4,6.5,False
o2,10,115607,53.73534,-2.48675,38,3,5.9,False
o2,10,115608,53.73869,-2.49032,51,2,5.3,False
o2,10,115610,53.93129,-2.77211,37,3,6.0,False
o2,10,115626,54.07058,-2.85774,68,2,4.8,False
o2,10,115631,52.6795,-1.78408,55,7,3.2,False
o2,10,115661,53.03329,-2.22015,104,4,5.1,False
o2,10,115679,53.64014,-2.66403,63,4,5.3,False
o2,10,115722,53.01748,-2.20029,64,3,4.7,False
o2,10,115738,52.87366,-2.19966,124,6,6.4,False
o2,10,115739,53.72257,-2.70135,114,5,5.7,False
o2,10,115750,55.83941,-3.99963,44,3,4.9,False
o2,10,115759,53.50629,-3.0681,56,2,5.2,False
o2,10,115796,51.52669,-2.56101,65,3,6.1,False
o2,10,115817,53.67454,-2.65729,28,3,4.3,False
o2,10,115836,54.33469,-2.3556,30,2,5.4,False
o2,10,115908,53.416,-2.61624,23,3,3.1,False
o2,10,115928,51.54199,-2.43309,91,5,4.2,False
o2,10,115952,52.64719,-2.13547,32,3,5.4,False
o2,10,115960,50.82196,-0.51719,89,3,8.9,False
o2,10,115965,53.89034,-2.75224,49,3,5.1,False
o2,10,115993,53.68505,-2.68398,75,4,4.1,False
o2,10,115994,53.54293,-2.62687,75,4,6.9,False
o2,10,116015,51.44,-2.60021,33,2,5.3,False
o2,10,116016,54.0547,-2.8096,43,4,4.2,False
o2,10,116117,54.1399,-2.74165,45,2,4.5,False
o2,10,116140,54.23416,-2.66878,125,4,7.3,False
o2,10,116152,54.04674,-2.30354,475,4,8.0,False
o2,10,116166,53.94949,-2.25575,338,4,7.5,False
o2,10,116178,52.99387,-2.13259,53,2,5.3,False
o2,10,116181,52.84218,-2.18054,48,6,4.4,False
o2,10,116210,51.25103,-0.54465,117,4,5.2,False
o2,10,116293,54.01871,-2.79212,46,3,5.9,True
o2,10,116299,53.75691,-2.46677,50,3,4.5,False
o2,10,116303,53.80297,-2.45819,142,3,7.5,False
o2,10,116304,51.65171,-2.97847,39,2,4.1,False
o2,10,116310,53.63203,-2.99937,28,2,3.7,False
o2,10,116311,53.32125,-2.65414,108,5,4.3,False
o2,10,116341,52.77765,-1.95442,253,6,5.5,False
o2,10,116356,52.92536,-2.2596,77,5,8.4,False
o2,10,116359,52.88148,-2.16408,68,6,5.5,True
o2,10,116385,54.3334,-2.70519,40,4,5.5,False
o2,10,116437,53.71963,-2.7049,156,5,6.8,False
o2,10,116521,53.84707,-2.73804,39,3,5.1,False
o2,10,116537,51.49022,-2.05629,61,2,4.8,False
o2,10,116631,51.84608,-2.2399,53,4,4.4,False
o2,10,116650,52.76689,-2.11145,34,3,4.1,False
o2,10,116669,51.92341,-2.08847,25,2,4.8,False
o2,10,116723,53.67761,-1.90759,39,2,13.6,False
o2,10,116871,51.45496,-0.97393,70,3,7.1,False
o2,10,117011,51.74013,-2.2968,88,4,5.7,False
o2,10,117044,55.98694,-4.73004,65,2,7.5,False
o2,10,117046,51.50816,-2.55802,39,4,3.1,False
o2,10,117052,56.05435,-4.81447,80,2,8.0,False
o2,10,117071,56.10773,-4.8393,94,2,4.8,False
o2,10,117115,53.65455,-2.66861,25,4,5.1,False
o2,10,117246,52.04863,-2.11882,86,4,4.7,False
o2,10,117276,51.5892,-2.97862,49,3,4.2,False
o2,10,117284,51.81322,-2.23676,142,4,6.5,False
o2,10,117302,51.51316,-2.51412,43,5,7.1,False
o2,10,117304,54.15081,-2.61289,200,2,6.8,False
o2,10,117313,53.59655,-2.60994,45,2,5.5,False
o2,10,117330,54.042,-2.80887,110,4,6.5,False
o2,10,117419,53.61406,-3.04268,38,2,5.0,False
o2,10,117491,51.55482,-3.01011,53,3,4.9,False
o2,10,117683,53.82425,-2.74352,79,3,6.0,False
o2,10,117684,51.54344,-2.61073,40,3,4.6,False
o2,10,117708,53.76091,-2.71057,161,5,10.1,False
o2,10,117717,55.25416,-3.75799,87,2,5.5,False
o2,10,117727,51.54283,-2.4595,68,5,4.6,False
o2,10,117737,53.52889,-2.61673,75,4,6.0,False
o2,10,117744,53.00934,-2.18794,72,3,5.7,False
o2,10,117770,55.64679,-4.52864,73,2,4.2,False
o2,10,117805,54.10765,-2.48266,189,2,7.5,False
o2,10,117840,55.09789,-3.60273,53,2,5.3,False
o2,10,117871,55.05904,-3.19157,120,3,6.1,False
o2,10,117907,53.7217,-2.64178,98,3,4.4,False
o2,10,117918,51.45698,-0.92468,59,2,5.7,False
o2,10,117947,52.35992,-1.98953,156,3,6.8,False
o2,10,117975,52.80135,-2.15746,555,10,7.8,False
o2,10,117978,51.95363,-2.10776,23,3,11.0,False
o2,10,118017,53.91028,-2.31606,281,3,7.5,False
o2,10,118036,53.65077,-2.6192,102,2,6.8,False
o2,10,118050,51.58169,-2.7696,34,3,4.6,False
o2,10,118063,54.86297,-2.90885,32,2,5.4,False
o2,10,118064,54.97903,-3.06383,288,5,6.8,False
o2,10,118137,53.65254,-2.67308,50,4,4.8,False
o2,10,118141,53.67435,-2.65297,83,2,5.7,False
o2,10,118260,54.91067,-2.94693,121,5,5.8,False
o2,10,118274,54.58349,-2.28956,33,2,6.0,False
o2,10,118277,53.45881,-2.60536,50,4,3.8,False
o2,10,118282,53.38291,-2.61388,73,4,3.9,False
o2,10,118296,52.70621,-1.82142,189,6,4.1,False
o2,10,118359,55.36009,-3.88595,87,2,7.2,False
o2,10,118364,51.53725,-1.87469,92,3,6.9,False
o2,10,118397,53.53744,-3.07011,66,2,7.7,False
o2,10,118408,55.00783,-2.83657,168,6,8.7,False
o2,10,118413,53.72217,-2.66477,61,2,6.8,False
o2,10,118414,53.72507,-2.65749,74,4,6.5,False
o2,10,118433,54.05926,-2.84522,151,4,6.2,True
o2,10,118453,52.96785,-2.32298,93,4,5.9,False
o2,10,118521,55.74714,-3.63924,181,2,7.5,False
o2,10,118535,53.93177,-2.76238,37,3,7.9,False
o2,10,118550,50.82628,-0.6792,60,3,4.7,False
o2,10,118567,51.53057,-2.45105,168,5,8.2,True
o2,10,118569,53.70392,-2.69232,114,4,4.9,False
o2,10,118775,55.69147,-3.49298,51,2,3.8,False
o2,10,118818,53.94185,-2.75531,46,3,9.1,False
o2,10,118946,54.09691,-2.79198,67,4,5.5,False
o2,10,118983,51.66301,-3.01702,22,2,5.0,False
o2,10,119070,53.65399,-2.67303,73,4,5.4,False
o2,10,119071,53.64546,-3.00027,123,3,10.6,True
o2,10,119101,55.14331,-3.66442,99,2,8.4,False
o2,10,119170,52.98662,-2.34065,28,5,4.5,False
o2,10,119177,53.50225,-2.53742,89,3,5.9,False
o2,10,119265,52.78139,-1.93254,78,5,5.1,False
o2,10,119342,51.49277,-2.13376,71,2,8.9,False
o2,10,119395,53.79587,-2.44028,53,3,10.5,False
o2,10,119400,54.52252,-2.6889,117,2,6.4,False
o2,10,119553,51.43955,0.06944,96,5,5.2,False
o2,10,119605,51.41143,-0.05162,101,7,6.1,False
o2,10,119606,51.42087,0.02491,86,14,6.0,False
o2,10,119612,51.39045,0.0454,43,6,4.1,False
o2,10,119625,51.3799,-0.09045,37,7,5.4,False
o2,10,119632,54.82662,-2.87215,45,3,6.6,False
o2,10,119633,51.48252,-0.03681,68,8,3.8,False
o2,10,119637,51.24376,0.00424,151,7,8.9,False
o2,10,119650,51.40625,0.30022,112,5,6.8,False
o2,10,119684,54.62393,-3.63859,131,4,6.4,False
o2,10,119725,51.37394,-0.1956,51,4,6.3,False
o2,10,119735,51.37507,-0.33779,28,2,3.4,False
o2,10,119737,51.44393,-2.58355,67,3,5.7,False
o2,10,119746,54.5556,-2.50624,159,2,9.1,False
o2,10,119747,51.39934,-0.19925,73,6,5.0,False
o2,10,119802,52.99386,-2.18645,58,2,4.5,False
o2,10,119834,55.01099,-3.06406,316,6,6.7,False
o2,10,119849,55.03649,-3.17486,298,4,7.4,False
o2,10,119855,54.9601,-2.8242,49,4,6.7,False
o2,10,119863,53.00523,-2.18109,64,3,6.1,False
o2,10,119866,51.40675,-0.25615,73,2,4.8,False
o2,10,119915,56.05815,-4.84095,116,2,7.6,False
o2,10,119920,51.45618,-0.31745,134,5,5.7,False
o2,10,119921,51.41621,-0.27479,37,5,5.4,False
o2,10,119932,51.32354,-0.37549,88,4,5.9,False
o2,10,119942,51.36796,-0.44615,90,2,5.8,False
o2,10,119943,51.2893,-0.38418,65,4,10.7,False
o2,10,119946,51.37741,-0.39898,33,3,6.0,False
o2,10,119996,54.77703,-2.822,101,2,5.5,False
o2,10,119998,54.4391,-2.61374,98,3,7.8,False
o2,10,120021,51.33391,-0.10013,42,2,6.7,True
o2,10,120023,51.39092,0.10006,122,12,5.5,False
o2,10,120104,54.69972,-2.78079,44,2,3.7,False
o2,10,120158,53.82428,-2.42541,262,3,5.7,False
o2,10,120168,53.74599,-2.48059,110,3,4.7,False
o2,10,120238,54.96179,-2.62705,73,2,6.4,False
o2,10,120265,55.59424,-4.44787,35,2,5.1,False
o2,10,120317,55.26818,-3.72916,25,2,4.8,False
o2,10,120321,53.34385,-2.62885,78,4,7.6,False
o2,10,120363,54.13652,-2.76843,267,4,6.5,False
o2,10,120438,54.30443,-2.72505,66,4,5.7,False
o2,10,120487,54.67404,-2.57184,91,3,5.5,False
o2,10,120505,51.34509,-0.1031,287,14,6.2,False
o2,10,120539,53.00006,-2.19064,27,3,3.8,False
o2,10,120558,54.61738,-2.59877,44,2,5.1,False
o2,10,120575,54.90864,-3.23214,221,4,6.4,True
o2,10,120591,52.88888,-2.71639,24,3,3.7,False
o2,10,120679,52.69241,-2.92944,64,2,5.1,False
o2,10,120680,52.90211,-3.05843,220,2,6.1,False
o2,10,120815,51.20886,-0.47166,102,4,6.6,False
o2,10,120894,51.51797,-2.51137,36,3,6.4,False
o2,10,120916,53.38395,-2.59935,21,4,3.5,False
o2,10,120972,51.23964,-0.57233,49,2,6.1,True
o2,10,121092,51.65444,-3.0205,96,2,5.4,False
o2,10,121099,52.13802,-2.70946,179,2,6.8,False
o2,10,121114,55.01006,-3.05375,56,4,4.8,False
o2,10,121153,52.57854,-3.57675,32,2,6.8,False
o2,10,121168,53.44775,-2.62662,45,2,5.5,False
o2,10,121188,52.78069,-2.92346,28,2,3.9,False
o2,10,121227,55.09343,-3.58567,70,3,4.1,False
o2,10,121337,55.72755,-4.49133,81,2,6.8,False
o2,10,121413,54.94307,-2.55453,56,2,8.0,False
o2,10,121438,51.584,-2.8709,49,3,3.2,False
o2,10,121485,55.09787,-3.58483,55,4,6.1,False
o2,10,121529,55.11342,-3.34268,303,4,7.0,False
o2,10,121542,54.92804,-2.98572,123,6,6.2,False
o2,10,121554,54.87563,-2.95769,232,6,8.7,False
o2,10,121555,54.87779,-2.92458,148,2,6.7,False
o2,10,121559,51.66581,-3.79799,49,5,6.5,False
o2,10,121566,53.37338,-2.63766,69,4,4.2,False
o2,10,121625,52.31916,-2.69256,95,2,6.8,False
o2,10,121662,52.75061,-3.55911,128,2,8.0,False
o2,10,121669,55.68863,-3.64718,70,2,7.3,False
o2,10,121682,54.85533,-2.89253,24,2,5.9,False
o2,10,121772,55.62524,-4.43781,31,2,5.3,False
o2,10,121773,54.93817,-2.86621,31,4,5.0,False
o2,10,121806,54.44027,-2.61505,28,3,7.7,False
o2,10,121829,54.3315,-2.33738,180,2,9.7,False
o2,10,121838,52.79875,-2.83814,206,4,6.8,False
o2,10,121859,56.17775,-4.69936,54,2,7.2,False
o2,10,121867,56.25834,-4.70974,140,2,5.3,False
o2,10,121990,55.6066,-4.46765,113,2,5.4,False
o2,10,121992,55.0038,-3.39295,402,3,8.1,False
o2,10,122019,54.73517,-3.25907,48,2,4.9,False
o2,10,122263,51.12553,-0.16074,23,2,17.4,False
o2,10,122282,53.74658,-2.73388,28,3,3.4,False
o2,10,122426,53.63581,-2.65399,50,2,5.7,False
o2,10,122760,51.51398,-2.55259,45,2,5.4,False
o2,10,122822,55.80962,-3.96437,65,2,5.5,False
o2,10,122841,52.08476,-2.18197,114,4,8.0,False
o2,10,122860,53.70569,-2.55193,114,3,8.7,False
o2,10,122975,55.84649,-4.0283,33,2,4.0,False
o2,10,123023,52.66453,-1.74835,233,10,5.0,False
o2,10,123183,52.9061,-2.25315,167,5,7.0,False
o2,10,123301,52.68664,-1.80261,183,9,6.2,False
o2,10,123306,51.42887,-2.62237,64,2,9.1,False
o2,10,123383,51.83536,-2.25415,55,2,5.2,False
o2,10,123653,51.8898,-2.15656,57,2,6.8,False
o2,10,123692,55.82883,-3.98605,44,2,9.1,False
o2,10,123693,55.80962,-4.02938,73,3,6.6,False
o2,10,123902,51.50396,-2.44854,28,2,8.8,False
o2,10,123905,51.52217,-2.44416,106,3,9.0,True
o2,10,123906,51.52296,-2.44304,216,5,7.2,True
o2,10,123923,51.29685,0.27097,212,19,7.1,False
o2,10,123925,51.52843,-2.44429,157,3,6.8,False
o2,10,123947,52.70041,-1.73266,34,3,6.9,True
o2,10,123948,51.29436,0.31752,255,3,6.8,False
o2,10,124006,51.7706,-2.20928,51,2,7.2,False
o2,10,124050,51.90147,-2.09501,44,2,5.1,False
o2,10,124088,51.19854,0.24639,407,22,12.1,False
o2,10,124102,54.2365,-2.70038,63,3,7.2,False
o2,10,124103,51.40118,-0.65116,127,2,4.9,False
o2,10,124108,54.15064,-2.62383,96,2,7.6,False
o2,10,124124,54.56194,-2.50502,41,2,9.0,False
o2,10,124129,54.65308,-2.74037,205,4,9.8,True
o2,10,124131,54.67189,-2.70758,278,4,7.1,False
o2,10,124140,51.58353,-2.51022,21,2,4.1,False
o2,10,124155,52.13464,-2.67259,205,2,5.9,False
o2,10,124196,52.63625,-1.79875,79,4,7.3,False
o2,10,124199,52.25825,-1.93692,32,2,7.3,True
o2,10,124209,53.71351,-2.45939,56,2,5.9,False
o2,10,124272,52.60192,-1.93184,74,3,11.2,False
o2,10,124332,51.61665,-2.39524,34,2,5.0,False
o2,10,124587,51.18299,-0.00606,172,7,5.2,False
o2,10,124874,51.50348,-2.49153,39,4,8.2,False
o2,10,124900,52.16844,-2.11517,241,3,6.4,False
o2,10,124901,52.18012,-2.1405,32,2,10.0,False
o2,10,125076,51.38982,-0.96943,37,5,6.3,False
o2,10,125129,53.82178,-2.73179,44,3,12.9,False
o2,10,125132,51.91017,-2.09063,87,3,6.9,False
o2,10,125216,51.86194,-2.22098,69,3,7.6,False
o2,10,125243,52.2279,-2.16308,25,2,4.7,False
o2,10,125248,52.278,-2.09842,60,2,7.4,False
o2,10,125249,52.2771,-2.10062,25,2,7.1,False
o2,10,125299,50.79841,-0.66302,39,2,7.1,False
o2,10,125300,51.19191,0.08473,181,5,8.8,False
o2,10,125388,53.55911,-2.89079,40,2,12.1,False
o2,10,125389,53.50808,-2.71998,68,4,11.1,False
o2,10,125408,51.50018,-2.04038,33,2,8.2,False
o2,10,125459,55.97766,-4.09093,98,3,6.2,False
o2,10,125484,51.86048,-2.19438,156,3,8.1,False
o2,10,125510,51.53111,-2.45492,89,4,6.0,True
o2,10,125557,51.09032,-0.30411,128,2,10.2,False
o2,10,125575,51.20126,0.16465,55,8,5.1,False
o2,10,125592,53.17246,-2.40648,27,2,4.0,False
o2,10,125614,55.7643,-4.48911,299,4,8.6,False
o2,10,125630,51.17865,-0.15916,62,4,11.4,False
o2,10,125678,51.20932,0.25239,129,9,13.7,False
o2,10,125688,55.77441,-4.0534,133,2,8.3,False
o2,10,500007,53.99155,-1.17862,130,2,6.3,False
o2,10,500009,50.8326,-0.1756,107,2,6.4,False
o2,10,500013,50.83156,-0.15351,137,4,6.2,False
o2,10,500015,50.83238,-0.13772,40,3,5.7,True
o2,10,500021,51.75448,-0.25187,89,4,7.7,False
o2,10,500029,51.56602,-0.30015,262,4,6.6,False
o2,10,500031,51.4437,-0.53367,25,2,6.0,False
o2,10,500047,51.55925,-0.22556,22,5,3.6,False
o2,10,500051,51.49478,-0.5332,66,3,4.2,False
o2,10,500069,52.50665,-1.84812,46,2,5.0,False
o2,10,500079,51.17954,0.8471,130,6,5.3,True
o2,10,500089,52.95538,-1.28142,107,3,5.2,True
o2,10,500091,51.15982,0.85835,25,3,6.2,False
o2,10,500093,51.28027,0.59193,22,3,3.4,False
o2,10,500107,51.55462,-0.22308,41,5,4.1,True
o2,10,500137,51.53369,-0.14032,110,4,5.7,False
o2,10,500143,53.98818,-1.07449,40,2,5.2,False
o2,10,500149,53.9412,-1.10088,49,2,4.2,False
o2,10,500153,53.94547,-1.10473,108,2,8.1,False
o2,10,500155,53.96631,-1.11708,77,2,10.0,False
o2,10,500183,51.58406,-0.11509,102,2,6.8,False
o2,10,500195,51.51001,-0.3512,36,2,5.4,False
o2,10,500225,51.75363,-0.50239,117,2,4.7,False
o2,10,500237,51.5648,-0.10329,46,2,4.6,False
o2,10,500255,51.51675,-0.2728,31,3,5.3,False
o2,10,500269,52.95817,-1.23012,24,2,1.9,False
o2,10,500279,52.94668,-1.13559,46,3,4.3,False
o2,10,500289,51.64826,-0.38011,326,4,8.2,False
o2,10,500319,51.515,-0.59848,51,2,4.5,False
o2,10,500337,52.92395,-1.28658,108,6,6.7,False
o2,10,500351,51.55304,-0.25257,37,5,4.5,False
o2,10,500353,51.54594,-0.09814,113,2,6.3,False
o2,10,500363,51.62772,-0.38526,22,3,5.1,False
o2,10,500371,51.5405,-0.27738,83,5,6.5,False
o2,10,500377,51.65493,-0.388,53,4,7.0,False
o2,10,500391,51.62496,-0.37147,134,4,5.6,False
o2,10,500393,51.60188,-0.24523,168,7,9.1,False
o2,10,500399,51.59722,-0.33591,195,4,8.7,False
o2,10,500403,51.55606,-0.11103,23,2,3.4,True
o2,10,500415,51.54152,-0.17923,47,6,5.5,False
o2,10,500427,51.66343,-0.3919,23,4,8.1,False
o2,10,500435,51.62228,-0.25819,138,7,7.3,True
o2,10,500457,51.03147,-0.11081,143,5,4.9,False
o2,10,500463,51.30739,0.44491,121,4,6.7,False
o2,10,500467,51.53032,-0.22215,256,5,7.9,False
o2,10,500469,50.85867,0.08594,119,2,6.8,False
o2,10,500471,50.81872,-0.40907,190,2,6.8,False
o2,10,500473,50.96611,-0.12353,44,5,2.8,False
o2,10,500485,51.70143,-0.44366,36,2,5.2,False
o2,10,500509,51.56166,-0.30851,21,2,5.3,False
o2,10,500521,51.44125,0.36563,159,6,12.0,False
o2,10,500525,51.43697,0.34532,39,5,3.4,False
o2,10,500535,51.52358,-0.14231,30,4,11.1,False
o2,10,500559,52.58094,-1.16608,149,7,7.8,False
o2,10,500565,52.94722,-1.15063,24,3,3.9,False
o2,10,500583,51.61208,-0.37591,32,4,4.2,False
o2,10,500589,51.51907,-0.26778,87,4,7.0,False
o2,10,500599,51.63484,-0.38646,36,4,3.6,False
o2,10,500603,51.73632,-0.46562,64,2,4.3,False
o2,10,500805,51.44903,0.30534,182,6,8.9,False
o2,10,500811,51.60189,-0.35886,62,4,6.1,False
o2,10,500831,51.5329,-0.24897,118,6,9.2,False
o2,10,500853,51.54633,-0.26657,81,10,8.4,False
o2,10,500871,51.43704,0.31771,28,5,3.7,True
o2,10,500875,51.7786,-0.31933,67,7,4.4,False
o2,10,500891,53.43446,-1.36384,41,2,5.4,False
o2,10,500897,53.42813,-1.37024,52,3,5.5,True
o2,10,500929,53.44662,-1.35325,67,4,6.3,True
o2,10,500939,53.44186,-1.36073,35,3,4.6,False
o2,10,500975,52.94831,-1.20502,43,2,2.6,False
o2,10,500991,52.59762,-1.13933,96,9,4.5,False
o2,10,501015,52.69801,-1.07945,141,11,5.1,False
o2,10,501067,51.58311,-0.10492,63,2,6.7,False
o2,10,501083,51.48317,-0.30596,122,5,7.6,False
o2,10,501091,52.64518,-1.11191,163,11,4.4,False
o2,10,501097,52.65657,-1.09371,43,11,3.0,False
o2,10,501113,52.91947,-1.26235,20,3,4.2,False
o2,10,501115,52.69585,-1.08451,188,11,5.6,False
o2,10,501119,52.9467,-1.12755,29,2,6.0,False
o2,10,501223,53.47029,-1.30807,24,4,5.5,False
o2,10,501225,53.36273,-1.46391,22,3,4.7,False
o2,10,501231,53.46452,-1.31401,30,4,4.8,False
o2,10,501277,53.38545,-1.3865,28,2,3.5,False
o2,10,501313,54.02069,-1.15575,82,2,3.3,False
o2,10,501317,53.34097,-1.35327,81,2,7.0,False
o2,10,501347,53.3883,-1.44658,91,3,7.0,False
o2,10,501389,53.39274,-1.42853,46,3,6.3,False
o2,10,501405,53.35755,-1.53075,26,3,4.7,False
o2,10,501439,52.94901,-1.12771,31,2,4.5,False
o2,10,501445,52.9439,-1.15846,99,3,5.9,False
o2,10,501447,52.67641,-1.08834,66,11,4.7,False
o2,10,501457,52.94993,-1.11142,31,2,4.8,False
o2,10,501479,53.42237,-1.38582,91,3,4.4,False
o2,10,501501,54.9769,-1.59039,39,2,3.7,False
o2,10,501515,51.54714,-0.15611,295,3,7.8,False
o2,10,501529,53.9271,-1.1233,40,2,6.0,False
o2,10,501531,53.96779,-1.11547,70,2,3.6,False
o2,10,501537,53.96274,-1.10741,52,2,4.7,True
o2,10,501555,54.89497,-1.59061,81,2,4.6,False
o2,10,501611,54.05227,-1.18956,55,2,3.8,False
o2,10,501615,54.11706,-1.21156,23,2,6.1,False
o2,10,501647,54.8539,-1.58033,54,2,6.5,False
o2,10,501677,52.57805,-1.13417,67,4,6.4,False
o2,10,501691,52.67441,-1.09663,113,11,5.5,False
o2,10,501737,51.45206,0.41373,153,5,3.9,False
o2,10,501767,51.46894,-0.35045,29,6,4.0,False
o2,10,501775,51.45053,0.24902,186,5,6.8,False
o2,10,501781,51.33667,0.94469,255,3,8.9,False
o2,10,501783,51.09703,0.97063,71,4,4.8,False
o2,10,501785,51.14791,0.82835,48,5,4.2,False
o2,10,501831,54.96196,-1.65354,72,3,10.9,False
o2,10,501849,53.41343,-1.42579,52,2,4.3,False
o2,10,501875,53.45095,-1.34416,44,4,5.7,True
o2,10,501925,54.9411,-1.62216,57,2,4.2,False
o2,10,501929,54.9035,-1.56557,56,2,4.3,False
o2,10,501931,54.9794,-1.76086,53,3,15.0,False
o2,10,501939,54.94759,-1.63594,43,2,5.5,False
o2,10,501961,51.19674,0.437,185,4,6.1,False
o2,10,501991,51.26955,0.59673,58,3,6.1,False
o2,10,501997,54.88152,-1.57618,27,2,3.8,False
o2,10,502047,51.53549,-0.12356,71,6,7.5,False
o2,10,502053,51.54845,-0.10062,36,2,6.2,False
o2,10,502131,54.96264,-1.61287,43,3,9.1,False
o2,10,502175,51.1745,0.27968,63,4,4.9,False
o2,10,502177,52.97329,-1.28507,38,3,3.7,False
o2,10,502183,51.31344,0.45747,62,5,5.4,False
o2,10,502217,51.51949,-0.25579,185,10,6.4,False
o2,10,502293,50.81847,-0.42244,40,2,4.0,False
o2,10,502295,50.83718,-0.3059,129,2,4.4,False
o2,10,502297,51.00286,-0.07376,260,5,7.0,False
o2,10,502306,50.84294,0.10382,28,2,2.9,False
o2,10,502307,50.8177,0.27282,168,3,6.4,False
o2,10,502309,50.83304,-0.23319,20,2,2.7,False
o2,10,502317,51.1926,0.80851,165,8,7.2,False
o2,10,502319,51.23355,0.65413,182,8,6.4,False
o2,10,502325,51.14173,0.87108,947,9,9.1,False
o2,10,502331,50.81983,0.19194,203,2,7.3,False
o2,10,502333,50.90833,-0.00487,257,5,7.1,False
o2,10,502335,52.89966,-1.29512,272,13,7.6,False
o2,10,502337,51.26523,0.52284,209,5,6.1,True
o2,10,502339,50.91722,-0.14778,120,4,5.4,False
o2,10,502341,52.88325,-1.30103,58,11,5.4,False
o2,10,502345,50.8171,0.26323,43,2,3.4,False
o2,10,502347,52.87928,-1.27635,427,13,7.0,True
o2,10,502355,51.55148,-0.15144,34,6,7.1,False
o2,10,502359,51.26039,1.01895,21,2,3.3,False
o2,10,502389,51.26714,0.61235,158,3,7.1,False
o2,10,502393,51.76277,-0.32356,96,7,5.7,False
o2,10,502397,51.69712,-0.58153,37,2,11.0,False
o2,10,502405,52.89306,-1.26336,125,12,6.1,False
o2,10,502411,51.50802,-0.53942,33,2,5.0,False
o2,10,502465,51.45307,0.40756,54,5,4.5,False
o2,10,502471,51.52138,-0.20868,57,3,5.5,False
o2,10,502479,51.71377,-0.32069,35,5,6.9,False
o2,10,502507,51.28518,0.48614,25,3,4.2,False
o2,10,502511,51.29055,0.49443,273,5,7.3,True
o2,10,502513,51.27639,0.574,41,3,5.8,False
o2,10,502515,51.32153,0.44417,171,5,9.1,False
o2,10,502537,50.854,-0.14514,41,4,4.0,False
o2,10,502539,51.28948,0.55641,103,4,7.6,False
o2,10,502541,50.8153,0.27132,26,3,4.0,False
o2,10,502543,51.25492,0.46521,22,4,3.6,False
o2,10,502545,50.80646,0.27596,88,3,6.6,False
o2,10,502547,52.58445,-1.12767,59,6,4.1,False
o2,10,502599,52.95929,-1.16545,21,2,6.1,False
o2,10,502605,50.84275,-0.23857,34,2,4.5,False
o2,10,502609,50.82304,-0.44808,73,2,4.9,False
o2,10,502635,50.97728,0.11389,22,2,2.7,False
o2,10,502649,51.4252,0.40634,157,6,8.8,False
o2,10,502651,51.56747,-0.21743,41,6,2.8,False
o2,10,502653,51.04875,0.18613,100,2,6.5,False
o2,10,502689,51.53129,-0.23932,191,12,8.6,False
o2,10,502757,51.51973,-0.19525,21,2,3.6,False
o2,10,502759,54.96433,-1.61179,45,3,4.4,False
o2,10,502761,51.51195,-0.67606,39,2,4.5,False
o2,10,502777,51.5154,-0.28606,65,2,5.9,False
o2,10,502781,50.81555,-0.46221,55,2,7.1,False
o2,10,502791,51.57197,-0.23005,22,6,3.1,False
o2,10,502803,53.35548,-1.32258,87,2,7.1,False
o2,10,502819,54.94919,-1.62075,33,2,8.9,True
o2,10,502821,53.91855,-1.173,21,2,3.7,False
o2,10,502823,53.37891,-1.461,58,3,7.4,False
o2,10,502853,52.57865,-1.12511,54,6,5.2,False
o2,10,502863,51.71953,-0.33201,172,7,11.0,False
o2,10,502883,50.84665,-0.65562,59,4,5.2,False
o2,10,502921,51.20737,0.36503,28,7,3.1,False
o2,10,502931,51.51888,-0.20311,98,3,6.4,False
o2,10,502933,51.13933,0.08517,274,16,6.2,False
o2,10,502985,52.9466,-1.1513,23,3,4.7,False
o2,10,503035,52.6377,-1.14369,130,10,6.2,False
o2,10,503055,51.1175,0.16055,61,5,5.8,False
o2,10,503067,53.45062,-1.34147,74,4,5.6,True
o2,10,503073,51.44207,0.39353,111,6,3.3,False
o2,10,503075,51.75935,-0.31696,73,7,3.2,False
o2,10,503099,52.66498,-1.09004,86,10,4.8,False
o2,10,503107,51.70115,-0.31503,42,7,3.9,False
o2,10,503121,55.93203,-3.27071,40,2,6.6,False
o2,10,503155,51.54657,-0.13706,32,4,7.2,False
o2,10,503225,51.21772,0.77684,219,4,6.9,False
o2,10,503227,51.30344,0.53025,38,5,4.7,False
o2,10,503229,51.15725,0.72598,94,5,6.8,False
o2,10,503239,51.50577,-0.54954,23,2,5.1,False
o2,10,503267,51.26776,0.52167,57,5,4.3,False
o2,10,503269,52.95428,-1.23702,27,2,5.0,False
o2,10,503271,50.85586,-0.16166,59,4,3.3,False
o2,10,503277,52.92065,-1.27099,86,3,6.1,False
o2,10,503289,51.25538,0.49456,164,3,5.3,False
o2,10,503293,51.08048,0.20141,25,2,2.9,False
o2,10,503299,50.83648,-0.22283,116,2,8.5,False
o2,10,503307,51.28491,0.50373,212,5,6.5,False
o2,10,503335,51.1639,0.89799,106,5,5.1,False
o2,10,503337,50.85169,-0.11809,136,2,7.9,False
o2,10,503341,51.14514,0.85127,238,8,6.3,False
o2,10,503353,50.89064,-0.1686,64,4,4.6,False
o2,10,503365,52.96381,-1.21741,71,2,5.2,False
o2,10,503377,51.54406,-0.19955,105,9,6.4,False
o2,10,503381,51.27713,0.51654,21,4,4.0,False
o2,10,503385,50.90293,0.21136,215,4,4.6,False
o2,10,503391,51.16308,0.84447,72,2,7.6,False
o2,10,503417,52.99178,-1.02737,42,2,4.3,False
o2,10,503433,51.36974,0.60651,167,3,5.8,False
o2,10,503435,50.78551,-0.56206,293,4,5.5,False
o2,10,503445,51.09748,0.87435,30,2,4.6,False
o2,10,503461,51.55143,-0.18753,43,8,4.8,True
o2,10,503481,50.8372,-0.12858,46,2,4.2,False
o2,10,503483,51.1399,0.87031,52,6,5.3,True
o2,10,503605,52.3812,-1.46487,24,2,3.4,False
o2,10,503609,50.81637,0.27626,143,3,5.2,True
o2,10,503627,53.92921,-1.11869,97,2,6.3,False
o2,10,503667,53.43482,-1.33858,53,3,4.9,False
o2,10,503679,52.66858,-1.10073,34,7,5.2,False
o2,10,503723,51.27356,0.50411,55,5,6.2,False
o2,10,503763,52.94556,-1.15144,31,3,7.4,False
o2,10,503841,53.46601,-1.28799,127,4,5.7,False
o2,10,503845,53.44734,-1.34663,25,4,6.0,False
o2,10,503853,51.15037,0.85682,159,8,7.2,False
o2,10,503883,50.84142,-0.12503,63,2,4.4,False
o2,10,503893,51.16328,0.74549,136,5,4.6,False
o2,10,503915,55.93485,-3.24186,24,2,4.2,False
o2,10,503917,54.84304,-1.57625,43,2,4.9,False
o2,10,503955,51.39956,0.66902,73,3,5.3,False
o2,10,503971,51.05557,0.49296,127,5,4.8,False
o2,10,504035,51.55028,-0.15045,69,8,5.9,False
o2,10,504047,51.12949,0.52654,202,5,5.3,False
o2,10,504051,51.40875,0.4543,62,5,6.3,False
o2,10,504095,51.09816,0.98996,227,4,3.8,False
o2,10,504101,51.38924,0.55558,176,3,4.7,False
o2,10,504111,53.80149,-1.23603,61,3,4.0,False
o2,10,504129,51.27039,1.13685,22,2,5.1,False
o2,10,504187,50.87018,-0.16028,170,4,7.4,False
o2,10,504263,51.71697,-0.31661,28,7,3.1,False
o2,10,504267,51.54588,-0.14517,51,2,5.9,False
o2,10,504275,53.36027,-1.34066,137,2,7.2,False
o2,10,504283,52.65185,-1.08703,20,8,3.8,False
o2,10,504291,52.60412,-1.13876,20,7,3.7,False
o2,10,504301,51.20002,0.77885,59,5,6.1,False
o2,10,504327,51.27749,1.06889,53,3,4.7,True
o2,10,504329,50.86219,-0.09371,133,2,6.7,False
o2,10,504359,52.96013,-1.2761,80,3,5.0,False
o2,10,504369,51.14754,0.77995,35,5,2.7,False
o2,10,504409,52.9044,-1.39327,85,10,3.2,False
o2,10,504447,52.23439,-0.9001,71,2,4.5,False
o2,10,504513,53.38935,-1.44272,84,3,6.1,False
o2,10,504531,50.85454,-0.15829,25,4,4.4,False
o2,10,504537,51.12922,0.88121,135,5,5.1,False
o2,10,504553,53.41852,-1.35633,31,3,3.6,False
o2,10,504555,53.40631,-1.43799,80,2,5.0,False
o2,10,504599,51.31623,1.34313,64,2,4.9,False
o2,10,504635,52.64985,-1.10607,75,11,4.8,False
o2,10,504637,51.59228,-0.2527,27,6,2.7,False
o2,10,504649,51.54271,-0.3072,93,4,7.3,False
o2,10,504741,53.51126,-1.17263,70,3,4.3,True
o2,10,504745,51.43962,0.33279,45,5,5.8,False
o2,10,504779,51.09384,1.06101,23,4,5.8,False
o2,10,504781,51.30869,1.12521,108,2,5.2,False
o2,10,504795,53.52992,-1.13197,176,5,6.6,False
o2,10,504821,54.57873,-1.25403,38,2,3.7,False
o2,10,504825,53.50857,-1.15253,64,3,5.9,False
o2,10,504863,50.83223,-0.54448,298,4,6.3,False
o2,10,504871,51.9246,-0.21674,30,2,2.2,False
o2,10,504905,53.50195,-1.22726,21,3,3.7,False
o2,10,504919,54.67192,-1.52582,61,2,7.4,False
o2,10,504953,52.86393,-1.48393,124,11,4.1,False
o2,10,504967,51.54791,-0.18541,58,7,7.9,False
o2,10,504969,50.95273,-0.12975,130,4,5.1,False
o2,10,504973,51.8791,-0.20385,43,2,4.7,True
o2,10,504975,50.82239,0.24801,241,3,6.6,False
o2,10,504977,50.8478,-0.54472,409,4,8.1,False
o2,10,504995,51.53073,-0.27751,245,10,7.9,False
o2,10,504997,51.84469,-0.41862,27,7,10.8,False
o2,10,505017,51.61302,-0.24992,46,7,7.7,False
o2,10,505031,53.2073,-0.5808,33,2,3.9,False
o2,10,505041,50.81466,-0.35021,138,2,6.5,False
o2,10,505043,51.51213,-0.5798,26,2,4.6,False
o2,10,505051,53.51586,-1.14296,46,4,7.2,False
o2,10,505057,54.58063,-1.33038,80,2,4.2,False
o2,10,505135,53.50106,-1.12393,76,3,5.3,False
o2,10,505145,53.35814,-1.46886,72,2,5.1,False
o2,10,505181,50.76871,0.33858,28,3,3.7,False
o2,10,505183,52.58436,-1.1274,117,6,7.1,False
o2,10,505203,52.2543,-0.92272,51,2,3.9,False
o2,10,505227,51.55109,-0.2648,65,8,5.4,True
o2,10,505235,51.13034,0.9025,35,5,3.5,False
o2,10,505251,53.37401,-1.45919,29,3,7.5,False
o2,10,505323,51.90729,-0.45818,101,7,4.2,False
o2,10,505409,52.93082,-1.16986,128,3,6.5,False
o2,10,505413,52.94181,-1.11961,20,2,6.2,False
o2,10,505449,53.62857,-0.85917,20,2,2.3,False
o2,10,505463,51.5226,-0.67838,82,2,4.7,False
o2,10,505487,51.45128,0.52535,39,5,4.3,False
o2,10,505525,51.09184,1.04726,379,4,6.0,False
o2,10,505537,51.41276,0.76968,53,2,4.6,False
o2,10,505545,53.53328,-1.12657,121,5,5.0,False
o2,10,505547,53.55481,-1.11023,172,5,6.0,False
o2,10,505549,53.54284,-1.0925,40,4,4.4,False
o2,10,505555,53.48717,-1.08868,35,2,2.9,False
o2,10,505561,51.31622,0.76975,109,2,7.0,False
o2,10,505573,53.28716,-1.46746,25,2,5.6,True
o2,10,505587,53.93441,-2.06392,164,2,8.1,False
o2,10,505663,52.13331,-0.47953,193,9,5.3,False
o2,10,505675,52.12919,-0.46971,337,9,5.0,False
o2,10,505709,51.89604,-0.43019,94,7,4.8,False
o2,10,505713,50.821,-0.43839,117,4,8.0,False
o2,10,505715,53.2372,-0.48031,111,2,6.4,False
o2,10,505725,52.93367,-1.432,22,6,3.6,False
o2,10,505735,52.89698,-1.46163,254,12,6.5,False
o2,10,505793,50.832,-0.1537,182,4,5.4,False
o2,10,505795,53.58859,-0.63118,70,2,5.4,False
o2,10,505819,53.21933,-0.56194,36,2,5.7,False
o2,10,505895,51.55023,-0.2606,513,13,8.1,True
o2,10,505911,50.86259,-0.12765,63,5,4.4,False
o2,10,505915,51.3923,0.45581,52,4,5.7,False
o2,10,505917,54.58376,-1.32901,92,2,5.5,False
o2,10,505937,53.49527,-0.6284,123,2,8.4,False
o2,10,505941,53.56483,-0.45078,265,2,7.5,False
o2,10,505955,53.75616,-0.41955,23,2,2.5,False
o2,10,505969,53.7223,-0.4277,89,2,6.8,False
o2,10,505975,53.70703,-0.39078,25,2,4.3,False
o2,10,506001,52.94932,-1.45863,85,5,7.0,False
o2,10,506005,50.963,-0.50754,24,2,3.6,False
o2,10,506036,53.72227,-0.38638,21,2,3.2,False
o2,10,506096,53.2568,-1.42664,30,3,11.3,True
o2,10,506114,53.19585,-1.41883,47,3,5.0,False
o2,10,506118,53.25883,-1.42146,77,3,5.9,False
o2,10,506146,53.23668,-0.54645,29,2,4.9,False
o2,10,506164,51.85132,-0.36016,188,7,4.8,False
o2,10,506172,54.63407,-1.52962,36,2,5.4,False
o2,10,506174,54.61249,-1.33666,25,2,3.7,True
o2,10,506232,51.52954,-0.13319,32,3,4.7,False
o2,10,506294,52.94668,-1.14991,37,3,5.1,False
o2,10,506322,51.90537,-0.49282,231,7,5.9,False
o2,10,506332,52.90154,-1.45726,26,4,3.7,False
o2,10,506338,53.56037,-1.08537,98,5,6.4,False
o2,10,506340,53.55181,-1.16736,222,5,5.6,False
o2,10,506342,53.62123,-0.94447,159,5,6.8,False
o2,10,506358,52.13247,-0.47304,20,5,18.9,False
o2,10,506376,53.22858,-0.49727,28,2,3.4,False
o2,10,506394,53.5263,-1.15768,174,5,5.7,False
o2,10,506422,54.56544,-1.32415,112,2,8.9,False
o2,10,506450,53.21939,-1.416,27,2,3.5,False
o2,10,506490,53.71393,-0.47245,83,3,4.7,False
o2,10,506502,51.88956,-0.41319,83,7,3.6,False
o2,10,506512,54.56849,-1.27612,125,2,6.4,False
o2,10,506524,53.26917,-1.46221,53,3,9.2,False
o2,10,506568,52.11656,-0.48173,163,8,5.4,False
o2,10,506586,54.97034,-1.59677,69,2,4.6,False
o2,10,506598,51.58306,-0.24115,242,7,5.5,False
o2,10,506612,51.87837,-0.67355,175,2,5.6,False
o2,10,506616,52.54441,-1.16389,218,5,6.4,False
o2,10,506648,51.34167,0.74406,126,2,5.3,False
o2,10,506656,52.38215,-1.24822,27,3,3.7,False
o2,10,506672,51.58483,-0.3126,25,4,4.4,False
o2,10,506684,53.42696,-1.36738,32,3,5.3,False
o2,10,506692,52.62602,-1.11981,253,12,6.7,False
o2,10,506712,53.23279,-1.41634,37,3,4.5,False
o2,10,506744,51.85317,-0.64622,60,2,8.9,False
o2,10,506746,51.93082,-0.6776,66,2,6.3,False
o2,10,506766,51.49193,0.48259,27,3,2.4,False
o2,10,506768,51.54998,-0.19294,65,6,5.8,False
o2,10,506856,51.28095,0.45559,195,4,4.8,False
o2,10,506902,53.62085,-1.3634,52,2,5.4,False
o2,10,506990,50.81083,-0.15604,59,3,6.0,False
o2,10,506992,51.8254,-0.35788,91,7,6.5,False
o2,10,507010,53.54216,-1.15205,95,5,6.4,False
o2,10,507062,51.80614,-0.35129,304,7,6.6,False
o2,10,507068,51.58205,-0.23837,26,5,4.1,False
o2,10,507074,51.50549,-0.77527,89,2,5.5,False
o2,10,507124,54.51438,-1.54319,35,2,4.7,False
o2,10,507126,53.56311,-1.30191,50,2,4.9,False
o2,10,507146,52.86772,-1.53629,24,8,3.9,False
o2,10,507174,53.19562,-0.59723,26,2,2.5,False
o2,10,507176,52.22561,-0.54909,25,6,5.0,False
o2,10,507190,51.31039,0.92677,94,3,6.4,True
o2,10,507192,52.66594,-0.38082,167,2,7.8,False
o2,10,507204,54.71931,-1.54802,61,2,4.5,False
o2,10,507220,50.83464,-0.25399,156,2,4.9,False
o2,10,507228,52.72174,-1.12983,190,10,5.7,False
o2,10,507234,51.38975,0.4571,35,6,6.5,False
o2,10,507296,50.83841,-0.20494,134,2,5.4,False
o2,10,507306,52.81155,-1.63332,123,9,4.1,False
o2,10,507316,51.34267,0.73687,143,2,6.6,False
o2,10,507318,51.77375,-0.59265,62,2,4.9,False
o2,10,507320,50.79422,0.07018,143,2,4.2,False
o2,10,507322,51.94389,-0.70271,92,2,7.0,False
o2,10,507328,51.48351,-0.83262,55,2,5.8,False
o2,10,507334,52.88761,-1.48592,20,8,3.0,False
o2,10,507338,50.81496,-0.48833,156,2,4.2,False
o2,10,507350,53.33541,-0.37317,80,2,5.8,False
o2,10,507370,53.94391,-2.0938,200,4,8.8,False
o2,10,507414,51.95978,-0.22122,79,2,9.4,False
o2,10,507416,52.74751,-1.14011,72,10,4.5,False
o2,10,507420,52.82445,-1.60712,69,9,3.6,False
o2,10,507422,52.63108,-1.68997,99,6,5.7,False
o2,10,507428,51.15513,0.93957,95,3,5.2,False
o2,10,507430,51.90321,-0.45228,22,7,2.3,False
o2,10,507432,51.5158,-0.739,47,2,3.5,False
o2,10,507438,52.79208,-0.92493,45,2,4.4,False
o2,10,507442,52.06473,-0.50264,435,8,7.1,False
o2,10,507470,52.23893,-0.91088,30,2,3.6,False
o2,10,507486,52.33939,-0.66654,31,6,4.4,False
o2,10,507546,53.58748,-1.0289,234,5,4.9,False
o2,10,507556,53.56358,-1.1925,111,3,4.0,True
o2,10,507568,51.46734,-0.33422,74,5,5.3,False
o2,10,507586,53.55473,-0.50403,133,2,4.5,False
o2,10,507590,52.94336,-1.21401,21,2,5.0,False
o2,10,507608,52.72907,-1.1089,249,10,6.2,False
o2,10,507610,53.58789,-0.62773,97,2,4.3,False
o2,10,507612,50.82261,-0.2927,26,2,3.0,False
o2,10,507624,53.90129,-1.16121,83,2,5.1,False
o2,10,507628,53.72505,-1.13494,48,2,4.6,False
o2,10,507630,53.49,-1.30689,131,4,5.0,False
o2,10,507650,53.88187,-1.18282,74,2,5.2,False
o2,10,507656,53.71122,-0.38855,102,2,3.3,True
o2,10,507668,53.5146,-1.15265,21,2,5.4,True
o2,10,507672,53.18287,-1.40058,37,3,5.7,False
o2,10,507736,52.91584,-1.44269,251,14,6.2,False
o2,10,507766,54.15028,-1.28002,61,2,2.3,False
o2,10,507774,54.07839,-1.21606,36,2,4.9,False
o2,10,507794,51.51021,-0.44089,29,2,3.9,False
o2,10,507804,51.00532,-0.10295,343,5,8.4,False
o2,10,507814,52.89923,-1.26875,62,3,5.4,False
o2,10,507816,53.02792,-1.48074,61,2,4.7,False
o2,10,507834,52.26268,-0.92298,64,2,5.8,False
o2,10,507884,52.84665,-1.2681,199,10,6.0,False
o2,10,507894,52.39255,-1.31254,72,2,6.0,False
o2,10,507902,52.37,-0.69034,407,9,5.8,False
o2,10,507910,51.18262,0.84032,441,6,7.7,False
o2,10,507928,54.6249,-1.52727,37,2,3.8,True
o2,10,507940,53.58711,-0.76453,118,2,5.5,False
o2,10,507960,50.82277,-0.49931,103,2,6.8,False
o2,10,507968,51.8898,-0.74368,128,2,5.7,False
o2,10,507996,52.54216,-1.98131,75,10,5.5,False
o2,10,507998,50.82539,-0.32336,151,2,6.8,False
o2,10,508022,53.49409,-1.26418,144,3,5.4,False
o2,10,508054,51.63182,-0.26928,118,7,5.7,False
o2,10,508060,50.79697,-0.02853,97,4,5.4,False
o2,10,508080,52.37751,-1.24322,26,3,4.8,True
o2,10,508108,50.84367,-0.01575,282,3,7.5,False
o2,10,508140,51.39637,0.45545,69,6,4.8,False
o2,10,508170,52.64862,-1.70564,101,5,4.3,False
o2,10,508232,52.60695,-1.12215,56,7,3.7,False
o2,10,508236,52.56849,-0.7769,321,9,5.6,False
o2,10,508252,51.59386,-0.23784,72,7,5.8,True
o2,10,508270,52.83286,-1.32153,91,10,6.5,False
o2,10,508286,53.72001,-0.39666,25,2,2.4,False
o2,10,508292,53.55114,-0.48321,259,2,5.8,False
o2,10,508300,53.20494,-1.41293,65,3,4.4,False
o2,10,508302,53.23463,-1.41359,57,3,5.1,False
o2,10,508316,54.77931,-1.55702,80,2,6.9,False
o2,10,508332,53.74462,-0.72865,141,2,4.5,False
o2,10,508362,51.57414,-0.23493,113,7,4.3,False
o2,10,508370,51.55335,-0.24997,89,5,4.5,False
o2,10,508390,52.80311,-1.72438,47,8,4.0,False
o2,10,508394,50.82213,-0.52413,260,4,6.4,False
o2,10,508414,53.67754,-1.0174,57,2,3.7,False
o2,10,508422,53.71323,-0.48473,95,4,6.1,False
o2,10,508442,52.56072,-1.21464,67,2,5.3,False
o2,10,508450,54.20406,-1.31562,21,2,4.5,False
o2,10,508466,52.61389,-1.12902,121,9,6.2,False
o2,10,508468,51.26252,0.39591,166,6,6.9,False
o2,10,508490,53.22553,-0.52522,36,2,3.0,False
o2,10,508498,50.83547,-0.13883,20,2,5.4,False
o2,10,508514,53.58197,-0.79696,24,2,2.6,True
o2,10,508524,54.10536,-1.23534,85,2,5.3,False
o2,10,508530,53.50172,-1.10211,90,2,5.6,False
o2,10,508542,54.98266,-1.56676,48,2,4.4,False
o2,10,508558,54.52655,-1.35491,132,2,6.6,True
o2,10,508560,54.71885,-1.53326,77,2,5.6,False
o2,10,508598,52.35225,-1.1792,31,2,5.6,False
o2,10,508600,52.61501,-1.68012,112,6,5.3,False
o2,10,508626,52.379,-1.2441,85,3,5.7,False
o2,10,508670,53.52388,-1.1207,187,5,10.3,True
o2,10,508736,54.38301,-1.37303,144,2,5.7,False
o2,10,508778,53.48217,-1.27834,54,4,4.3,True
o2,10,508782,51.27069,0.59753,90,3,6.2,False
o2,10,508796,53.75426,-1.50293,97,3,6.4,False
o2,10,508910,52.92142,-0.65288,63,2,4.1,False
o2,10,508916,52.48215,-0.90469,101,7,6.3,False
o2,10,508924,52.56853,-1.53684,44,3,3.5,False
o2,10,508938,52.54183,-0.91539,285,7,7.3,False
o2,10,508944,52.38872,-1.28006,109,2,6.2,False
o2,10,508958,51.51346,-0.74087,21,2,2.4,False
o2,10,508978,52.63673,-1.6705,220,8,6.9,False
o2,10,509000,54.73745,-1.60486,69,2,6.7,False
o2,10,509002,54.97643,-1.59213,25,3,3.0,False
o2,10,509008,52.28783,-0.64269,153,9,5.0,False
o2,10,509024,53.42035,-1.41595,57,2,6.3,False
o2,10,509100,51.23612,0.70433,27,3,2.7,False
o2,10,509104,50.81886,-0.48116,120,2,4.1,False
o2,10,509108,53.38702,-0.32272,71,2,4.6,False
o2,10,509124,52.01461,-0.66107,37,2,4.4,False
o2,10,509168,54.59441,-1.34586,77,2,5.9,True
o2,10,509180,53.48392,-1.31336,21,4,4.8,True
o2,10,509192,53.67821,-1.30633,23,3,4.1,False
o2,10,509204,54.5852,-1.39457,78,2,4.2,False
o2,10,509232,52.61662,-1.57649,206,11,6.5,False
o2,10,509238,51.17476,0.48683,342,5,4.5,False
o2,10,509240,51.55185,-0.14977,222,8,8.2,False
o2,10,509258,54.79313,-1.58757,29,2,6.0,False
o2,10,509260,54.49204,-1.35148,91,2,7.7,False
o2,10,509284,52.86911,-0.60746,28,2,4.4,False
o2,10,509342,53.30709,-1.46063,75,2,5.6,False
o2,10,509412,51.50989,-0.39955,42,2,6.6,False
o2,10,509416,51.46187,-0.36473,101,5,6.3,False
o2,10,509462,53.57195,-1.1281,146,5,19.5,False
o2,10,509466,54.50592,-1.52274,43,2,4.9,False
o2,10,509498,51.17757,0.94047,298,5,6.6,False
o2,10,509512,50.86153,-0.03338,183,2,6.5,False
o2,10,509514,51.50117,-0.76702,96,3,6.9,False
o2,10,509516,53.45521,-0.59779,50,2,5.2,False
o2,10,509538,51.7901,-0.60639,93,2,5.7,False
o2,10,509544,52.83629,-1.61423,254,10,5.6,False
o2,10,509548,51.7923,-0.33165,180,7,5.8,False
o2,10,509550,51.50872,-0.37632,47,2,4.4,False
o2,10,509552,51.46758,-0.33613,112,7,8.2,False
o2,10,509556,51.50959,-0.58559,58,2,9.3,True
o2,10,509572,51.47788,-0.51333,28,2,4.3,False
o2,10,509576,52.57199,-1.10483,169,7,6.0,False
o2,10,509580,52.9131,-1.26376,46,3,4.0,False
o2,10,509588,52.95792,-1.51747,56,7,4.5,False
o2,10,509590,51.07341,1.11054,101,4,5.8,False
o2,10,509600,52.36663,-1.21295,47,3,4.0,False
o2,10,509644,53.71431,-1.10158,73,3,3.9,False
o2,10,509658,51.55655,-0.22157,110,7,6.6,False
o2,10,509674,51.64623,-0.3888,57,4,6.0,False
o2,10,509682,51.47809,-0.32454,69,5,5.3,False
o2,10,509692,51.71267,-0.43653,63,2,5.3,False
o2,10,509696,51.53892,-0.19161,115,3,8.4,False
o2,10,509700,51.45724,-0.34472,89,6,5.0,False
o2,10,509714,53.74309,-0.35376,37,2,4.5,False
o2,10,509744,54.70176,-1.53403,26,2,12.3,False
o2,10,509774,53.58321,-0.66193,44,2,3.4,False
o2,10,509776,52.38313,-0.76869,75,10,9.1,False
o2,10,509784,51.35547,0.69206,211,3,6.9,False
o2,10,509796,52.3617,-1.21567,61,3,3.8,False
o2,10,509816,51.98488,-0.74144,59,2,5.5,False
o2,10,509818,52.78098,-1.2011,265,10,5.8,False
o2,10,509820,52.79515,-1.20326,36,6,4.2,False
o2,10,509830,52.72146,-1.04961,85,6,5.3,False
o2,10,509846,53.52742,-1.31639,28,2,6.3,False
o2,10,509874,53.61571,-0.96963,82,3,7.1,False
o2,10,509900,54.66211,-1.52249,361,2,10.4,False
o2,10,509904,51.55473,-0.23364,45,5,5.0,False
o2,10,509906,51.53422,-0.20576,79,4,7.1,False
o2,10,509908,51.51388,-0.57785,39,2,3.6,False
o2,10,509910,52.50231,-0.9377,102,8,4.8,False
o2,10,509912,52.58629,-1.52302,23,3,2.8,False
o2,10,509914,51.53089,-0.13981,89,5,7.2,False
o2,10,509932,52.4827,-0.68671,52,2,4.3,False
o2,10,509936,51.51509,-0.73638,50,2,3.7,False
o2,10,509950,52.53686,-0.95451,140,8,5.9,False
o2,10,509988,51.52902,-0.21537,159,7,7.5,False
o2,10,510000,51.3776,0.52032,234,6,5.4,False
o2,10,510016,53.04932,-1.48216,47,2,6.4,False
o2,10,510030,51.56049,1.17235,34,3,5.6,False
o2,10,510056,51.47732,0.46767,204,6,6.6,True
o2,10,510096,51.31573,0.87061,69,3,5.7,False
o2,10,510110,53.28527,-0.4172,65,2,5.2,False
o2,10,510112,52.26861,-0.63154,267,9,7.5,False
o2,10,510138,53.0063,-1.03866,39,2,5.5,False
o2,10,510148,52.60957,-0.68342,79,2,5.7,False
o2,10,510160,52.5316,-1.46699,90,3,5.0,False
o2,10,510180,53.5442,-1.23962,29,4,5.3,False
o2,10,510194,53.59242,-1.30432,72,2,4.6,False
o2,10,510196,53.48536,-1.08901,30,2,3.6,False
o2,10,510226,51.53635,-0.18861,29,3,5.9,False
o2,10,510228,51.54991,-0.29264,29,4,9.1,False
o2,10,510292,52.65518,-1.09956,22,8,4.5,False
o2,10,510328,53.06851,-0.84837,28,2,5.2,False
o2,10,510358,52.50004,-0.21652,32,4,4.2,False
o2,10,510380,53.68851,-0.86239,155,3,6.2,False
o2,10,510398,51.16552,0.2871,218,10,6.5,False
o2,10,510420,53.11378,-0.77551,40,2,4.4,True
o2,10,510436,51.65351,-0.28277,100,7,5.3,False
o2,10,510476,53.75078,-0.3757,80,2,4.3,False
o2,10,510480,50.96821,0.09894,62,2,3.8,False
o2,10,510488,52.24955,-0.88603,51,2,4.7,False
o2,10,510524,51.51167,-0.33582,26,2,5.8,False
o2,10,510530,52.40419,-1.30742,21,3,2.7,False
o2,10,510548,53.61235,-1.34993,68,2,6.1,False
o2,10,510554,53.70859,-0.64472,43,2,2.5,False
o2,10,510556,54.32165,-1.46126,72,2,5.4,False
o2,10,510560,53.13566,-1.42653,137,3,5.5,False
o2,10,510566,53.74263,-0.35877,20,2,5.6,False
o2,10,510588,53.74627,-0.36342,142,3,6.7,False
o2,10,510612,50.81626,-0.42863,50,2,4.3,False
o2,10,510638,53.57548,-1.03417,56,3,6.3,False
o2,10,510698,52.52857,-0.97503,361,7,5.8,False
o2,10,510704,53.08763,-0.80027,166,3,6.2,False
o2,10,510714,51.03937,-0.12375,144,5,6.4,False
o2,10,510716,52.93428,-1.47096,63,4,4.3,False
o2,10,510718,52.4417,-0.79793,48,6,4.2,False
o2,10,510754,54.20448,-1.39026,148,2,4.7,False
o2,10,510766,53.84884,-1.22354,41,2,5.2,False
o2,10,510770,52.60547,-0.28184,91,2,3.7,False
o2,10,510808,51.59788,-0.34334,131,4,4.4,False
o2,10,510830,53.53945,-1.16412,21,3,2.9,True
o2,10,510840,51.95025,-0.26638,109,2,4.5,False
o2,10,510856,53.20782,-0.5452,56,2,5.5,False
o2,10,510858,52.31911,-0.70324,21,6,2.4,True
o2,10,510866,52.26052,-0.89805,81,2,5.5,False
o2,10,510890,52.44457,-0.69625,66,2,4.5,False
o2,10,510892,51.74646,-0.3154,83,7,3.8,False
o2,10,510900,51.06565,1.19091,134,4,10.8,False
o2,10,510902,51.83035,-0.65608,152,2,7.3,False
o2,10,510908,52.80378,-1.1613,103,10,6.1,False
o2,10,510916,53.60592,-0.96819,75,3,6.2,False
o2,10,510924,53.53826,-1.18055,69,4,6.0,False
o2,10,510938,54.51719,-1.54696,21,2,4.7,False
o2,10,510962,53.78255,-1.09737,113,2,5.4,False
o2,10,510994,53.63575,-0.96245,31,3,5.8,False
o2,10,511030,51.89849,-0.44372,122,7,4.6,False
o2,10,511052,54.76963,-1.60634,36,2,6.4,False
o2,10,511092,51.1633,0.69432,46,5,4.1,False
o2,10,511114,52.47918,-0.90536,114,7,7.1,False
o2,10,511116,52.17641,-0.29035,122,2,5.5,False
o2,10,511134,52.51648,-1.44678,89,2,4.9,True
o2,10,511218,51.13014,0.89812,562,7,7.3,False
o2,10,511312,52.41348,-0.74497,391,9,8.7,False
o2,10,511314,51.0589,-0.14093,137,5,5.1,False
o2,10,511330,53.39554,-0.71242,73,2,9.2,False
o2,10,511354,54.77827,-1.5894,88,2,5.2,False
o2,10,511410,53.23033,-0.53526,43,2,4.1,False
o2,10,511414,51.16391,0.4589,459,10,7.2,False
o2,10,511464,52.23067,-0.54044,61,9,4.5,False
o2,10,511506,54.50224,-1.52842,89,2,5.7,True
o2,10,511512,53.5846,-1.19012,26,3,3.4,False
o2,10,511528,54.96422,-1.60574,36,3,7.3,False
o2,10,511604,52.86894,-1.28046,194,11,5.7,False
o2,10,511606,50.85066,0.00457,769,3,8.1,False
o2,10,511632,51.42245,0.73892,102,2,6.2,False
o2,10,511636,51.74978,-0.32908,268,7,7.1,False
o2,10,511644,53.21064,-0.57601,75,2,5.6,False
o2,10,511650,52.96486,-1.47137,21,4,6.5,False
o2,10,511656,52.2834,-0.96557,155,2,6.0,False
o2,10,511658,52.57802,-1.0539,196,7,7.0,False
o2,10,511662,52.87292,-1.27565,110,11,4.7,False
o2,10,511666,51.38642,0.51234,157,6,6.2,False
o2,10,511700,51.46617,0.3776,161,6,8.2,False
o2,10,511710,52.7024,-1.14097,43,7,4.4,False
o2,10,511712,52.84625,-1.27233,352,11,6.7,False
o2,10,511740,53.62651,-0.29158,129,2,5.8,False
o2,10,511780,52.31052,-0.68747,70,7,4.2,False
o2,10,511792,53.19932,-0.59376,51,2,5.1,False
o2,10,511814,53.59266,-1.1082,84,5,5.8,False
o2,10,511820,54.21633,-1.35951,47,2,5.3,False
o2,10,511844,53.76064,-0.84929,110,2,4.5,False
o2,10,511866,52.9029,-0.63072,80,2,5.2,False
o2,10,511870,52.2626,-0.60683,102,9,7.0,False
o2,10,511916,53.07948,-1.43154,100,2,6.5,False
o2,10,511920,53.77427,-1.10116,164,2,7.2,False
o2,10,511932,52.65886,-1.09566,129,11,4.8,False
o2,10,511936,53.22962,-0.5585,91,2,4.5,False
o2,10,511950,52.9989,-0.99545,105,2,4.3,False
o2,10,511954,51.78913,-0.60084,136,2,5.3,False
o2,10,511960,52.38089,-1.3846,37,2,4.0,False
o2,10,511964,52.89808,-1.37037,225,11,6.2,False
o2,10,511968,52.76248,-0.90498,49,3,4.0,True
o2,10,511972,52.91142,-1.45226,242,21,6.6,False
o2,10,511984,53.07025,-1.46194,26,2,6.3,False
o2,10,511992,54.65778,-1.489,50,2,4.9,False
o2,10,511994,54.98595,-1.56241,34,2,5.9,False
o2,10,512006,56.37002,-4.65352,110,2,10.6,False
o2,10,512010,51.18919,0.38928,498,8,6.3,False
o2,10,512014,51.89565,-0.20989,72,2,7.1,False
o2,10,512036,52.26765,-0.62621,254,8,7.1,False
o2,10,512046,53.5846,-0.64775,92,2,6.6,False
o2,10,512048,52.59259,-1.52299,73,10,8.8,False
o2,10,512058,52.63915,-1.70693,52,3,4.3,False
o2,10,512072,54.73945,-1.54357,93,2,7.5,False
o2,10,512080,53.74203,-0.35035,48,2,5.9,False
o2,10,512086,52.10515,-0.48793,255,8,6.7,False
o2,10,512096,53.02391,-0.71278,34,2,4.6,False
o2,10,512102,52.51821,-1.55477,43,3,4.3,False
o2,10,512114,52.6848,-1.08679,191,11,6.5,False
o2,10,512118,52.87972,-1.51042,64,12,5.3,False
o2,10,512130,52.68746,-1.49208,31,8,3.3,False
o2,10,512132,53.7799,-0.81294,53,2,5.1,False
o2,10,512148,53.70604,-0.32193,31,2,5.6,False
o2,10,512150,54.60562,-1.56137,32,2,5.8,False
o2,10,512188,53.57884,-0.3465,162,2,7.2,False
o2,10,512208,53.62932,-0.28586,133,2,6.4,False
o2,10,512216,50.83522,-0.18227,21,2,2.5,False
o2,10,512220,51.87876,-0.40893,87,7,4.4,False
o2,10,512226,51.60225,-1.11899,21,3,5.1,False
o2,10,512228,53.71691,-0.52942,136,4,6.4,False
o2,10,512268,54.3338,-1.4415,76,2,4.8,True
o2,10,512324,53.29145,-0.3797,48,2,3.5,False
o2,10,512326,53.58538,-0.71004,39,2,3.9,False
o2,10,512334,51.9468,-0.47896,122,7,4.6,False
o2,10,512360,51.99355,-0.71022,60,2,6.7,False
o2,10,512364,52.87697,-1.55929,85,11,4.9,False
o2,10,512370,50.84636,0.05346,259,3,6.0,False
o2,10,512372,51.2672,0.61116,66,3,5.7,False
o2,10,512376,52.91113,-1.41144,195,10,6.8,False
o2,10,512388,51.94392,-0.24384,73,2,6.0,False
o2,10,512392,52.80876,-1.62731,249,11,6.1,False
o2,10,512396,52.3123,-1.09656,207,2,6.9,True
o2,10,512400,51.51219,-0.26088,73,9,6.7,False
o2,10,512404,53.71254,-0.47389,154,3,8.0,False
o2,10,512408,52.47243,-0.90943,185,7,7.4,False
o2,10,512420,53.48814,-1.2251,115,3,7.3,False
o2,10,512428,53.57556,-0.89807,31,2,3.7,False
o2,10,512438,51.37519,0.53712,28,5,6.4,False
o2,10,512452,51.4171,0.49999,20,4,4.6,False
o2,10,512454,52.28535,-1.00526,140,2,5.7,False
o2,10,512464,52.92146,-1.28368,43,3,5.2,False
o2,10,512468,51.51391,-0.31495,149,2,6.9,False
o2,10,512472,51.50685,-0.26806,55,7,5.4,False
o2,10,512486,53.69238,-1.1099,112,2,5.2,False
o2,10,512494,51.76473,-0.57613,74,2,6.3,False
o2,10,512498,51.37011,0.61069,129,3,5.4,False
o2,10,512516,54.57167,-1.31387,152,2,7.0,False
o2,10,512534,51.5187,-0.6208,23,2,11.2,False
o2,10,512554,56.82751,-5.12572,61,2,6.6,False
o2,10,512598,52.95177,-0.64557,44,3,4.5,False
o2,10,512606,53.59608,-1.1139,110,4,3.5,False
o2,10,512608,54.54543,-1.34361,105,2,5.2,False
o2,10,512630,53.64533,-0.23051,125,2,4.4,False
o2,10,512632,52.61761,-1.60174,56,3,5.6,False
o2,10,512660,52.91211,-1.45466,250,21,8.0,True
o2,10,512672,51.1521,0.80681,189,5,6.8,False
o2,10,512686,52.57111,-1.08877,31,7,3.9,False
o2,10,512690,52.54099,-1.00848,198,7,5.9,False
o2,10,512694,52.56082,-1.08012,263,7,5.6,False
o2,10,512714,51.31363,0.87325,259,3,8.6,True
o2,10,512788,51.75217,-0.30909,80,7,2.9,True
o2,10,512790,51.69811,-0.43862,103,2,6.7,False
o2,10,512806,51.44938,0.27651,161,6,6.6,False
o2,10,512834,53.40512,-0.77468,172,2,6.1,False
o2,10,512850,53.32519,-0.6478,36,2,7.7,False
o2,10,512856,52.11133,-0.49095,81,8,4.6,False
o2,10,512862,51.80858,-0.34369,137,7,5.3,False
o2,10,512874,53.81095,-0.52118,45,3,7.0,False
o2,10,512876,52.81231,-0.52374,120,2,5.0,False
o2,10,512888,51.54294,-0.20591,51,4,2.3,False
o2,10,512924,53.70292,-0.69936,308,2,6.5,False
o2,10,512952,51.23959,0.66266,48,3,4.2,False
o2,10,512964,52.89292,-0.62416,102,2,7.4,False
o2,10,512970,53.59581,-0.77809,40,4,3.9,False
o2,10,512988,53.70282,-0.63315,26,2,2.4,False
o2,10,512998,50.85055,0.18303,326,2,6.0,False
o2,10,513002,54.97193,-1.61027,179,3,6.0,False
o2,10,513020,51.09655,0.63751,154,7,7.0,False
o2,10,513026,51.51065,-0.43174,31,2,3.5,False
o2,10,513032,50.82514,-0.33676,82,2,6.0,False
o2,10,513036,52.27113,-0.64162,108,9,6.9,False
o2,10,513046,51.1426,1.29012,106,2,6.0,True
o2,10,513048,51.50733,-0.38832,125,2,5.1,False
o2,10,513058,51.39357,0.49262,162,6,6.2,False
o2,10,513064,51.11115,0.93784,112,4,6.1,False
o2,10,513116,51.51411,-0.21801,20,2,3.8,False
o2,10,513124,51.61693,-0.37567,73,4,3.9,False
o2,10,513136,51.57233,-0.22393,45,7,4.1,False
o2,10,513154,51.77149,-0.32353,245,7,6.8,False
o2,10,513180,52.23828,-0.56128,250,9,6.1,False
o2,10,513266,51.34916,0.97563,98,3,4.6,False
o2,10,513276,52.27935,-0.94464,52,2,3.8,False
o2,10,513282,52.21375,-0.5231,274,9,5.0,False
o2,10,513318,53.47694,-0.74704,39,2,3.8,False
o2,10,513340,52.88902,-1.47667,97,11,4.9,False
o2,10,513342,52.3125,-0.67125,205,8,5.4,False
o2,10,513348,52.51572,-0.80519,24,7,2.9,False
o2,10,513350,52.9153,-1.43463,58,11,5.1,False
o2,10,513352,52.47745,-1.42382,80,2,5.4,False
o2,10,513376,52.11985,-0.48152,197,8,5.1,False
o2,10,513412,53.59037,-0.82297,74,2,5.9,False
o2,10,513456,52.74961,-1.20055,183,10,5.5,False
o2,10,513460,51.17261,0.55658,247,5,4.9,False
o2,10,513470,52.60555,-1.69453,206,6,4.7,False
o2,10,513472,52.28857,-0.66864,57,9,8.4,False
o2,10,513544,52.56428,-0.69277,114,2,6.2,False
o2,10,513574,51.37473,0.45989,198,6,8.0,False
o2,10,513590,52.60598,-1.57433,74,3,6.4,False
o2,10,513664,53.33602,-0.33296,95,2,4.1,False
o2,10,513678,52.38144,-1.34454,86,2,5.5,False
o2,10,513686,51.91318,-0.20976,76,2,5.2,False
o2,10,513700,51.66889,-0.28852,199,7,6.7,False
o2,10,513744,53.06642,-0.87375,153,2,5.8,False
o2,10,513752,56.87897,-4.91455,270,3,6.4,False
o2,10,513772,53.15821,-1.4219,49,3,4.1,True
o2,10,513784,53.4917,-1.20764,56,3,7.7,False
o2,10,513804,53.07509,-0.81639,184,3,5.5,False
o2,10,513838,52.32054,-1.15823,121,2,6.6,False
o2,10,513844,53.55166,-0.46407,87,2,4.9,False
o2,10,513860,51.50925,-0.34296,24,2,3.6,False
o2,10,513880,51.52876,-0.24463,133,11,6.1,False
o2,10,513900,54.81615,-1.57346,35,2,5.1,False
o2,10,513910,53.71609,-0.83046,210,2,5.7,False
o2,10,513922,53.85685,-1.20474,32,2,4.2,False
o2,10,513946,52.01159,-0.13897,26,2,4.1,False
o2,10,513958,52.61459,-1.13306,124,9,7.4,False
o2,10,514018,52.62502,-0.31588,287,2,4.9,False
o2,10,514026,51.99462,-0.73594,106,2,5.6,False
o2,10,514074,51.36375,1.13592,65,2,7.8,False
o2,10,514100,51.96927,-0.49769,112,7,5.8,False
o2,10,514106,53.78858,-1.0258,129,2,5.4,False
o2,10,514110,51.32602,0.44827,77,3,3.7,False
o2,10,514174,54.17388,-1.27296,33,2,6.4,False
o2,10,520032,52.3865,-1.3221,98,2,5.7,False
o2,10,520074,51.52728,-0.49259,57,2,5.0,False
o2,10,520096,52.71558,-1.19353,321,10,6.6,False
o2,10,520100,51.60798,-0.35756,72,4,5.2,False
o2,10,520102,51.06952,-0.14624,66,5,5.7,False
o2,10,520106,52.84157,-1.54261,37,8,15.3,False
o2,10,520120,53.9619,-1.09454,121,2,6.7,False
o2,10,520130,53.63582,-1.10235,58,2,3.5,False
o2,10,520154,51.51408,-0.34356,54,2,5.5,False
o2,10,520158,51.50512,-0.40677,32,2,2.7,False
o2,10,520168,51.47741,-0.82945,100,2,6.3,False
o2,10,520210,50.98264,0.11945,160,3,3.8,False
o2,10,520214,51.52485,-0.71089,35,2,4.3,False
o2,10,520218,52.63774,-1.63255,61,3,5.8,False
o2,10,520228,52.38978,-1.26678,46,2,4.8,False
o2,10,520232,52.82704,-0.53382,62,2,6.1,False
o2,10,520294,52.67217,-0.73344,201,2,6.0,False
o2,10,520296,52.33724,-1.15329,84,3,6.5,False
o2,10,520300,51.26633,1.06063,68,3,6.8,False
o2,10,520302,53.59288,-0.22135,149,2,4.8,False
o2,10,520306,51.55633,-0.29875,54,4,6.9,False
o2,10,520350,53.77693,-1.14595,45,2,4.5,False
o2,10,520372,51.44,0.75738,38,2,5.5,False
o2,10,520398,52.23191,-0.90779,41,2,7.8,False
o2,10,520426,52.87116,-0.60799,92,2,4.8,False
o2,10,520438,52.68221,-0.43988,56,2,5.9,False
o2,10,520462,51.04917,0.18848,87,2,5.2,False
o2,10,520498,53.01466,-0.9808,148,2,5.9,False
o2,10,520508,51.25998,1.3782,306,2,4.8,False
o2,10,520518,54.92444,-1.6062,74,2,5.7,False
o2,10,520536,53.57958,-0.24301,58,2,4.9,False
o2,10,520540,52.68041,-0.41317,148,2,4.6,False
o2,10,520558,51.981,-0.50528,108,7,4.1,False
o2,10,520572,53.60246,-0.30375,201,2,5.7,True
o2,10,520574,51.90325,-0.68999,179,8,9.9,False
o2,10,520576,52.85147,-0.60577,72,2,5.7,False
o2,10,520578,51.54634,-0.27751,154,7,5.4,False
o2,10,520620,56.89294,-4.99895,362,3,7.2,False
o2,10,520642,53.27165,-0.24677,73,2,5.4,False
o2,10,520652,51.1949,0.78859,115,4,10.0,False
o2,10,520718,54.35372,-1.45047,45,2,3.9,False
o2,10,520730,51.13659,1.29992,121,2,8.6,False
o2,10,520732,51.86712,-0.18583,84,2,5.3,False
o2,10,520760,51.77636,-0.52105,115,2,6.3,False
o2,10,520778,52.00699,-0.50991,52,7,4.0,False
o2,10,520824,51.44586,0.44287,154,6,5.5,False
o2,10,520836,52.82697,-0.55737,143,2,5.6,False
o2,10,520842,51.74776,-0.48694,55,2,3.6,False
o2,10,520850,53.71454,-0.56783,147,4,6.8,False
o2,10,520888,51.94305,-0.24256,62,2,6.9,False
o2,10,520894,51.73905,-0.505,229,2,6.5,False
o2,10,521002,52.83901,-1.2543,38,10,3.7,False
o2,10,521004,51.49655,-0.67913,24,2,4.4,False
o2,10,521032,52.8017,-1.64706,331,9,5.0,False
o2,10,521086,51.48829,-0.30203,53,5,3.5,False
o2,10,521098,51.39476,0.5012,89,6,4.6,False
o2,10,521146,52.29969,-1.09793,81,2,4.7,True
o2,10,521152,52.59096,-0.25883,70,2,4.4,False
o2,10,521154,52.28931,-1.04962,109,2,5.6,False
o2,10,521174,50.94113,-0.13952,423,5,5.4,False
o2,10,521206,50.81358,-0.54699,78,2,8.4,False
o2,10,521208,50.89085,0.09983,64,5,5.1,False
o2,10,521212,51.39646,0.49444,130,6,6.0,False
o2,10,521222,52.69886,-0.44166,88,2,5.8,False
o2,10,521240,52.91062,-0.64242,76,2,5.0,False
o2,10,521254,51.65459,-1.46254,24,3,5.3,False
o2,10,521256,50.79369,0.27885,255,3,5.4,False
o2,10,521260,51.43923,-0.01134,107,11,6.0,False
o2,10,521262,51.30155,-0.09033,53,4,6.4,False
o2,10,521264,51.3805,0.03901,33,7,5.1,False
o2,10,521276,52.78298,-1.157,54,8,5.6,False
o2,10,521282,52.42634,-0.83574,439,8,4.6,False
o2,10,521310,51.37375,0.4712,370,6,7.1,False
o2,10,521320,52.71716,-0.78753,170,2,5.7,False
o2,10,521344,51.47079,-0.03254,54,11,6.7,False
o2,10,521354,52.33399,-0.68201,172,9,4.8,False
o2,10,521372,51.25822,0.30954,70,2,3.1,False
o2,10,521406,54.96512,-1.60938,92,3,5.4,False
o2,10,521434,53.56835,-0.64504,144,2,5.3,False
o2,10,521438,52.54201,-1.48224,158,4,6.3,False
o2,10,521442,52.71483,-0.92818,62,7,4.1,False
o2,10,521496,52.17039,-0.52071,188,9,5.7,False
o2,10,521500,53.21118,-0.72387,155,2,5.2,False
o2,10,521514,51.45204,0.33406,23,4,3.7,False
o2,10,521516,53.08381,-1.42855,56,2,5.0,False
o2,10,521542,52.94579,-1.25492,73,2,5.2,False
o2,10,521560,52.77396,-1.17271,119,4,6.0,False
o2,10,521566,53.89334,-1.148,52,2,5.0,False
o2,10,521602,52.99386,-1.48698,68,2,5.5,False
o2,10,521618,52.00564,-0.49635,321,7,6.5,False
o2,10,521676,52.09064,-0.49118,29,7,2.0,False
o2,10,521682,50.83363,-0.18202,85,2,6.8,False
o2,10,521708,51.36876,-0.19911,21,3,3.9,False
o2,10,521740,51.44681,0.2302,30,5,5.6,False
o2,10,521748,51.45507,0.00836,50,11,10.1,False
o2,10,521762,51.59608,-0.36297,56,4,8.1,False
o2,10,521774,51.43766,-0.04944,62,5,6.1,False
o2,10,521788,52.70605,-0.4593,59,2,4.0,False
o2,10,521806,54.19384,-1.34539,100,2,4.7,False
o2,10,521814,51.93431,-0.49355,109,7,4.1,False
o2,10,521838,52.43999,-0.79045,354,9,9.4,False
o2,10,521872,51.45738,-0.01292,582,18,9.3,False
o2,10,521874,51.50187,-0.07756,175,12,6.6,False
o2,10,521888,51.96321,-0.73035,79,2,5.0,False
o2,10,521890,52.72451,-0.48237,134,2,4.3,False
o2,10,521892,51.4637,-0.13064,99,18,6.3,False
o2,10,521902,51.31956,-0.14997,38,7,6.0,False
o2,10,521910,51.49622,-0.2051,28,3,3.4,True
o2,10,521916,51.71926,-0.46851,168,2,4.6,False
o2,10,521918,52.72806,-1.22672,23,6,6.0,False
o2,10,521942,51.92664,-0.23527,26,2,9.5,False
o2,10,521960,53.28724,-0.66311,29,2,4.6,False
o2,10,521988,51.56415,-0.30349,42,4,3.8,False
o2,10,521992,52.77551,-0.50908,131,2,7.5,True
o2,10,521994,52.99033,-1.48834,65,4,5.5,False
o2,10,522048,53.08313,-0.79935,93,3,7.3,False
o2,10,522058,51.49153,-0.11921,44,10,5.3,False
o2,10,522060,51.4626,-0.29781,49,6,7.3,False
o2,10,522072,51.2566,1.0081,334,3,9.1,True
o2,10,522080,54.04663,-1.20143,122,2,6.6,False
o2,10,522114,51.55098,-0.27907,27,4,3.5,True
o2,10,522136,52.98874,-1.48806,23,2,5.2,False
o2,10,522138,52.54284,-1.26652,64,2,5.2,False
o2,10,522146,51.50425,-0.10712,29,2,5.1,False
o2,10,522148,51.36082,-0.19317,274,8,8.5,False
o2,10,522154,52.78648,-0.75275,112,2,4.2,False
o2,10,522186,51.25912,0.4826,149,3,5.6,True
o2,10,522202,50.83241,-0.22278,119,2,5.5,False
o2,10,522222,50.92914,-0.06409,82,3,6.2,False
o2,10,522314,52.80157,-1.64505,123,9,4.7,False
o2,10,522334,52.6982,-0.7063,111,2,5.6,False
o2,10,522344,51.49236,-0.80689,75,2,4.4,False
o2,10,522358,51.8745,-0.39698,236,7,7.4,False
o2,10,522366,52.63272,-1.11968,101,10,5.9,False
o2,10,522390,51.91185,-0.46098,163,7,4.5,False
o2,10,522402,52.86609,-1.25137,48,9,4.9,False
o2,10,522404,52.07907,-0.5181,60,8,6.1,False
o2,10,522426,53.18482,-0.76838,58,2,3.9,False
o2,10,522432,51.96878,-0.46305,265,7,5.4,False
o2,10,522446,53.16447,-0.82138,25,2,4.4,False
o2,10,522454,52.94973,-1.28132,104,3,7.7,False
o2,10,522460,52.16685,-0.50878,192,9,5.9,False
o2,10,522482,54.2825,-1.41599,96,2,4.9,False
o2,10,522512,52.52804,-1.46818,87,3,4.9,False
o2,10,522516,50.82934,-0.16358,108,2,7.3,False
o2,10,522518,51.44326,0.40262,20,4,3.2,False
o2,10,522538,51.61459,-0.24678,87,7,4.3,False
o2,10,522542,52.69247,-0.51641,94,2,6.2,False
o2,10,522544,52.88341,-1.28267,165,11,6.1,False
o2,10,522586,53.1319,-0.83997,116,3,5.1,False
o2,10,522590,53.17045,-0.72384,22,2,3.3,False
o2,10,522662,53.61685,-0.50577,99,2,6.0,False
o2,10,522664,53.51007,-0.40059,87,2,6.8,False
o2,10,522680,51.50988,-0.52461,35,2,3.1,False
o2,10,522702,51.40696,0.56225,79,2,4.3,False
o2,10,522704,51.11664,0.17415,26,2,4.1,False
o2,10,522760,54.75763,-1.59622,54,2,5.9,False
o2,10,522818,51.68667,-0.31685,167,7,6.0,False
o2,10,522832,51.28414,1.0774,52,3,4.1,False
o2,10,522868,54.97603,-1.59331,74,2,7.2,False
o2,10,522870,51.47081,-0.02494,150,14,9.5,False
o2,10,522892,51.33447,0.9856,65,2,3.5,False
o2,10,522900,50.81725,-0.36787,75,2,10.2,False
o2,10,522906,51.474,0.46801,27,4,6.2,False
o2,10,522922,51.55065,-0.14428,77,6,7.4,False
o2,10,522924,51.79151,-0.63748,97,2,4.2,False
o2,10,522926,52.6376,-0.7068,75,2,5.7,False
o2,10,522962,53.71658,-0.64198,266,2,4.6,False
o2,10,522986,51.4621,-0.04106,443,17,7.9,True
o2,10,522996,51.28247,1.04613,160,3,6.5,False
o2,10,523004,51.35774,0.44679,117,3,5.8,False
o2,10,523028,53.61667,-0.80158,222,3,6.5,False
o2,10,523068,51.52542,0.58371,63,2,5.3,False
o2,10,523072,50.83513,-0.28858,127,2,5.7,False
o2,10,523098,56.37733,-4.62725,368,4,8.3,False
o2,10,523124,52.4428,-0.81748,134,7,5.5,False
o2,10,523126,52.38503,-0.72651,197,9,6.1,False
o2,10,523128,51.67064,-0.29102,105,7,4.8,False
o2,10,523148,54.34984,-1.45283,105,2,6.6,False
o2,10,523152,52.39876,-0.74639,356,9,6.3,False
o2,10,523154,51.40873,0.67005,60,3,10.3,False
o2,10,523230,51.38582,0.51207,78,6,5.1,False
o2,10,523252,53.60313,-1.28228,63,2,5.7,False
o2,10,523288,53.52843,-1.31518,41,2,4.2,False
o2,10,523300,53.19422,-0.59989,58,2,4.3,False
o2,10,523306,52.39002,-1.23885,80,3,4.9,False
o2,10,523338,51.74919,-0.33198,89,7,4.7,False
o2,10,523364,52.56317,-1.78983,95,7,5.0,False
o2,10,523368,52.72737,-1.66067,366,9,4.9,False
o2,10,523372,50.93833,-0.09601,150,3,5.5,False
o2,10,523424,52.7693,-0.94413,138,3,5.5,False
o2,10,523452,51.11117,0.571,37,4,4.2,False
o2,10,523458,51.58878,-0.3255,105,4,6.7,False
o2,10,523460,51.50704,-0.35802,22,2,4.4,False
o2,10,523472,53.76896,-0.64898,23,2,2.0,False
o2,10,523484,51.8365,-0.35483,169,7,4.7,False
o2,10,523490,52.75419,-1.71262,147,9,3.4,False
o2,10,523626,51.54981,-0.19321,46,6,4.4,False
o2,10,523690,53.25635,-1.43975,69,3,6.1,False
o2,10,523820,53.85353,-1.17774,34,3,3.8,False
o2,10,523824,51.29515,-0.41351,149,4,6.0,False
o2,10,523886,51.28028,-0.54129,26,5,4.7,False
o2,10,523890,51.47957,-0.45423,66,2,4.9,False
o2,10,523898,51.30904,-0.40121,59,4,5.4,False
o2,10,523904,51.11752,0.17439,161,2,7.1,False
o2,10,523950,52.75536,-0.86823,38,3,3.1,False
o2,10,523956,51.42572,-0.13276,120,12,7.9,False
o2,10,523972,53.52508,-1.14327,64,5,3.7,True
o2,10,523998,52.64876,-0.70058,27,2,4.0,False
o2,10,524006,52.3817,-1.26944,58,3,6.4,False
o2,10,524018,51.43728,-0.10607,76,12,6.5,False
o2,10,524058,51.4513,0.2007,77,2,7.7,False
o2,10,524080,52.95865,-1.47051,26,2,2.6,False
o2,10,524166,52.50568,-0.67827,30,2,4.9,False
o2,10,524178,53.83489,-1.26221,28,2,3.8,False
o2,10,524180,51.44345,-0.01704,260,12,7.8,False
o2,10,524194,54.17846,-1.31752,39,2,4.0,True
o2,10,524204,51.45572,0.20105,80,3,15.0,False
o2,10,524222,51.37355,-0.48221,62,4,5.2,False
o2,10,524242,51.62847,-0.38744,93,4,4.8,False
o2,10,524248,51.46435,-0.22086,95,11,6.7,False
o2,10,524250,51.55347,-0.11246,29,2,5.0,False
o2,10,524258,51.45245,0.04476,42,5,4.8,False
o2,10,524260,52.84962,-1.26538,228,10,6.4,False
o2,10,524276,51.47588,-0.05565,232,20,6.6,False
o2,10,524352,51.48832,-0.15944,29,9,5.3,False
o2,10,524356,51.381,-0.08602,125,13,8.3,False
o2,10,524363,51.34982,0.13031,31,16,2.6,False
o2,10,524366,53.62202,-0.28606,67,2,4.3,True
o2,10,524376,51.41179,-0.1291,51,8,5.2,False
o2,10,524436,51.49705,-0.26652,22,3,2.5,True
o2,10,524437,51.59799,-0.11882,54,2,5.7,False
o2,10,524438,51.39211,-0.07485,153,10,6.3,False
o2,10,524439,51.50237,-0.21187,35,4,4.2,False
o2,10,524462,50.82075,-0.33829,144,2,3.9,False
o2,10,524465,53.70363,-0.95028,65,2,4.2,False
o2,10,524485,51.75438,-0.53432,104,2,5.9,False
o2,10,524489,53.24843,-0.36307,103,2,6.3,False
o2,10,524517,52.79199,-1.20817,23,4,3.1,False
o2,10,524519,51.88961,-0.20144,90,2,4.9,False
o2,10,524532,52.8798,-1.53335,64,10,10.4,False
o2,10,524569,51.93187,-0.22258,23,2,3.0,False
o2,10,524580,51.30892,-0.34348,50,3,5.1,False
o2,10,524766,52.65384,-1.10377,27,9,2.1,False
o2,10,524786,54.77625,-1.58141,41,2,6.2,False
o2,10,524813,51.48917,0.07145,59,2,5.4,False
o2,10,524815,51.43526,-0.02577,59,8,6.1,False
o2,10,524869,51.37152,0.6529,172,3,7.1,False
o2,10,524887,51.36919,-0.42888,115,5,7.8,False
o2,10,524904,52.28666,-0.68265,218,9,4.8,False
o2,10,524934,51.16346,0.63172,517,5,5.8,False
o2,10,524948,51.61426,-0.20378,38,7,4.6,False
o2,10,524972,52.96183,-1.18542,24,2,5.0,False
o2,10,524974,51.43438,0.03439,421,17,8.5,True
o2,10,524994,51.41829,-0.20861,379,6,7.8,False
o2,10,524997,51.47575,-0.14422,352,22,6.8,False
o2,10,525025,51.43412,-0.12874,27,8,5.5,False
o2,10,525029,51.53853,-0.18204,133,6,6.5,False
o2,10,525030,51.47953,-0.04859,101,8,7.6,False
o2,10,525048,51.43455,-0.52689,217,6,7.1,False
o2,10,525055,51.40572,-0.24729,36,2,6.3,False
o2,10,525068,51.41872,-0.06052,45,7,6.3,False
o2,10,525086,51.46543,-0.16622,330,19,7.0,False
o2,10,525091,51.5068,-0.2169,51,4,4.3,False
o2,10,525110,51.45283,-0.40157,103,5,4.7,False
o2,10,525122,51.49099,-0.20147,41,3,8.6,False
o2,10,525130,51.40236,-0.15842,116,8,8.2,True
o2,10,525148,51.48097,-0.02949,298,12,11.2,False
o2,10,525164,51.47014,-0.0999,21,4,2.4,False
o2,10,525175,51.46569,-0.16932,245,19,8.7,True
o2,10,525180,51.46042,-0.01273,284,16,7.3,False
o2,10,525206,52.44063,-0.69747,94,5,6.0,False
o2,10,525208,53.49146,-1.29028,22,2,5.5,False
o2,10,525244,51.44795,0.15518,137,5,5.9,False
o2,10,525246,52.92489,-0.66859,32,2,5.0,False
o2,10,525257,56.8379,-4.67596,97,2,4.4,False
o2,10,525301,52.96374,-1.07878,55,2,3.8,False
o2,10,525313,51.88139,-0.21207,57,2,7.5,False
o2,10,525341,51.53151,-0.25147,108,6,7.4,False
o2,10,525342,51.52849,-0.2581,79,5,5.4,True
o2,10,525392,52.63926,-1.11248,54,11,5.8,False
o2,10,525456,51.48072,0.52289,43,2,5.1,False
o2,10,525509,53.66063,-1.11221,110,2,6.4,False
o2,10,525524,51.33601,-0.14064,107,11,7.8,False
o2,10,525564,51.51254,-0.75694,125,2,5.1,False
o2,10,525605,51.52405,-0.21525,48,3,4.8,False
o2,10,525627,51.66624,-0.39413,126,4,8.0,False
o2,10,525704,51.50592,-0.10455,115,10,6.8,False
o2,10,525865,51.39048,0.17165,531,14,10.2,False
o2,10,525886,51.43284,-0.0976,53,7,7.2,False
o2,10,525888,51.4623,-0.04371,208,19,6.9,False
o2,10,525891,51.45035,-0.10042,106,11,5.1,False
o2,10,525893,51.43362,-0.1916,24,5,3.9,False
o2,10,525897,51.47474,-0.14067,20,5,3.2,False
o2,10,525902,51.49164,-0.06301,308,12,9.7,False
o2,10,525906,51.48544,-0.05297,89,11,8.6,False
o2,10,525925,51.42063,-0.14741,323,13,5.3,True
o2,10,525929,51.38536,-0.34128,112,3,6.0,True
o2,10,525984,51.50719,-0.12088,46,3,4.6,False
o2,10,525986,51.4495,-0.34403,193,6,7.5,False
o2,10,526064,50.97777,-0.11287,482,5,8.0,False
o2,10,526104,51.91052,-0.64887,65,2,5.5,False
o2,10,526366,52.35922,-1.22785,179,3,5.2,False
o2,10,526504,54.24745,-1.40403,136,2,3.4,False
o2,10,526824,51.47958,-0.06228,38,6,4.6,False
o2,10,526826,51.46011,-0.07547,54,3,3.7,False
o2,10,527085,51.50701,-0.47296,32,2,4.1,False
o2,10,527245,51.39131,-0.02805,21,2,4.9,False
o2,10,527364,51.86706,-0.14977,23,2,6.1,False
o2,10,527404,51.47892,-0.25954,72,7,5.0,False
o2,10,527407,51.36362,-0.16755,38,6,6.2,True
o2,10,527408,51.4087,-0.14263,20,4,5.8,False
o2,10,527415,51.47353,-0.14287,35,17,4.5,False
o2,10,527453,51.46194,0.15741,30,2,3.2,False
o2,10,527484,51.46673,-0.24085,191,11,5.9,False
o2,10,527487,51.36013,-0.17019,45,3,6.9,False
o2,10,527488,52.2693,-0.62211,28,6,4.0,False
o2,10,527508,51.40583,0.28044,72,3,6.4,False
o2,10,527545,51.3668,-0.19771,67,4,3.7,False
o2,10,527548,51.39663,-0.5362,165,6,8.8,False
o2,10,527573,51.45037,-0.04325,58,5,5.9,False
o2,10,527574,51.47221,-0.15934,151,17,7.0,False
o2,10,527579,51.46613,-0.11614,528,22,8.2,False
o2,10,527683,51.39433,-0.16464,67,6,5.9,False
o2,10,527712,52.1511,-0.52789,182,9,6.4,False
o2,10,527713,52.86059,-1.56036,666,11,5.0,False
o2,10,527714,51.43843,0.08659,72,5,4.3,False
o2,10,527730,51.43842,-0.10579,54,9,4.6,False
o2,10,527952,51.3815,-0.09196,27,7,2.5,True
o2,10,528026,53.53203,-1.14535,183,5,6.2,True
o2,10,528060,51.35459,-0.26037,48,3,4.9,False
o2,10,528062,51.42763,-0.05411,51,8,5.3,False
o2,10,528073,51.43544,-0.46712,54,5,4.1,False
o2,10,528076,51.48668,-0.05172,264,12,6.7,False
o2,10,528107,51.44066,-0.11154,185,12,6.7,True
o2,10,528173,52.29972,-0.67695,255,9,6.1,False
o2,10,528184,51.46493,-0.10955,308,23,7.6,False
o2,10,528290,51.46042,-0.2846,244,8,7.7,False
o2,10,528304,51.49185,0.06457,55,2,9.9,False
o2,10,528308,51.44468,0.17632,142,6,6.2,False
o2,10,528316,51.32834,-0.27885,70,5,6.9,False
o2,10,528324,51.4419,-0.13324,93,7,8.1,False
o2,10,528326,51.48909,-0.14562,45,10,15.4,False
o2,10,528364,51.46986,-0.07262,36,9,4.5,False
o2,10,528504,51.38564,0.06821,464,22,8.8,False
o2,10,528524,51.3407,-0.13253,277,14,8.7,False
o2,10,528569,51.36267,-0.15501,94,5,5.6,False
o2,10,528654,51.36685,-0.17244,72,6,10.7,True
o2,10,528684,51.50122,-0.10376,77,14,8.3,False
o2,10,528827,51.46304,-0.30765,135,6,5.7,False
o2,10,528849,51.3837,-0.08375,318,13,7.9,False
o2,10,528886,51.36299,-0.09622,40,9,7.8,False
o2,10,528888,52.35186,-1.18466,56,2,4.3,False
o2,10,528964,51.29357,-0.31334,58,3,4.5,True
o2,10,528986,51.09187,1.10633,93,4,6.3,False
o2,10,528991,53.21483,-0.44824,20,2,3.9,False
o2,10,529025,51.43995,-0.15423,235,7,7.7,False
o2,10,529184,51.36754,0.27096,63,5,12.3,False
o2,10,529306,53.54002,-0.45288,86,2,5.5,False
o2,10,529326,56.51363,-5.07283,226,2,9.5,False
o2,10,529344,51.47701,-0.10356,42,8,9.2,False
o2,10,529364,51.39515,0.01101,554,18,8.5,False
o2,10,529466,51.44768,-0.14281,214,6,8.8,True
o2,10,529486,51.4229,-0.11463,22,8,3.6,False
o2,10,529584,56.47507,-4.73883,208,3,9.8,False
o2,10,529586,56.54272,-4.7694,102,2,6.4,False
o2,10,529606,52.63677,-1.69321,228,8,7.9,False
o2,10,529644,51.42386,-0.11323,57,13,9.8,False
o2,10,529650,51.48748,-0.0442,33,6,5.4,False
o2,10,529664,51.41592,-0.06843,427,15,12.4,False
o2,10,529784,51.4708,0.18627,100,2,7.4,False
o2,10,529806,51.26099,-0.15327,267,10,9.1,False
o2,10,529811,51.40142,-0.14121,83,13,9.5,False
o2,10,529930,51.4801,-0.13222,26,5,4.2,False
o2,10,529932,51.40527,-0.06538,51,9,3.2,True
o2,10,529934,51.54579,-0.27347,97,5,6.2,True
o2,10,529944,52.54459,-1.51459,49,2,6.8,False
o2,10,530004,51.46642,-0.29054,122,6,5.4,True
o2,10,530364,51.40142,-0.30586,65,3,5.7,False
o2,10,530368,51.45983,-0.08011,148,9,7.3,False
o2,10,530370,51.38158,-0.39045,100,2,5.9,False
o2,10,530385,51.40676,-0.21249,52,5,5.6,False
o2,10,530409,51.39356,0.11553,28,8,6.5,False
o2,10,530513,51.39956,-0.13759,92,8,5.5,False
o2,10,530564,52.37758,-1.27235,86,2,4.7,True
o2,10,530584,51.40166,-0.19174,20,4,4.9,False
o2,10,530615,53.58299,-0.89162,72,3,4.1,False
o2,10,530626,51.48883,0.11923,110,2,4.9,False
o2,10,530628,52.57115,-0.66202,72,2,6.1,False
o2,10,530644,51.42567,-0.17633,134,5,6.0,False
o2,10,530704,51.42547,-0.03314,40,6,16.4,False
o2,10,530724,51.44683,0.03616,44,5,11.2,True
o2,10,530788,51.37694,-0.00294,29,2,4.4,False
o2,10,530791,51.351,-0.0905,195,13,11.9,False
o2,10,531025,51.40109,-0.33722,33,3,3.1,True
o2,10,531126,51.42289,-0.03736,49,7,4.9,False
o2,10,531286,51.24332,-0.10958,153,13,12.0,False
o2,10,531310,51.29807,-0.35727,22,2,4.4,False
o2,10,531384,51.40314,0.24095,74,3,7.9,False
o2,10,531426,51.45354,-0.03301,49,7,5.4,False
o2,10,531444,51.35213,0.11297,180,22,9.6,False
o2,10,531544,51.46135,-0.10252,42,11,5.9,True
o2,10,531846,51.4001,0.03567,265,11,7.6,False
o2,10,531849,51.35884,0.15031,693,22,11.4,False
o2,10,532084,51.25927,1.00644,75,3,5.8,False
o2,10,532124,51.36316,-0.19138,60,6,12.0,False
o2,10,532285,51.43529,-0.47862,161,5,6.4,False
o2,10,532406,51.46602,-0.23236,30,11,4.1,False
o2,10,532408,51.39095,0.14323,162,11,8.3,True
o2,10,532626,51.41356,-0.55139,171,5,5.1,False
o2,10,532666,51.32837,-0.21168,39,2,6.5,False
o2,10,532687,51.55226,-0.19886,136,8,7.8,False
o2,10,532710,51.44277,-0.43582,65,5,6.2,False
o2,10,532948,51.44432,0.02855,33,5,4.6,False
o2,10,533088,51.43441,-0.34773,94,2,7.7,False
o2,10,533168,51.42768,-0.51537,23,5,4.8,False
o2,10,533190,51.44944,0.0081,153,16,6.4,False
o2,10,533368,51.48711,0.01988,51,2,3.8,False
o2,10,533379,51.39752,0.1135,72,8,4.9,False
o2,10,533381,51.42091,-0.14571,137,10,6.9,False
o2,10,533449,51.32764,-0.10571,59,5,6.9,False
o2,10,533687,51.53837,-0.19152,24,3,4.5,False
o2,10,533746,51.33441,-0.27329,39,3,6.0,False
o2,10,533866,51.31742,-0.08,122,2,5.8,False
o2,10,533868,51.41948,0.05225,24,8,5.0,False
o2,10,534079,51.52999,-0.23608,23,3,2.6,False
o2,10,534106,51.48513,-0.26244,44,8,4.1,False
o2,10,534234,51.48452,-0.28018,108,10,9.0,False
o2,10,534310,51.49701,-0.0955,67,8,8.1,False
o2,10,534312,51.4776,-0.14996,313,19,8.2,True
o2,10,534406,51.45748,-0.11049,101,10,8.1,False
o2,10,534511,51.37154,-0.16281,65,6,7.6,False
o2,10,534526,53.37028,-1.46772,43,2,5.4,False
o2,10,534574,51.38438,-0.03968,40,4,12.3,False
o2,10,534606,51.31049,-0.33106,97,4,4.5,False
o2,10,534614,51.46525,-0.44787,96,5,3.7,False
o2,10,534619,51.48688,-0.09644,28,7,5.7,False
o2,10,534624,51.96608,-0.27458,103,2,7.7,True
o2,10,534625,51.35282,-0.09313,37,12,4.0,False
o2,10,534668,51.38223,0.58233,145,2,4.7,False
o2,10,534747,51.49488,-0.11976,71,6,4.4,False
o2,10,534807,51.46861,-0.18069,28,5,5.6,True
o2,10,534892,51.3045,-0.07998,147,2,8.9,False
o2,10,535031,51.4339,-0.51885,34,5,4.6,False
o2,10,535046,51.40283,-0.20075,41,5,4.5,False
o2,10,535108,51.4032,0.0076,61,9,3.9,False
o2,10,535147,51.43931,-0.08584,58,2,3.6,False
o2,10,535177,51.43424,-0.1389,59,6,5.0,False
o2,10,535250,51.32246,-0.24214,38,2,4.6,False
o2,10,535254,51.42815,-0.01053,104,9,3.9,True
o2,10,535266,51.38283,-0.3605,36,2,3.9,False
o2,10,535270,51.4542,-0.00298,60,14,7.2,True
o2,10,535272,51.42603,-0.09176,125,9,10.1,False
o2,10,535307,51.49786,-0.08588,20,8,4.6,False
o2,10,535333,51.45597,-0.376,32,5,3.8,True
o2,10,535342,51.2455,-0.23536,29,4,3.8,False
o2,10,535402,51.48582,0.10174,91,2,9.2,False
o2,10,535472,51.37891,-0.09012,109,13,6.2,False
o2,10,535493,51.30166,0.21776,163,16,9.8,False
o2,10,535498,51.36175,-0.48051,64,4,5.9,False
o2,10,535502,51.4508,-0.02044,41,9,4.2,False
o2,10,535506,51.5065,-0.26574,109,7,4.8,False
o2,10,535530,51.49113,-0.05432,54,3,4.7,False
o2,10,535543,51.35041,-0.48368,103,5,5.3,False
o2,10,535571,51.38663,0.12748,35,8,17.5,False
o2,10,535575,51.43166,0.09533,23,4,3.5,False
o2,10,535672,51.43992,0.13615,78,5,8.6,False
o2,10,535706,51.44965,-0.36729,120,7,3.6,False
o2,10,535708,51.35249,-0.17653,36,6,4.4,False
o2,10,535710,51.41366,-0.52703,157,5,5.5,False
o2,10,535748,51.49764,-0.07409,79,12,7.6,False
o2,10,535749,51.3944,-0.09117,145,10,6.5,False
o2,10,535750,51.34014,-0.19923,36,2,5.5,False
o2,10,535752,51.40942,-0.21309,39,6,4.1,False
o2,10,535799,51.4993,-0.11628,51,8,6.8,False
o2,10,535877,53.72873,-0.584,65,2,3.7,False
o2,10,535886,51.30729,-0.14202,107,10,8.2,False
o2,10,535944,51.27164,-0.01027,84,4,14.1,False
o2,10,535957,52.95253,-1.15344,28,2,4.4,False
o2,10,536021,51.46792,-0.17451,235,17,10.0,False
o2,10,536046,51.29947,-0.17788,64,5,5.1,False
o2,10,536090,51.38634,-0.08745,29,5,10.3,False
o2,10,536116,51.43721,-0.55666,145,6,6.2,False
o2,10,536142,51.42155,-0.01013,59,7,5.5,False
o2,10,536158,51.49212,0.06417,25,2,8.2,True
o2,10,536160,51.48126,0.17375,41,2,6.7,False
o2,10,536223,51.43777,-0.4555,53,5,5.6,False
o2,10,536230,51.35167,-0.47907,39,6,3.9,False
o2,10,536254,51.3337,-0.26483,40,3,5.2,False
o2,10,536284,51.40962,-0.02862,53,5,5.2,False
o2,10,536326,51.40471,0.22126,45,3,4.9,False
o2,10,536331,51.38922,-0.05656,30,6,3.9,False
o2,10,536363,51.42198,-0.00949,30,8,2.9,False
o2,10,536367,51.36318,0.09492,233,22,6.8,False
o2,10,536370,51.44259,-0.14513,51,7,5.0,False
o2,10,536382,51.41439,-0.05017,42,7,5.1,True
o2,10,536385,51.46237,0.20981,55,6,5.8,False
o2,10,536407,51.39608,0.1114,67,8,4.9,False
o2,10,536410,51.45914,-0.1927,33,11,4.3,False
o2,10,536412,51.35723,-0.21023,39,7,5.0,False
o2,10,536444,51.39589,-0.05129,148,9,6.2,False
o2,10,536448,51.36924,-0.19621,23,3,3.5,False
o2,10,536487,51.38856,-0.57807,47,2,4.7,False
o2,10,536523,51.49836,-0.07605,80,11,7.1,False
o2,10,536538,51.39693,-0.10393,26,6,5.8,False
o2,10,536595,51.3813,0.07233,88,21,6.0,False
o2,10,536638,51.31567,0.16899,32,17,3.5,False
o2,10,536639,53.42377,-0.3331,44,2,3.2,False
o2,10,536694,51.41756,-0.13755,103,13,5.5,True
o2,10,536708,51.45305,-0.38047,27,5,3.7,False
o2,10,536712,51.45537,-0.21924,68,11,3.0,False
o2,10,536749,51.25157,-0.20367,299,11,10.6,False
o2,10,536755,51.38477,-0.20006,40,4,4.9,False
o2,10,536761,51.45089,0.0127,55,10,5.5,False
o2,10,536763,51.47982,-0.03023,98,11,6.6,False
o2,10,536777,51.39239,0.13202,40,7,4.1,False
o2,10,536779,51.41092,0.00139,175,9,6.1,True
o2,10,536781,51.37271,-0.12438,102,8,8.2,False
o2,10,536787,51.40148,0.07866,68,12,9.6,False
o2,10,536805,51.34211,-0.24453,65,3,5.1,False
o2,10,536823,51.37464,-0.40916,24,2,6.0,False
o2,10,536849,51.36504,-0.16709,36,5,3.3,True
o2,10,536854,51.48881,0.03594,45,2,10.8,False
o2,10,536875,51.40456,-0.12681,215,8,7.9,False
o2,10,536878,51.43232,-0.0222,79,7,7.5,False
o2,10,536880,51.49945,0.05665,24,5,5.0,False
o2,10,536887,51.40163,-0.07426,89,9,6.1,False
o2,10,536891,51.3844,-0.19571,44,4,10.4,False
o2,10,536954,51.28862,-0.05844,57,2,5.8,False
o2,10,536976,51.4948,-0.14688,138,10,6.7,False
o2,10,536978,51.52412,-0.23417,98,5,6.0,True
o2,10,537008,53.71236,-0.47195,24,3,2.6,False
o2,10,537025,51.31834,-0.13981,260,11,8.0,False
o2,10,537072,51.37573,-0.08941,25,8,3.5,False
o2,10,537083,51.24043,0.65837,130,4,5.6,False
o2,10,537126,51.28884,0.16625,87,17,4.3,False
o2,10,537167,51.39698,-0.26963,39,4,5.3,False
o2,10,537409,51.44851,-0.35716,123,5,5.3,False
o2,10,537420,51.44686,-0.3345,81,5,12.2,False
o2,10,537428,51.44579,-0.14546,99,7,4.1,True
o2,10,537644,51.46085,-0.0923,221,18,10.8,False
o2,10,537906,51.35437,-0.19267,224,7,9.5,False
o2,10,537930,51.50882,-0.09979,74,10,6.0,False
o2,10,537932,51.41523,-0.12692,103,13,7.8,True
o2,10,538172,51.22239,0.74911,113,3,5.2,False
o2,10,538184,51.50662,-0.10491,20,7,6.6,False
o2,10,538210,55.96229,-3.18697,23,2,7.5,False
o2,10,538236,51.49505,-0.09475,131,12,7.4,True
o2,10,538238,51.43894,-0.05082,49,5,9.3,False
o2,10,538707,51.49402,0.16272,59,2,6.3,False
o2,10,538912,52.63453,-2.12853,92,3,4.8,False
o2,10,538916,51.37313,0.20057,208,6,7.3,False
o2,10,538939,51.37178,0.08906,66,20,8.4,False
o2,10,538942,51.40572,-0.09162,136,11,10.6,False
o2,10,538957,51.48104,0.00173,76,2,6.6,False
o2,10,538977,51.39541,-0.09862,133,9,11.1,False
o2,10,538996,51.44794,-0.16639,31,6,4.0,False
o2,10,539000,51.42049,-0.00233,32,12,3.7,True
o2,10,539002,51.48583,-0.14077,62,10,6.3,False
o2,10,539008,51.36972,0.10106,72,17,11.2,False
o2,10,539461,51.49064,-0.06846,73,12,3.8,False
o2,10,539698,51.46408,-0.11469,192,18,10.7,False
o2,10,539703,51.36146,-0.09227,88,13,4.8,False
o2,10,540010,52.50329,-1.8723,62,2,6.6,False
o2,10,540215,53.50575,-1.30545,55,5,10.7,False
o2,10,540265,51.47252,-0.13947,281,20,5.8,False
o2,10,540267,51.33532,-0.1252,143,11,5.9,False
o2,10,540272,51.44574,0.16857,32,6,6.2,False
o2,10,540294,51.50662,-0.09756,90,11,6.4,False
o2,10,540296,51.29057,0.16743,115,15,10.2,False
o2,10,540311,53.23464,-1.4305,32,3,6.7,False
o2,10,540523,51.46915,-0.26269,145,11,5.1,False
o2,10,540534,51.44829,-0.36407,116,7,3.9,True
o2,10,540538,51.49806,-0.06631,131,13,9.6,False
o2,10,540540,51.44028,-0.49316,23,6,2.0,False
o2,10,540546,51.49309,0.14697,33,2,6.2,False
o2,10,540758,52.13821,-0.48283,106,9,6.2,False
o2,10,540778,51.50749,-0.47231,53,2,5.5,False
o2,10,540783,51.44953,-0.41657,95,5,9.5,False
o2,10,540990,51.47783,-3.21267,63,4,4.0,False
o2,10,541002,51.43257,-0.08124,120,9,7.5,False
o2,10,541004,51.50415,-0.08401,65,11,4.5,False
o2,10,541005,51.45056,-0.14328,83,7,5.2,False
o2,10,541009,50.8357,-0.20537,35,2,11.7,False
o2,10,541016,51.507,-0.10463,54,10,7.0,False
o2,10,541023,51.40519,0.05931,450,22,9.4,False
o2,10,541235,55.84148,-4.2467,25,3,3.8,False
o2,10,541267,51.47937,-3.16636,27,2,3.7,False
o2,10,541279,54.92035,-1.60382,20,2,7.4,False
o2,10,541344,54.89979,-1.57836,27,2,4.3,False
o2,10,541376,53.36281,-2.88992,65,2,5.4,True
o2,10,541380,53.50691,-3.05625,52,2,4.4,False
o2,10,541395,51.4641,-0.27999,87,5,4.2,False
o2,10,541397,51.51352,-3.11867,32,2,4.5,False
o2,10,541422,52.49897,-1.84463,71,6,4.4,True
o2,10,541428,53.25945,-1.42945,33,3,7.5,False
o2,10,541432,54.58469,-1.32907,68,2,6.1,False
o2,10,541454,52.5965,-1.89288,40,3,3.3,False
o2,10,541456,51.48539,-0.09669,98,8,5.3,False
o2,10,541466,53.44255,-2.95076,23,2,3.2,False
o2,10,541493,54.21472,-1.73116,29,2,6.2,False
o2,10,541505,53.35074,-2.86968,24,2,4.7,True
o2,10,541513,52.55603,-1.98174,24,2,4.0,False
o2,10,541541,53.43234,-2.94375,88,2,4.4,False
o2,10,541554,51.4333,-0.50949,315,6,8.7,False
o2,10,541572,52.49222,-1.86226,110,6,6.3,False
o2,10,541582,51.39768,-0.12509,49,4,9.8,False
o2,10,541584,51.46547,-3.19942,30,4,3.4,True
o2,10,541594,52.64939,-1.72277,184,9,5.9,False
o2,10,541599,51.4696,-0.05716,205,16,6.7,False
o2,10,541608,51.47232,-0.06448,297,16,7.3,False
o2,10,541610,51.28977,-0.15115,179,10,7.1,True
o2,10,541622,53.48516,-1.29625,72,4,7.0,False
o2,10,541638,51.43657,0.09723,161,6,5.1,False
o2,10,541673,53.46262,-2.99202,26,2,4.6,False
o2,10,541689,51.45035,0.22065,113,6,8.8,False
o2,10,541709,51.46692,-0.02561,39,13,5.1,False
o2,10,541735,51.39323,0.12436,91,7,5.2,False
o2,10,541739,51.41588,-0.05137,198,6,10.4,False
o2,10,541756,52.45149,-1.726,52,2,5.2,False
o2,10,541770,52.59488,-2.1014,69,4,7.0,True
o2,10,541786,52.57839,-2.05381,62,4,2.6,False
o2,10,541788,52.51797,-1.76757,213,7,5.6,True
o2,10,541808,51.37517,-0.09574,37,10,2.0,True
o2,10,541892,55.82765,-4.2025,35,3,5.2,False
o2,10,541896,55.81381,-4.31623,23,3,3.0,True
o2,10,541923,51.41118,-0.21754,49,7,6.9,False
o2,10,541934,51.47455,0.43226,28,3,4.4,False
o2,10,541936,51.50876,-0.09828,47,6,6.8,False
o2,10,541940,51.38105,-0.0121,46,2,6.8,False
o2,10,541952,51.30188,-0.33818,151,4,5.3,False
o2,10,542062,55.8326,-4.15741,32,2,5.8,False
o2,10,542097,52.53788,-1.79699,21,3,2.1,False
o2,10,542104,51.43521,0.02052,235,17,16.0,False
o2,10,542117,52.59366,-2.12889,57,2,4.8,False
o2,10,542122,51.50555,-0.09402,71,7,6.2,True
o2,10,542137,51.41388,-0.03699,85,6,6.6,False
o2,10,542144,52.04951,-0.50873,94,8,5.6,False
o2,10,542155,52.42531,-1.91681,37,3,3.6,False
o2,10,542178,51.24497,-0.1587,41,6,7.8,False
o2,10,542194,51.56434,-0.21697,26,7,3.3,False
o2,10,542222,52.61475,-2.12267,58,4,6.0,False
o2,10,542235,54.98281,-1.56602,22,2,2.9,False
o2,10,542254,51.42408,-0.18574,22,5,4.0,False
o2,10,542306,51.46506,-0.12827,189,19,6.7,False
o2,10,542326,53.71537,-0.65576,24,2,5.0,False
o2,10,542353,51.43831,-0.0518,61,5,5.0,False
o2,10,542355,51.47796,-0.05987,25,8,4.2,False
o2,10,542360,51.38715,-0.15218,137,6,6.9,False
o2,10,542364,53.18816,-0.73726,34,2,4.5,False
o2,10,542408,52.57506,-2.00688,29,2,3.0,False
o2,10,542410,51.46055,-0.17626,20,7,3.0,False
o2,10,542419,51.48316,-0.12772,209,11,7.2,False
o2,10,542443,51.40834,-0.16583,93,11,7.7,True
o2,10,542486,53.70108,-1.28054,33,2,9.5,False
o2,10,542493,53.56685,-1.19101,70,4,8.7,False
o2,10,542509,52.6607,-0.72657,117,2,6.8,False
o2,10,542515,53.79286,-1.1662,112,3,4.8,False
o2,10,542593,51.50192,-0.07843,23,8,3.7,False
o2,10,542600,51.49703,-0.28239,75,8,5.5,False
o2,10,542622,53.83948,-1.11687,20,2,18.1,False
o2,10,542646,51.5075,-0.09455,31,7,6.3,False
o2,10,542683,51.47222,-0.27518,192,10,5.7,False
o2,10,542880,51.15661,-0.1607,37,5,4.0,False
o2,10,542995,51.5497,-0.14325,35,5,4.6,False
o2,10,543089,51.43735,0.10981,49,4,3.0,False
o2,10,543163,51.48127,-0.28093,168,9,6.0,False
o2,10,543202,51.50972,-0.11206,26,5,6.4,False
o2,10,543223,53.79021,-1.10925,172,2,5.9,False
o2,10,543237,51.36145,-0.19105,20,6,5.5,False
o2,10,543255,51.4727,-0.15459,329,22,8.9,False
o2,10,543396,55.84834,-4.08068,37,4,5.2,False
o2,10,543403,51.30888,0.18254,496,18,8.3,False
o2,10,543417,51.44681,-0.03489,109,15,5.5,False
o2,10,543420,52.46824,-1.87343,99,4,6.8,False
o2,10,543518,51.15908,0.66955,34,5,3.5,False
o2,10,543519,51.40958,0.00762,91,9,7.0,False
o2,10,543641,51.15531,-0.17674,96,5,13.1,False
o2,10,543664,51.46554,-0.10213,120,13,9.3,False
o2,10,543742,55.82303,-4.13832,56,3,5.2,False
o2,10,543747,55.82227,-4.31884,45,3,5.1,False
o2,10,543762,55.84631,-4.11285,54,2,4.8,False
o2,10,543776,51.46495,-0.01162,28,9,5.0,True
o2,10,543828,53.3988,-2.93815,70,2,7.6,False
o2,10,543839,51.43096,0.02792,45,16,10.0,False
o2,10,543873,53.44663,-2.97597,32,2,7.5,False
o2,10,543877,55.82618,-4.19401,40,3,5.1,True
o2,10,543887,53.36662,-2.89393,33,2,4.0,False
o2,10,543926,52.50843,-1.80557,60,4,4.2,False
o2,10,543929,52.5449,-1.68534,316,7,6.9,False
o2,10,543953,55.83795,-4.13752,50,2,6.0,False
o2,10,543960,52.48314,-1.92609,26,2,3.8,False
o2,10,543967,52.51026,-1.92373,91,2,8.0,False
o2,10,543999,52.60359,-2.1233,77,4,5.1,False
o2,10,544064,54.58026,-1.2441,29,2,5.1,False
o2,10,544195,56.42902,-4.81142,203,3,6.9,False
o2,10,544234,54.79335,-1.58489,28,2,5.3,False
o2,10,544240,51.37519,-0.50278,37,2,5.8,True
o2,10,544300,52.52045,-1.79412,88,6,4.3,True
o2,10,544326,55.83669,-4.23453,60,3,4.9,False
o2,10,544357,51.4712,-0.56046,35,3,9.2,False
o2,10,544453,56.83116,-5.11807,156,2,6.0,False
o2,10,544467,51.4458,-0.39998,47,4,4.9,False
o2,10,544506,51.3559,-0.21595,63,3,7.6,False
o2,10,544510,52.47114,-1.98705,40,5,5.1,False
o2,10,544514,53.44846,-2.95648,38,2,3.0,False
o2,10,544550,52.58421,-2.089,79,4,5.4,False
o2,10,544556,52.60876,-1.83808,138,4,8.1,False
o2,10,544571,53.11174,-0.65069,33,2,10.3,False
o2,10,544582,52.51562,-1.8748,34,2,4.0,False
o2,10,544614,52.52979,-1.92652,42,2,6.3,False
o2,10,544653,52.5701,-2.01426,109,4,5.2,False
o2,10,544657,53.44178,-2.99659,55,2,6.5,False
o2,10,544680,55.82873,-4.29114,165,4,6.8,False
o2,10,544684,55.82529,-4.25608,26,2,6.0,False
o2,10,544735,52.58225,-2.08165,83,3,5.7,False
o2,10,544741,52.39853,-1.98337,103,3,6.0,False
o2,10,544749,55.81257,-4.33565,49,2,5.6,False
o2,10,544795,52.44348,-1.93063,28,2,4.5,False
o2,10,544803,52.41163,-1.94272,35,3,5.6,False
o2,10,544807,51.48449,-3.2846,40,4,5.7,False
o2,10,544838,52.47785,-1.75337,58,2,4.6,False
o2,10,544840,52.53608,-1.82478,84,4,4.8,False
o2,10,544844,52.40378,-1.93394,49,3,4.9,False
o2,10,544908,52.46714,-1.87173,45,4,4.2,False
o2,10,544915,51.52679,-3.07825,76,2,6.2,False
o2,10,544935,55.83013,-4.21343,27,3,5.2,False
o2,10,544985,52.53052,-1.99541,57,2,6.5,False
o2,10,545024,52.92007,-1.45969,27,15,4.7,False
o2,10,545034,51.37451,-0.08473,21,7,3.4,False
o2,10,545051,51.52259,-0.25578,141,11,7.3,False
o2,10,545223,52.57661,-1.69019,20,6,2.6,False
o2,10,545229,51.47832,-0.032,24,9,5.7,False
o2,10,545265,52.51243,-1.79441,83,4,5.1,False
o2,10,545455,51.45354,0.14497,77,5,4.7,False
o2,10,545461,52.22377,-0.56426,24,6,3.6,False
o2,10,545488,51.50787,-0.46165,30,2,4.8,False
o2,10,545496,51.35801,-0.10475,148,13,5.2,True
o2,10,545515,51.29927,0.49185,50,4,5.7,False
o2,10,545608,52.54836,-1.7193,21,2,5.9,False
o2,10,545620,51.31138,-0.13814,24,6,4.2,True
o2,10,545651,52.48031,-1.94009,34,2,6.1,False
o2,10,545671,51.50149,-0.08414,31,10,4.3,True
o2,10,545689,52.49121,-1.85671,114,6,6.2,True
o2,10,545691,52.5865,-2.09604,77,4,6.8,False
o2,10,545693,51.47943,-3.24302,133,4,6.1,False
o2,10,545704,52.52779,-1.78328,118,3,7.0,False
o2,10,545706,52.47292,-1.75943,30,2,3.0,False
o2,10,545712,51.29059,0.1764,33,7,4.3,False
o2,10,545729,51.39923,-0.03823,106,5,4.7,False
o2,10,545738,56.85983,-5.13971,420,2,5.9,False
o2,10,545774,53.44359,-2.94691,61,2,5.6,False
o2,10,545785,55.83207,-4.09995,46,4,4.6,False
o2,10,545799,55.82293,-4.23674,22,2,5.4,False
o2,10,545833,51.1869,0.40885,184,8,6.1,False
o2,10,545854,53.38522,-2.58007,87,4,4.2,False
o2,10,545885,53.59491,-0.90909,137,4,15.2,False
o2,10,545898,51.50244,-0.08007,34,9,3.2,False
o2,10,545905,51.51637,-3.0642,32,2,3.6,False
o2,10,545963,55.822,-4.18533,32,3,7.0,False
o2,10,545983,56.69253,-4.58521,113,2,6.0,False
o2,10,546101,53.50594,-1.10262,25,3,4.4,False
o2,10,546125,51.90827,-0.67636,35,2,4.6,False
o2,10,546127,51.50505,-0.09435,77,9,4.9,False
o2,10,546139,52.47833,-1.90201,31,2,8.7,True
o2,10,546149,51.46798,-0.01419,305,15,7.9,False
o2,10,546155,51.47592,-3.18229,63,4,5.5,False
o2,10,546171,51.48767,-3.24225,38,4,4.7,False
o2,10,546173,53.34476,-2.85836,55,2,4.9,True
o2,10,546181,51.31619,-0.30492,55,3,6.1,False
o2,10,546242,52.48091,-1.87836,41,5,3.3,False
o2,10,546244,52.5811,-1.55648,198,3,5.5,False
o2,10,546265,53.43083,-3.0095,26,2,11.0,False
o2,10,546273,52.53516,-1.96335,27,2,2.6,False
o2,10,546289,52.55848,-1.81742,150,4,5.2,False
o2,10,546291,55.83637,-4.21068,49,3,3.8,False
o2,10,546327,56.61943,-4.76993,342,2,10.3,True
o2,10,546337,51.61033,-1.2507,33,3,4.9,True
o2,10,546371,56.68185,-4.57031,73,2,4.9,False
o2,10,546407,54.99102,-1.57392,41,2,5.3,False
o2,10,546423,51.47542,-0.24861,147,11,5.1,True
o2,10,546447,51.51733,-0.19904,54,3,6.7,False
o2,10,546468,52.58242,-2.03693,89,4,4.9,False
o2,10,546484,52.59837,-2.11337,55,4,5.3,False
o2,10,546533,55.84387,-4.25621,97,4,8.1,True
o2,10,546537,52.52786,-1.84264,39,2,4.3,False
o2,10,546565,55.83519,-4.34259,29,2,4.0,False
o2,10,546569,52.44423,-1.72249,53,2,5.0,False
o2,10,546641,52.63156,-2.10825,22,3,2.3,False
o2,10,546647,51.49809,-3.14151,31,2,4.9,False
o2,10,546663,52.50593,-1.81772,29,4,3.5,False
o2,10,546674,52.59072,-1.89749,116,3,6.5,False
o2,10,546691,53.39706,-2.93177,40,2,4.4,False
o2,10,546714,51.50109,-0.09947,29,7,4.3,False
o2,10,546754,51.49644,-0.10004,38,9,2.8,False
o2,10,546767,52.4718,-1.87831,42,4,4.4,False
o2,10,546818,51.5023,-3.11939,64,2,4.8,False
o2,10,546829,52.66452,-1.09476,47,9,3.7,False
o2,10,546867,52.62056,-2.1263,63,3,6.9,False
o2,10,546875,53.48299,-3.03457,68,2,4.9,False
o2,10,546904,52.58871,-1.82237,32,4,3.7,False
o2,10,546908,52.40798,-1.96379,34,2,4.8,False
o2,10,546955,51.50554,-3.12058,69,2,5.0,False
o2,10,546997,51.45988,-0.97649,23,3,3.3,False
o2,10,547021,51.4563,0.20015,313,6,7.2,False
o2,10,547065,53.47334,-3.02254,70,2,5.2,False
o2,10,547132,51.45959,-0.97115,20,3,5.9,False
o2,10,547203,52.57542,-2.01853,61,4,9.1,False
o2,10,547251,52.58104,-1.9841,170,3,7.8,False
o2,10,547283,55.83414,-4.28984,80,4,7.8,False
o2,10,547291,55.82343,-4.1106,77,3,6.3,False
o2,10,547298,52.52244,-1.90493,24,2,3.7,False
o2,10,547343,53.14723,-0.74093,155,3,4.7,False
o2,10,547356,51.5628,-0.10222,64,2,9.0,False
o2,10,547359,53.39241,-2.92115,27,2,4.4,False
o2,10,547366,52.55968,-1.98924,75,2,4.8,False
o2,10,547374,51.45568,-0.98999,21,4,4.4,False
o2,10,547385,53.452,-3.00074,60,2,6.0,False
o2,10,547402,52.52596,-1.83837,51,2,5.8,False
o2,10,547413,51.47301,-3.20757,69,4,4.5,False
o2,10,547484,53.51065,-1.15064,134,5,6.9,False
o2,10,547492,52.52052,-1.72847,229,7,6.9,False
o2,10,547520,51.54035,-0.12163,69,4,11.5,False
o2,10,547572,52.4384,-1.89364,29,2,5.5,False
o2,10,547583,52.51037,-1.71316,76,5,5.5,False
o2,10,547731,51.48004,-3.16838,22,2,3.3,False
o2,10,547878,54.77523,-1.60256,25,2,16.7,False
o2,10,547903,53.55288,-1.19741,40,3,4.3,True
o2,10,547912,52.57884,-1.8273,72,4,7.3,False
o2,10,548025,54.88762,-1.60873,24,2,4.8,False
o2,10,548083,51.50241,-0.08542,20,11,6.3,False
o2,10,548101,52.58126,-2.05651,45,4,4.1,False
o2,10,548150,53.60785,-0.98164,60,5,12.8,False
o2,10,548178,51.49729,-0.06455,20,7,3.3,False
o2,10,548207,52.4737,-1.79274,55,2,2.9,False
o2,10,548297,51.41723,0.02195,53,15,8.4,False
o2,10,548302,51.47754,-3.16938,35,2,4.7,False
o2,10,548320,51.47712,-0.18354,22,3,5.2,False
o2,10,548323,54.75465,-1.56538,24,2,2.9,False
o2,10,548337,52.48179,-1.86867,151,6,6.1,False
o2,10,548482,52.49688,-1.84214,124,6,5.6,False
o2,10,548548,52.59672,-1.96017,23,3,2.3,False
o2,10,548582,52.49239,-1.94443,74,2,5.0,False
o2,10,548652,53.57755,-1.051,125,5,10.9,False
o2,10,548670,55.82373,-4.18876,23,2,5.0,True
o2,10,548736,52.47412,-1.77412,72,2,5.1,False
o2,10,548788,51.97983,-0.49315,217,8,15.9,False
o2,10,548804,52.5469,-1.82473,96,4,5.3,False
o2,10,548820,50.84145,-0.29672,37,5,4.3,False
o2,10,548838,53.55835,-1.22588,99,5,15.7,False
o2,10,548872,53.62778,-0.28631,120,2,11.7,True
o2,10,548881,50.84249,-0.54608,95,4,9.4,False
o2,10,548958,52.4746,-1.76041,48,2,4.6,False
o2,10,548962,52.51442,-1.71628,75,2,4.8,False
o2,10,548980,53.53388,-0.60549,207,3,10.4,False
o2,10,548982,53.56513,-0.4371,169,3,11.9,False
o2,10,549005,53.04295,-0.5553,26,2,5.0,False
o2,10,549021,51.33281,-0.5287,96,6,4.5,False
o2,10,549031,54.50198,-1.43715,64,2,10.0,False
o2,10,549033,50.7716,0.05092,74,6,10.7,False
o2,10,549051,52.28225,-0.66386,25,8,20.2,False
o2,10,549061,54.45667,-1.37167,52,2,6.6,False
o2,10,549134,51.25262,0.6657,227,8,12.5,False
o2,10,549145,51.31706,0.53323,302,7,10.1,False
o2,10,549146,52.83599,-1.30502,87,10,10.1,False
o2,10,549176,51.31431,0.92632,60,3,11.3,True
o2,10,549239,51.15916,0.86099,35,6,20.1,False
o2,10,549242,50.93564,-0.05605,56,3,5.2,False
o2,10,549243,50.81671,-0.4624,50,2,9.4,False
o2,10,549249,52.35128,-1.18497,41,2,6.3,False
o2,10,549288,50.84005,0.10319,44,2,12.6,False
o2,10,549292,52.15491,-0.49055,94,7,8.7,False
o2,10,549298,50.77827,0.32922,30,3,4.8,False
o2,10,549311,52.55455,-1.51192,41,2,9.5,False
o2,10,549363,52.75537,-1.70437,111,6,6.4,False
o2,10,549376,51.45711,0.63717,39,2,4.8,False
o2,10,549386,55.82289,-4.26414,32,2,4.6,False
o2,10,549449,50.94045,-0.09299,153,3,9.8,False
o2,10,549507,51.05471,0.19997,112,3,12.4,False
o2,10,600001,52.97672,-1.04776,163,2,5.9,False
o2,10,600005,52.91524,-0.65101,56,2,12.6,True
o2,10,600035,52.53048,-0.60958,28,2,12.0,False
o2,10,600075,52.73131,-1.04882,273,12,7.2,False
o2,10,600081,50.83576,-0.57513,207,4,4.9,False
o2,10,600097,52.0216,-0.50937,206,7,6.3,False
o2,10,600109,51.46791,-0.14882,83,13,4.8,True
o2,10,600113,51.49736,-0.2709,70,8,8.7,False
o2,10,600121,51.94909,-0.51001,152,8,5.0,False
o2,10,600139,51.46715,-0.01785,50,9,18.7,False
o2,10,600153,51.14578,0.25774,33,2,3.7,False
o2,10,600163,52.60172,-0.27085,22,2,5.9,False
o2,10,600165,51.48612,-0.09804,32,7,5.2,False
o2,10,600179,53.14334,-0.51258,47,2,9.2,False
o2,10,600185,51.30918,0.48499,106,3,5.9,False
o2,10,600187,51.49945,-0.11632,68,6,5.1,False
o2,10,600223,51.26565,0.50068,50,3,3.0,False
o2,10,600249,53.25851,-0.45839,107,2,7.8,False
o2,10,600265,51.46404,-0.00995,37,10,5.0,False
o2,10,600269,51.31106,0.17875,276,20,8.4,False
o2,10,600273,51.34485,-0.9883,68,2,11.5,False
o2,10,600295,52.26051,-1.10989,34,2,8.0,False
o2,10,600301,51.99639,-0.7173,176,2,9.9,True
o2,10,600317,53.38289,-0.32791,125,2,7.5,False
o2,10,600321,51.17802,0.21578,78,11,8.4,False
o2,10,600325,51.4817,-0.04649,343,12,7.1,True
o2,10,600329,52.35457,-0.40736,44,8,16.2,False
o2,10,600331,51.30783,1.24256,138,2,7.4,False
o2,10,600339,53.2722,-0.36211,39,2,4.1,False
o2,10,600347,53.22395,-0.54477,79,2,7.9,False
o2,10,600349,51.39946,-0.28392,76,2,6.8,False
o2,10,600355,50.83182,-0.26548,24,2,3.1,False
o2,10,600375,51.50147,-0.08094,118,12,4.9,False
o2,10,600379,50.79668,0.28805,44,3,4.3,False
o2,10,600381,50.85403,-0.15439,198,4,6.7,False
o2,10,600383,53.71284,-0.47204,74,3,5.1,False
o2,10,600393,51.39445,0.5046,31,6,3.5,True
o2,10,600403,50.83413,0.76197,413,2,7.7,True
o2,10,600411,51.11738,1.30952,51,2,7.6,False
o2,10,600417,52.38048,-0.72309,167,9,8.4,False
o2,10,600419,51.37529,-0.15608,70,6,6.6,False
o2,10,600425,51.45198,-0.32131,25,5,3.8,False
o2,10,600435,53.58653,-0.69335,161,3,9.2,True
o2,10,600445,51.17582,0.56653,78,5,4.2,False
o2,10,600447,51.37568,1.41062,210,2,7.6,False
o2,10,600457,53.08942,-0.81702,72,3,7.7,False
o2,10,600467,51.43359,-0.10611,59,6,5.3,False
o2,10,600469,51.45485,0.41291,222,6,5.0,False
o2,10,600483,51.88938,-0.40876,230,7,6.5,False
o2,10,600489,52.48123,-1.24804,35,2,5.5,False
o2,10,600491,51.98068,-0.53848,97,8,4.5,False
o2,10,600497,51.54173,-0.14473,22,2,4.2,False
o2,10,600517,52.7031,-1.14998,84,10,6.2,False
o2,10,600527,51.3978,-0.20138,37,4,4.3,False
o2,10,600531,53.60848,-0.21217,366,2,6.3,False
o2,10,600545,52.77863,-0.84295,239,3,5.0,False
o2,10,600551,51.54819,-0.22815,106,8,9.0,False
o2,10,600557,53.57177,-0.68636,75,3,6.9,False
o2,10,600563,52.62584,-1.12864,29,8,6.5,False
o2,10,600565,52.91843,-1.02358,95,3,6.6,False
o2,10,600567,50.83223,-0.13904,23,3,4.9,True
o2,10,600577,51.45784,-0.34387,29,6,3.0,False
o2,10,600579,51.49039,-0.19025,78,3,7.3,False
o2,10,600581,51.37847,-0.49022,304,5,7.9,False
o2,10,600599,53.11463,-0.79193,170,3,4.8,False
o2,10,600603,53.60046,-0.50147,74,2,4.0,False
o2,10,600609,50.77146,0.26774,157,3,7.0,False
o2,10,600611,50.83491,-0.17039,34,2,3.8,False
o2,10,600615,51.13728,0.86595,394,8,6.4,False
o2,10,600625,51.26898,0.51596,194,5,6.6,False
o2,10,600627,52.60005,-0.26626,115,2,4.1,False
o2,10,600631,51.55363,-0.21068,90,8,2.7,False
o2,10,600633,52.79624,-1.21093,264,10,9.4,False
o2,10,600635,52.12605,-0.46591,71,7,7.0,False
o2,10,600639,51.3363,0.7878,211,2,6.2,False
o2,10,600641,51.51724,-0.7068,137,2,5.7,False
o2,10,600647,50.83738,-0.27562,96,2,8.8,False
o2,10,600655,51.27281,1.06098,192,3,6.7,False
o2,10,600667,51.41978,-0.17438,54,7,4.2,False
o2,10,600675,51.39259,-0.56759,151,5,8.7,False
o2,10,600677,52.75914,-0.88042,215,3,6.3,False
o2,10,600683,52.79934,-1.21414,152,10,4.8,False
o2,10,600697,52.55096,-1.68973,257,7,5.1,False
o2,10,600709,51.51685,-0.19429,38,2,3.4,False
o2,10,600725,51.52281,-0.66992,29,2,3.8,False
o2,10,600747,51.3711,0.09681,33,16,3.1,False
o2,10,600757,51.17447,0.65368,48,5,4.0,False
o2,10,600759,51.23139,0.72521,203,4,6.2,False
o2,10,600775,53.5671,-0.04188,94,2,4.9,False
o2,10,600781,51.28422,0.47874,140,3,7.4,False
o2,10,600797,52.92548,-1.47368,154,15,6.3,False
o2,10,600803,51.31162,0.89047,87,3,8.6,False
o2,10,600805,51.88299,-0.7031,98,2,10.9,False
o2,10,600809,51.37792,-0.32945,24,5,4.7,False
o2,10,600815,51.43947,-0.15182,35,9,5.0,False
o2,10,600829,52.72294,-1.04277,80,2,6.1,False
o2,10,600831,53.49538,-0.45806,121,2,6.0,True
o2,10,600835,51.611,-0.12702,34,2,4.2,True
o2,10,600859,51.29075,1.09226,134,2,8.3,False
o2,10,600869,50.85511,-0.10063,30,2,4.2,False
o2,10,600909,52.94854,-1.13867,26,2,3.8,False
o2,10,600923,51.4132,-0.75503,26,3,14.9,False
o2,10,600929,51.46316,-0.19336,485,15,7.4,False
o2,10,600949,51.37616,-0.10575,129,13,7.0,False
o2,10,600961,51.2696,0.54761,138,3,6.8,False
o2,10,600975,51.65302,-0.30417,27,6,2.5,False
o2,10,600991,51.42911,-0.02349,134,14,6.8,True
o2,10,600995,51.58493,-0.31952,60,4,5.9,False
o2,10,601003,52.8222,-1.63305,527,11,5.1,False
o2,10,601005,52.47698,-0.66493,40,7,4.7,False
o2,10,601041,52.95912,-1.27768,49,3,5.1,False
o2,10,601045,53.55478,-0.13297,204,2,6.3,False
o2,10,601047,51.64596,-0.38949,65,4,7.9,True
o2,10,601049,51.41283,-0.30277,79,3,10.1,True
o2,10,601051,53.06011,-0.92742,111,2,5.2,False
o2,10,601071,51.45143,0.30021,24,6,4.6,False
o2,10,601077,52.79959,-1.64323,286,10,10.6,False
o2,10,601079,52.90022,-1.4326,25,9,4.6,False
o2,10,601081,51.46059,-0.14969,49,9,4.2,True
o2,10,601083,51.39284,0.29807,94,3,4.8,False
o2,10,601089,51.48508,0.10082,44,2,4.6,False
o2,10,601101,52.64164,-1.11613,32,11,6.1,False
o2,10,601105,53.17629,-0.516,42,2,4.0,False
o2,10,601107,53.07401,-0.83133,29,2,4.4,False
o2,10,601113,52.50791,-0.60523,36,3,16.7,False
o2,10,601125,51.39524,0.18687,98,6,5.3,True
o2,10,601169,51.47456,-0.09465,91,7,4.6,False
o2,10,601179,51.4101,-0.15337,136,6,5.6,False
o2,10,601207,51.43452,0.08585,111,5,3.9,False
o2,10,601225,51.55217,-0.1386,40,2,6.8,False
o2,10,601253,51.45735,-0.19616,129,12,5.6,False
o2,10,601259,51.5024,-0.08163,113,12,5.4,False
o2,10,601267,51.45084,0.21868,149,6,6.6,False
o2,10,601285,51.43077,0.11284,78,5,3.4,False
o2,10,601291,53.22801,-0.50478,25,2,5.8,False
o2,10,601303,52.55628,-1.32325,41,2,4.8,False
o2,10,601327,51.42629,-0.20238,30,6,4.0,False
o2,10,601329,51.42876,-0.13633,55,10,4.2,True
o2,10,601331,51.45953,0.18542,22,2,4.2,False
o2,10,601337,50.95567,-0.1281,190,5,4.9,False
o2,10,601351,51.98316,-0.23038,37,2,3.4,False
o2,10,601361,50.81996,-0.383,238,2,5.6,False
o2,10,601363,51.52178,-0.18221,22,2,3.7,False
o2,10,601371,51.36675,-0.15437,21,3,5.3,False
o2,10,601379,51.71418,-0.31689,175,7,5.2,False
o2,10,601395,52.2031,-0.47819,489,9,6.7,False
o2,10,601409,51.47689,-0.18707,63,3,5.0,False
o2,10,601421,51.43309,-0.10026,174,13,7.2,False
o2,10,601425,51.28407,-0.08785,79,2,6.8,False
o2,10,601429,51.36514,0.10068,112,21,5.5,False
o2,10,601433,53.3213,-1.00283,33,2,11.8,False
o2,10,601441,51.38183,0.55454,37,3,3.3,False
o2,10,601459,52.96221,-1.2742,47,3,5.2,False
o2,10,601471,51.50008,-0.09691,22,6,4.2,False
o2,10,601479,51.0858,1.10182,70,6,7.3,False
o2,10,601485,51.37362,-0.48171,114,5,9.5,False
o2,10,601501,51.48703,-0.1208,66,6,4.1,False
o2,10,601503,51.45294,-0.1875,49,8,3.8,False
o2,10,601515,51.33876,-0.49586,87,5,8.6,True
o2,10,601517,51.54309,-0.11723,89,4,8.6,False
o2,10,601531,52.78731,-1.22092,125,10,5.0,False
o2,10,601557,53.49176,-0.44638,115,2,4.9,False
o2,10,601567,51.33207,-0.23881,28,3,4.3,True
o2,10,601569,51.37193,-0.16283,101,6,6.4,False
o2,10,601573,51.29686,-0.07368,95,2,7.4,True
o2,10,601605,52.90042,-1.46059,29,10,3.3,False
o2,10,601607,51.4478,-0.07275,76,8,4.2,False
o2,10,601619,51.38548,0.0802,60,17,3.4,False
o2,10,601635,51.47125,-0.13923,37,14,7.6,False
o2,10,601641,51.35398,-0.22369,74,3,5.5,False
o2,10,601651,52.37932,-1.27786,24,2,11.6,False
o2,10,601655,52.6509,-1.10652,37,11,3.4,False
o2,10,601727,52.56819,-0.24984,96,2,6.3,False
o2,10,601793,52.50115,-1.36892,49,3,5.2,False
o2,10,601803,51.18125,0.45316,41,6,5.9,False
o2,10,601807,52.48866,-0.67057,55,2,4.6,False
o2,10,601817,52.90039,-1.24538,110,3,6.1,False
o2,10,601823,53.47865,-0.38935,84,2,6.3,False
o2,10,601833,51.3817,-0.51982,35,4,3.6,True
o2,10,601843,51.38639,0.0447,34,9,2.9,False
o2,10,601845,52.57652,-0.25145,82,2,4.2,False
o2,10,601847,51.43573,0.01354,196,16,9.1,False
o2,10,601865,51.55737,-0.22638,105,8,5.8,False
o2,10,601867,51.42189,0.30702,87,5,7.5,False
o2,10,601869,52.79463,-1.65301,249,9,4.6,False
o2,10,601883,51.03247,-0.11559,72,5,5.7,False
o2,10,601909,50.77255,0.28802,67,3,4.2,False
o2,10,601931,51.47291,-0.15538,188,18,6.2,False
o2,10,601945,51.38287,-0.50995,74,4,4.8,False
o2,10,601953,51.44179,0.35525,70,5,3.8,False
o2,10,601957,51.39431,-0.5179,108,4,3.7,False
o2,10,601963,51.4268,-0.50437,33,6,5.0,True
o2,10,601965,51.39402,0.35666,27,3,7.3,False
o2,10,601969,51.37889,0.0815,23,18,6.8,False
o2,10,601973,51.90333,-0.45425,25,6,4.9,False
o2,10,601981,52.00432,-0.74131,31,2,3.3,False
o2,10,602005,51.49607,0.1407,53,2,5.6,False
o2,10,602007,51.44912,0.33387,47,5,6.2,False
o2,10,602009,51.52068,-0.63834,54,2,5.3,False
o2,10,602017,51.72882,-0.45008,21,2,5.3,False
o2,10,602025,51.27295,0.50447,95,5,6.8,False
o2,10,602031,50.80513,-0.55097,141,2,11.1,True
o2,10,602039,50.84155,-0.13815,92,4,7.5,False
o2,10,602061,56.02848,-4.72887,31,2,6.6,False
o2,10,602071,51.36573,-0.14684,54,11,4.0,False
o2,10,602081,51.48131,-0.32497,120,5,6.1,False
o2,10,602093,51.89047,-0.41988,99,7,7.2,False
o2,10,602113,52.58523,-1.11864,82,6,5.6,False
o2,10,602115,51.49389,-0.28637,49,9,4.6,False
o2,10,602155,52.95899,-1.07894,84,2,4.5,False
o2,10,602157,51.32826,-0.25747,27,3,4.3,False
o2,10,602171,51.49296,-0.58869,92,3,4.6,False
o2,10,602205,52.79861,-0.49573,36,2,5.1,False
o2,10,602225,51.47311,-0.01734,59,6,6.8,False
o2,10,602231,52.65495,-1.09482,33,4,4.7,False
o2,10,602235,51.43126,0.34856,42,2,7.0,False
o2,10,1010312,51.20417,-1.53066,29,2,4.7,False
three,20,256,51.4604,-0.99177,52,3,6.0,False
three,20,258,51.4651,-0.97868,66,4,6.8,True
three,20,262,51.46023,0.11097,41,5,6.2,False
three,20,263,51.46654,-0.95208,284,3,7.3,False
three,20,266,51.43977,-0.91666,248,3,8.0,False
three,20,268,51.46505,-0.93012,82,3,4.1,False
three,20,270,51.47645,-0.89767,66,3,3.3,False
three,20,276,52.48612,-1.93324,22,2,2.8,True
three,20,279,52.48889,-1.8759,111,5,4.3,False
three,20,280,52.47076,-1.88238,93,2,10.0,False
three,20,289,52.49107,-1.87451,222,6,7.7,True
three,20,290,52.43641,-1.94799,45,3,6.9,False
three,20,291,52.46833,-1.87111,82,3,6.5,False
three,20,296,52.4826,-1.81915,137,2,7.4,False
three,20,297,52.47785,-1.92987,92,2,6.7,False
three,20,301,52.51936,-1.9102,23,2,8.8,False
three,20,302,52.41784,-1.91769,108,3,6.6,False
three,20,308,52.61726,-2.03762,57,3,9.4,False
three,20,309,52.57558,-2.0196,54,4,5.2,False
three,20,318,53.81281,-3.01494,404,5,9.4,False
three,20,319,51.48848,-0.1424,121,10,5.2,False
three,20,326,51.53011,-0.13841,22,3,2.0,True
three,20,331,51.53841,-0.13635,98,4,6.3,True
three,20,333,51.54786,-0.1484,257,9,7.1,False
three,20,334,51.52889,-0.14494,74,4,6.3,False
three,20,345,51.53567,-0.18148,28,3,4.7,False
three,20,347,51.54206,-0.14652,178,3,7.7,False
three,20,348,51.50457,-0.2641,37,7,5.4,False
three,20,349,51.53592,-0.13494,82,4,7.5,False
three,20,362,51.4949,-0.06084,47,11,4.0,False
three,20,363,51.52296,-0.21852,253,12,7.7,False
three,20,364,51.49841,-0.12582,34,6,12.3,False
three,20,365,51.50268,-0.10641,173,12,8.2,False
three,20,367,51.48568,-0.11945,168,20,4.5,False
three,20,370,51.50169,-0.08102,29,9,7.3,False
three,20,372,51.49934,-0.07125,163,9,7.8,False
three,20,373,51.4934,-0.05899,324,12,8.7,False
three,20,374,51.50233,-0.08226,78,12,5.0,False
three,20,375,51.50279,-0.09319,132,7,6.5,False
three,20,379,51.50486,-0.07658,214,12,6.4,False
three,20,380,51.48774,-0.0453,158,12,5.0,False
three,20,381,51.43499,-0.03003,296,13,5.3,True
three,20,382,51.42804,-0.05491,75,5,6.1,False
three,20,385,51.44482,-0.14273,232,12,5.1,False
three,20,387,51.43267,-0.13086,94,10,9.3,False
three,20,388,51.47416,-0.13906,1070,22,8.3,False
three,20,389,51.46478,-0.20978,393,11,6.2,False
three,20,392,51.54276,-0.28586,204,5,8.4,False
three,20,394,51.50056,-0.24089,62,6,4.7,False
three,20,395,51.53123,-0.24006,316,12,7.8,False
three,20,396,51.51089,-0.2185,48,2,5.2,False
three,20,400,51.40602,-0.1149,190,9,5.9,False
three,20,401,51.40433,-0.27851,118,3,5.2,False
three,20,402,51.42215,-0.2022,110,6,6.1,False
three,20,403,51.40059,-0.19999,31,4,4.8,False
three,20,404,51.38065,-0.1771,222,7,5.4,False
three,20,406,51.51428,-0.40595,105,2,3.9,False
three,20,408,51.44204,-0.34926,84,5,4.3,True
three,20,409,51.58074,-0.31159,94,4,5.2,False
three,20,415,51.48766,-0.19773,86,4,7.6,False
three,20,418,51.54938,-0.10257,47,2,8.7,False
three,20,420,51.48603,-0.20158,28,3,5.5,False
three,20,422,51.48874,-0.15144,38,10,4.7,True
three,20,425,51.48234,-0.04772,564,12,6.2,True
three,20,426,51.41015,-0.15322,141,6,5.8,False
three,20,427,51.40157,-0.15562,58,6,3.9,False
three,20,428,51.42722,-0.19611,79,6,5.1,False
three,20,432,52.60002,-1.98503,219,3,8.5,False
three,20,437,51.41496,-0.07126,253,14,6.5,True
three,20,440,51.39108,-0.09736,61,11,3.6,False
three,20,447,51.42255,-0.13329,146,13,7.2,False
three,20,448,51.45203,-0.10164,625,22,8.8,False
three,20,459,51.46171,-0.1929,82,14,3.0,False
three,20,460,51.46467,-0.19414,25,10,3.3,False
three,20,463,51.51378,-0.19285,52,9,4.5,False
three,20,470,51.41275,-0.30251,167,4,7.1,False
three,20,471,51.46832,-0.01723,61,10,3.9,False
three,20,472,51.48975,-0.02613,138,11,8.6,False
three,20,480,52.43798,-1.89308,31,2,5.2,False
three,20,482,51.55874,-0.21916,64,5,4.9,False
three,20,483,51.54315,-0.14059,37,6,3.5,False
three,20,485,51.50732,-0.09806,31,9,5.4,True
three,20,492,51.49387,0.09952,106,2,6.3,False
three,20,493,51.49221,0.11599,90,2,8.5,False
three,20,504,51.4724,-0.01945,155,11,7.3,False
three,20,523,51.48232,0.17985,44,2,5.5,False
three,20,525,52.44641,-1.94095,83,3,6.5,False
three,20,526,52.46156,-1.87744,27,3,4.3,True
three,20,527,51.54839,-0.24669,29,3,5.0,False
three,20,528,51.55734,-0.22483,66,5,6.0,False
three,20,529,51.53196,-0.25224,90,10,6.0,True
three,20,530,51.55292,-0.24933,151,6,8.1,False
three,20,531,51.53757,-0.27202,54,8,4.8,False
three,20,538,51.51302,-0.26579,44,6,4.6,False
three,20,542,51.56559,-0.10464,89,2,4.6,False
three,20,547,51.45894,-0.37416,216,7,5.6,False
three,20,548,51.4635,-0.40373,37,5,3.2,False
three,20,550,51.54371,-0.12756,136,4,8.3,False
three,20,556,51.47191,-0.26501,203,8,6.1,False
three,20,572,50.95291,-0.52326,202,2,6.6,False
three,20,574,51.35159,-0.11033,281,13,7.8,False
three,20,577,51.49886,-0.27347,99,8,5.2,False
three,20,579,51.47856,-0.33882,26,5,4.1,False
three,20,585,51.39342,-0.30009,29,3,4.7,False
three,20,591,51.42828,-0.17885,84,5,6.2,False
three,20,592,51.47325,-0.1609,854,21,7.8,False
three,20,597,52.5079,-1.84297,71,5,4.7,False
three,20,598,52.518,-1.79168,231,7,5.8,False
three,20,600,52.40512,-1.96086,135,3,5.2,False
three,20,602,51.54972,-0.28718,45,4,5.4,False
three,20,605,51.48371,-0.29806,28,5,2.9,True
three,20,607,51.59834,-0.34102,143,4,6.9,False
three,20,608,51.47262,-0.32173,369,7,8.2,False
three,20,611,51.53686,-0.19743,34,6,3.4,False
three,20,612,51.43028,-0.09506,398,9,8.6,False
three,20,613,51.46145,-0.04649,684,20,7.5,False
three,20,614,51.43915,0.00968,105,16,5.5,False
three,20,629,51.49471,-0.14266,36,9,5.4,False
three,20,633,52.58916,-2.12264,31,2,4.3,False
three,20,635,51.49397,0.16027,140,5,6.3,False
three,20,637,51.59506,-0.24364,91,6,5.1,False
three,20,639,51.55712,-0.29569,79,4,5.9,False
three,20,640,51.39643,-0.11757,85,10,3.3,False
three,20,643,51.5207,-0.2543,32,6,16.6,False
three,20,644,51.47559,-0.25053,95,11,5.9,False
three,20,650,51.50137,-0.27825,26,7,3.1,True
three,20,653,51.55496,-0.10435,22,4,2.1,False
three,20,657,51.46297,-0.11589,131,20,4.7,False
three,20,658,51.46014,-0.11611,134,18,5.3,True
three,20,659,51.43636,-0.048,28,5,3.6,False
three,20,660,51.42906,-0.01653,380,10,6.8,False
three,20,661,51.43073,-0.03611,91,5,7.1,False
three,20,663,51.45971,-0.0103,70,14,5.6,True
three,20,664,51.44419,-0.02958,135,12,4.7,False
three,20,668,51.4128,-0.21026,182,6,8.9,False
three,20,678,51.63175,-0.3918,72,4,7.9,False
three,20,680,51.45386,-0.16627,23,6,4.4,False
three,20,681,51.42408,-0.15053,60,7,3.7,False
three,20,684,51.47612,-0.16711,30,9,5.8,False
three,20,690,51.44668,-2.57739,95,3,5.8,False
three,20,691,52.42676,-1.92745,89,3,3.9,False
three,20,696,50.70618,-3.53053,106,2,6.3,False
three,20,708,51.50118,-0.10812,49,5,3.8,False
three,20,710,51.49275,-0.04826,197,12,5.0,True
three,20,712,53.72308,-2.60876,69,3,6.6,False
three,20,718,51.47308,-0.25296,155,11,4.7,False
three,20,720,51.36593,-0.14788,114,7,6.0,False
three,20,730,52.44761,-1.88579,34,3,5.1,False
three,20,733,51.35358,-0.09614,508,14,6.8,False
three,20,734,51.38238,-0.09324,117,5,7.0,False
three,20,737,51.3806,-0.08355,409,13,6.6,False
three,20,739,51.36784,-0.1247,47,3,5.9,False
three,20,742,51.50253,0.075,137,2,10.9,False
three,20,746,51.40761,-0.25434,57,2,5.8,False
three,20,747,51.42591,-0.12693,59,10,6.3,False
three,20,748,51.44779,-0.14403,269,7,9.2,True
three,20,749,51.4648,-0.12706,359,18,4.9,False
three,20,758,51.4358,-0.31215,20,5,4.3,False
three,20,760,51.4696,-0.0572,369,16,7.0,False
three,20,761,51.4623,-0.09752,547,23,7.3,False
three,20,762,51.47025,-0.07268,215,16,6.8,False
three,20,765,51.4652,-0.16889,44,14,4.6,True
three,20,766,51.47882,-0.24626,76,11,3.7,False
three,20,767,51.52228,-0.19785,178,4,7.7,False
three,20,768,51.41126,-0.04981,300,6,7.5,False
three,20,770,51.53016,-0.20423,330,5,7.4,False
three,20,773,53.43611,-2.62078,51,2,5.5,False
three,20,776,51.46351,-0.40359,55,7,3.7,False
three,20,778,51.44228,-0.40692,126,5,5.1,False
three,20,781,51.40249,-0.26669,30,2,5.9,False
three,20,784,51.4148,-0.12713,21,7,3.3,False
three,20,785,51.44857,-0.14575,241,17,10.4,False
three,20,786,51.4491,-0.11467,238,13,11.4,False
three,20,787,51.45766,-0.01338,408,20,7.4,False
three,20,788,51.45244,-0.02464,92,10,7.7,False
three,20,790,51.47593,-0.10032,33,6,4.6,False
three,20,794,51.47266,-0.13942,33,17,7.9,False
three,20,795,51.46782,-0.15751,197,17,6.1,False
three,20,796,51.44267,-0.14429,211,7,6.1,False
three,20,797,51.41984,-0.14867,614,13,13.7,True
three,20,802,51.48414,-0.15017,166,10,4.1,False
three,20,819,51.57573,-0.1021,20,2,2.0,True
three,20,830,51.66521,-0.36765,85,4,5.8,False
three,20,831,51.58294,-0.24422,193,9,6.5,False
three,20,833,51.44744,-2.56854,81,3,6.5,True
three,20,838,52.58792,-2.06229,65,4,5.7,False
three,20,840,53.83157,-3.01578,76,2,3.8,False
three,20,845,51.50518,-0.26371,55,7,5.1,False
three,20,847,55.8482,-4.22436,37,3,6.4,False
three,20,849,51.89782,-0.44104,95,6,6.1,False
three,20,857,52.87627,-1.20696,26,3,3.0,False
three,20,858,52.90728,-1.29451,45,5,5.4,False
three,20,861,51.51485,-0.29783,56,2,8.4,False
three,20,865,53.43338,-3.00396,48,2,5.2,False
three,20,867,51.88884,-0.4174,65,6,4.8,False
three,20,877,51.46791,-2.59139,43,3,6.5,False
three,20,886,52.65349,-1.10228,58,11,4.8,False
three,20,890,51.38547,-0.15521,138,7,9.2,False
three,20,901,51.47581,-2.56062,305,5,6.5,True
three,20,905,52.62416,-1.12674,164,11,6.3,False
three,20,919,51.50225,-0.75597,39,2,8.8,False
three,20,922,51.44556,0.0305,25,5,4.6,False
three,20,923,55.83605,-4.14083,208,4,6.9,False
three,20,932,53.43001,-2.95751,37,2,3.2,False
three,20,937,51.4899,-0.06225,175,12,6.8,False
three,20,943,52.57935,-0.2419,54,2,4.5,False
three,20,944,53.70036,-1.16802,22,2,4.7,False
three,20,952,53.74944,-2.72405,168,4,7.8,False
three,20,953,53.96793,-1.11251,319,2,7.1,False
three,20,954,52.6345,-1.12235,151,12,6.9,False
three,20,960,52.91045,-1.43662,37,7,4.0,False
three,20,961,52.90183,-1.49664,27,8,4.0,False
three,20,964,52.96181,-1.04243,57,2,4.4,False
three,20,973,55.8201,-4.35869,132,3,6.7,False
three,20,981,53.38894,-1.44858,103,4,7.0,False
three,20,983,51.51643,-0.71915,77,2,5.1,False
three,20,986,51.5558,-0.11959,42,5,6.3,False
three,20,989,53.42037,-2.95133,34,2,5.2,False
three,20,993,51.89795,-0.19591,125,2,10.0,False
three,20,1004,51.4833,0.00412,39,2,7.3,False
three,20,1015,51.46228,-0.10491,162,18,7.5,False
three,20,1016,52.70453,-1.8273,27,8,4.5,False
three,20,1018,51.43695,-0.02639,20,7,7.0,True
three,20,1028,52.67954,-1.82789,81,2,6.4,False
three,20,1031,53.74547,-2.49442,58,3,5.1,False
three,20,1043,53.96004,-1.09997,35,2,5.3,False
three,20,1044,52.91003,-1.4713,250,18,7.5,False
three,20,1045,51.66301,-0.31198,39,7,3.7,False
three,20,1063,51.43898,0.1059,38,5,10.7,False
three,20,1064,52.26028,-0.90714,22,2,3.3,False
three,20,1067,52.7791,-2.16348,667,9,8.7,False
three,20,1073,51.30358,-0.33638,55,4,6.3,False
three,20,1076,51.08185,0.17106,28,2,6.3,False
three,20,1078,52.14502,-0.50086,491,9,5.9,False
three,20,1088,51.51555,-2.7423,248,3,7.7,False
three,20,1093,51.48706,-0.09403,29,7,7.9,False
three,20,1095,51.46949,0.18535,37,2,7.6,False
three,20,1096,51.38472,-0.08061,79,10,7.1,False
three,20,1100,52.53765,-1.8425,21,4,5.3,False
three,20,1102,52.79508,-1.20306,295,10,8.0,False
three,20,1103,55.9314,-3.2073,138,2,6.5,False
three,20,1105,54.55271,-1.36212,48,2,4.5,False
three,20,1107,51.27481,0.52088,104,5,7.6,False
three,20,1110,53.43971,-1.33283,199,4,5.1,False
three,20,1113,53.44318,-3.00153,72,2,8.4,False
three,20,1139,51.4577,0.19607,55,5,5.7,False
three,20,1155,55.85793,-4.25871,40,2,4.2,False
three,20,1164,55.82911,-4.19281,194,3,5.2,False
three,20,1180,50.83405,-0.25557,70,2,6.1,False
three,20,1186,55.95614,-3.17116,34,2,3.8,False
three,20,1187,55.94864,-3.19102,27,2,9.2,False
three,20,1190,51.46886,-0.33772,49,5,5.0,False
three,20,1195,54.984,-1.58912,157,2,6.2,False
three,20,1204,52.58222,-1.98532,43,3,8.1,False
three,20,1213,51.50676,-0.11997,70,4,6.8,False
three,20,1216,51.46185,-0.1899,146,11,4.8,False
three,20,1223,50.85398,-0.15867,25,4,4.4,False
three,20,1228,51.39851,0.00453,45,9,4.1,False
three,20,1229,51.39175,0.13414,62,7,3.8,False
three,20,1230,51.40824,-0.06196,793,13,8.1,True
three,20,1244,51.40595,-0.03973,97,11,10.1,False
three,20,1245,51.35816,-0.10034,505,14,7.2,False
three,20,1252,52.94627,-1.15036,45,3,6.5,False
three,20,1265,53.4728,-3.02164,91,2,6.2,False
three,20,1269,51.51576,-0.596,99,2,6.3,False
three,20,1271,51.45727,-0.07422,81,3,4.1,False
three,20,1299,53.39696,-2.55808,76,3,4.6,False
three,20,1310,50.83191,-0.21096,20,2,4.3,False
three,20,1311,51.47025,-2.56689,27,2,4.1,False
three,20,1315,53.76939,-2.48008,33,2,5.6,False
three,20,1316,52.68472,-0.3685,45,2,4.5,False
three,20,1318,52.76761,-1.18389,84,9,3.9,False
three,20,1320,51.45026,0.27441,67,5,6.4,False
three,20,1327,52.57902,-1.16336,111,7,6.2,False
three,20,1333,51.11191,-0.18346,44,5,7.3,False
three,20,1346,54.97338,-1.58967,20,2,4.5,False
three,20,1347,54.94678,-1.63295,21,2,10.5,False
three,20,1348,51.4653,0.37967,566,6,9.9,True
three,20,1350,51.50354,-0.44564,25,2,3.7,False
three,20,1358,51.92936,-0.16747,226,2,5.6,False
three,20,1365,53.4006,-2.94361,153,2,8.1,False
three,20,1374,51.50623,-0.11823,24,3,5.4,False
three,20,1375,52.60106,-1.93536,79,3,4.9,False
three,20,1376,52.59887,-1.96968,29,3,2.9,False
three,20,1385,51.27038,0.5102,128,3,8.5,False
three,20,1394,51.48133,-0.98014,87,4,7.3,False
three,20,1395,53.45468,-1.36307,29,4,4.1,False
three,20,1405,51.52646,-0.72252,55,2,3.3,False
three,20,1411,53.51752,-1.11664,110,5,8.6,False
three,20,1413,53.49738,-1.22137,140,3,8.5,False
three,20,1415,53.53294,-1.16046,202,5,8.4,True
three,20,1418,52.89913,-1.26992,118,11,7.3,False
three,20,1421,50.70672,-3.53813,87,2,6.6,False
three,20,1428,52.2327,-0.91899,41,2,5.3,False
three,20,1432,52.86745,-1.50954,21,8,5.1,False
three,20,1434,52.45418,-1.73597,37,2,5.2,False
three,20,1441,51.35929,-0.18451,37,7,4.2,False
three,20,1442,51.36221,-0.19223,54,7,6.7,False
three,20,1444,51.88416,-0.19882,56,2,5.0,False
three,20,1447,51.4949,-3.31087,25,4,3.5,False
three,20,1454,53.54809,-2.6302,175,4,6.5,False
three,20,1457,52.97052,-1.46223,47,2,3.4,False
three,20,1458,53.83832,-3.01983,103,3,4.8,False
three,20,1468,53.44354,-2.96125,36,2,5.0,False
three,20,1473,50.8551,-0.15056,36,4,5.8,False
three,20,1474,50.79989,-0.18001,186,4,6.4,False
three,20,1476,51.42988,0.02353,45,6,5.3,True
three,20,1477,51.39239,0.01539,901,22,8.8,False
three,20,1480,53.37816,-1.46165,32,3,4.0,False
three,20,1483,50.78475,-0.14537,105,4,7.0,False
three,20,1487,52.52201,-1.74283,269,7,6.7,False
three,20,1491,51.55012,-0.29415,72,4,7.1,False
three,20,1506,51.46686,-0.18523,92,15,5.2,True
three,20,1520,51.55231,-1.79803,27,2,7.1,False
three,20,1522,52.13785,-0.48236,305,9,6.6,False
three,20,1525,51.3856,0.50814,32,5,6.1,False
three,20,1538,52.80097,-1.56243,587,11,8.2,False
three,20,1546,50.83189,-0.15327,40,4,8.1,False
three,20,1570,51.51882,-0.22756,104,10,7.7,False
three,20,1575,52.60714,-1.11954,28,7,3.4,False
three,20,1576,52.71894,-1.0838,69,9,7.8,False
three,20,1579,51.43605,0.34009,68,5,4.4,False
three,20,1582,51.46755,-0.14941,23,3,2.9,False
three,20,1583,52.63694,-1.12054,203,11,6.4,False
three,20,1586,52.94914,-1.13569,26,3,3.4,False
three,20,1589,52.74248,-2.51027,26,2,5.5,False
three,20,1593,51.99438,-0.72433,87,2,6.7,False
three,20,1595,52.25299,-0.91611,131,2,4.0,False
three,20,1601,52.99776,-2.18728,54,3,10.6,False
three,20,1603,53.35709,-2.88019,73,2,7.8,False
three,20,1628,53.74409,-2.69563,87,4,6.8,False
three,20,1636,51.14216,0.86211,146,8,7.4,True
three,20,1641,51.58175,-0.24005,30,6,5.3,False
three,20,1644,51.73586,-0.50436,94,2,4.5,False
three,20,1645,52.92229,-1.46068,82,17,4.6,True
three,20,1649,51.43187,-0.11021,199,9,12.1,False
three,20,1659,51.2981,-0.06619,36,3,8.0,True
three,20,1669,52.10473,-0.48748,97,7,6.1,False
three,20,1670,52.12875,-0.47054,27,3,3.6,False
three,20,1676,53.47467,-1.2748,87,4,5.7,False
three,20,1688,52.61826,-0.33284,67,2,7.8,False
three,20,1691,52.10467,-0.48745,145,8,5.2,False
three,20,1700,52.94403,-1.44699,63,4,6.2,False
three,20,1705,51.46468,-0.1478,76,20,5.0,True
three,20,1713,51.37453,-0.15474,215,7,8.7,False
three,20,1737,52.48555,-1.86984,146,5,5.6,True
three,20,1743,51.3291,-0.27876,107,4,6.3,False
three,20,1748,52.52191,-1.38637,91,2,5.6,False
three,20,1750,52.64505,-1.11052,75,3,5.0,False
three,20,1755,51.22083,-0.14778,144,10,6.7,False
three,20,1759,51.62775,-3.93835,81,5,7.5,False
three,20,1762,51.14001,0.87655,396,8,7.2,False
three,20,1764,52.56274,-1.82575,24,4,4.4,False
three,20,1770,52.52017,-1.44638,23,2,7.1,False
three,20,1772,53.50124,-1.31029,85,4,7.6,False
three,20,1783,51.24475,-0.58312,64,4,7.2,False
three,20,1789,53.74748,-0.355,97,2,6.6,False
three,20,1804,54.56521,-1.32416,255,2,6.5,False
three,20,1809,51.37632,-0.11012,30,5,4.2,False
three,20,1811,51.60213,-2.97286,155,3,8.4,False
three,20,1819,51.40397,-2.52724,46,2,5.4,False
three,20,1830,52.9015,-1.46991,171,13,8.3,False
three,20,1839,51.47519,-0.09872,227,18,6.5,False
three,20,1843,51.38166,0.55335,58,2,7.6,False
three,20,1851,53.72586,-2.67125,119,3,6.4,False
three,20,1853,52.80895,-2.06154,153,6,6.0,False
three,20,1854,53.4619,-2.63597,26,2,4.4,False
three,20,1857,53.38538,-2.57801,39,2,6.2,False
three,20,1861,52.0654,-0.49238,176,6,7.4,False
three,20,1867,51.11554,-0.16713,393,5,9.0,True
three,20,1869,53.5611,-1.08298,30,4,5.8,False
three,20,1872,51.71568,-0.32909,48,6,7.2,False
three,20,1879,53.55233,-0.23845,376,2,16.2,False
three,20,1882,51.24552,-0.19044,197,11,6.6,False
three,20,1904,54.88686,-2.93474,260,4,8.3,False
three,20,1906,52.77296,-1.23326,71,10,4.9,False
three,20,1914,51.42722,-0.00787,177,16,5.1,False
three,20,1921,51.30953,-0.15021,122,10,4.8,False
three,20,1922,51.24179,-0.12605,621,13,10.8,False
three,20,1925,52.77077,-1.69063,70,9,5.2,False
three,20,1928,51.19083,0.2825,175,19,9.5,False
three,20,1929,52.69637,-2.49218,46,2,6.4,False
three,20,1931,54.63918,-1.57187,162,2,9.2,False
three,20,1932,51.66898,-0.3977,37,4,5.5,False
three,20,1936,52.125,-0.48632,171,9,4.8,True
three,20,1937,51.51317,-3.58378,96,4,5.6,False
three,20,1939,52.53178,-1.83301,268,8,8.8,False
three,20,1940,53.55568,-2.53323,48,2,3.6,False
three,20,1946,51.44511,0.32008,34,5,8.5,False
three,20,1948,54.82115,-1.55225,48,2,9.1,False
three,20,1962,51.27795,0.58458,250,3,7.4,False
three,20,1966,51.59227,-2.98282,136,3,5.6,True
three,20,1967,51.23535,-0.20426,43,8,6.3,False
three,20,1970,53.38523,-1.44645,43,4,8.4,False
three,20,1971,53.3808,-1.45982,52,3,4.9,False
three,20,1974,52.69368,-2.45385,138,4,9.2,False
three,20,1976,51.62805,-0.38726,30,4,5.1,False
three,20,1989,53.54906,-1.13292,68,5,7.2,False
three,20,1990,54.77523,-1.58534,119,2,6.6,False
three,20,1995,51.22939,-0.54963,362,4,7.4,False
three,20,1997,54.94934,-1.60988,39,2,7.2,False
three,20,2003,52.6873,-1.80461,628,12,9.4,False
three,20,2004,51.88007,-0.43467,47,6,3.3,False
three,20,2007,55.79608,-4.01242,172,4,8.5,False
three,20,2011,51.4377,-0.9911,172,3,6.0,False
three,20,2017,51.66674,-3.91112,162,5,9.3,False
three,20,2033,51.14784,0.91389,34,7,5.2,False
three,20,2045,51.50294,-2.57633,20,2,4.5,False
three,20,2046,52.66442,-2.13357,33,3,16.3,False
three,20,2047,54.58621,-1.32778,44,2,3.9,False
three,20,2051,53.57735,-2.54839,32,2,6.2,False
three,20,2059,51.38742,0.07267,555,23,9.3,False
three,20,2069,52.88725,-1.47699,271,12,7.2,False
three,20,2083,54.5892,-1.27389,107,2,6.2,False
three,20,2089,51.2896,0.16485,1110,20,10.8,True
three,20,2091,51.27674,0.25614,316,18,7.4,False
three,20,2093,54.80818,-1.56137,55,2,3.8,False
three,20,2099,51.44561,0.17112,24,5,4.6,False
three,20,2103,50.92423,0.0257,26,2,5.8,False
three,20,2109,52.56866,-1.82063,84,4,8.6,False
three,20,2113,50.84125,-0.12405,22,2,4.4,False
three,20,2114,52.55885,-1.82018,125,4,7.0,False
three,20,2115,51.2493,-1.18447,81,2,6.5,False
three,20,2120,52.99929,-1.28452,28,2,4.9,True
three,20,2129,55.8559,-4.28741,202,4,6.5,False
three,20,2138,51.91273,-0.47384,225,7,5.1,False
three,20,2141,52.53548,-1.38484,76,2,5.6,False
three,20,2144,51.52384,-3.01739,519,4,9.1,False
three,20,2145,51.51808,-3.01411,207,4,4.8,False
three,20,2156,54.58034,-1.33368,63,2,4.1,False
three,20,2169,52.92539,-1.28951,111,3,6.2,False
three,20,2171,51.40573,-0.06479,648,21,7.4,False
three,20,2172,51.34907,0.13207,29,15,2.6,False
three,20,2174,51.11687,-0.18766,219,5,7.2,False
three,20,2178,53.51149,-1.16413,51,3,4.9,False
three,20,2180,51.31117,-0.36509,145,5,6.7,True
three,20,2181,54.88259,-1.64924,31,2,4.0,False
three,20,2193,54.62719,-1.51834,168,2,5.2,True
three,20,2198,53.69772,-1.2808,68,3,5.8,False
three,20,2219,53.3725,-2.8031,34,2,3.9,False
three,20,2226,54.97135,-1.66735,31,2,4.7,False
three,20,2228,51.53466,-3.24333,112,2,6.0,False
three,20,2253,53.59121,-1.02406,350,5,6.9,False
three,20,2266,51.55506,-0.10839,59,2,5.5,False
three,20,2271,51.88711,-0.42754,64,6,5.1,False
three,20,2274,51.16041,-0.10552,66,2,5.9,False
three,20,2279,53.44896,-1.33415,127,5,10.5,False
three,20,2280,52.82868,-1.65429,233,10,8.3,False
three,20,2282,50.8367,-0.1216,134,2,10.4,False
three,20,2288,51.3893,0.17014,448,7,7.0,False
three,20,2289,52.56373,-1.97762,59,4,8.4,False
three,20,2303,51.54979,-0.26333,346,11,8.5,False
three,20,2307,51.66912,-0.30292,85,6,5.0,False
three,20,2308,51.37411,-0.10447,20,5,3.7,False
three,20,2311,51.89104,-2.11349,58,2,6.0,False
three,20,2315,52.93428,-1.45809,26,4,3.4,False
three,20,2316,53.61784,-0.91698,226,3,12.8,False
three,20,2318,51.32337,-0.23463,44,2,6.6,False
three,20,2323,54.962,-1.61938,38,3,6.9,False
three,20,2326,51.45262,-0.40128,56,5,4.5,False
three,20,2332,51.46429,-0.10623,36,12,4.8,False
three,20,2333,51.48366,-0.13741,54,6,4.5,False
three,20,2337,51.27647,0.51727,229,5,12.0,False
three,20,2339,51.39393,0.50462,34,6,7.5,False
three,20,2354,53.4085,-2.16427,26,2,3.9,False
three,20,2361,51.69837,-0.44095,132,2,6.6,False
three,20,2366,51.15057,0.87148,813,9,10.4,False
three,20,2372,51.6046,-0.24165,29,6,3.5,False
three,20,2377,51.40423,-0.11321,37,9,3.4,False
three,20,2379,53.53811,-1.08107,42,3,4.0,False
three,20,2395,51.56188,-0.11414,20,2,3.9,True
three,20,2399,53.46723,-3.00609,78,2,6.8,False
three,20,2410,51.23256,-0.16631,434,10,7.8,False
three,20,2415,51.59044,-1.16202,252,3,10.7,False
three,20,2419,51.29335,0.1966,141,16,7.8,False
three,20,2422,52.63762,-1.70652,272,11,10.8,True
three,20,2432,53.51591,-1.31824,20,2,3.8,False
three,20,2437,51.48453,-3.55924,91,4,7.7,False
three,20,2441,51.40252,0.26946,97,3,8.9,False
three,20,2442,53.20058,-0.59784,52,2,5.5,False
three,20,2445,51.38543,-0.15685,68,6,4.7,False
three,20,2447,51.50792,-0.58818,39,2,4.2,False
three,20,2450,51.46984,-2.56176,93,3,6.4,False
three,20,2459,54.88072,-2.91184,244,3,6.6,False
three,20,2462,51.45575,0.25771,326,6,9.6,False
three,20,2466,52.5988,-1.5796,418,11,8.3,False
three,20,2471,52.94271,-1.17404,230,3,6.3,False
three,20,2473,52.94362,-1.16734,24,3,11.5,False
three,20,2476,51.41803,-0.15007,84,13,7.1,False
three,20,2485,51.29484,0.48639,65,5,7.5,False
three,20,2487,53.43408,-2.9305,22,2,3.7,False
three,20,2488,53.59222,-1.3039,92,2,8.1,False
three,20,2490,51.14512,0.83748,251,8,10.4,False
three,20,2492,51.40217,0.05251,23,7,3.5,False
three,20,2499,51.32025,-0.13731,64,9,8.1,False
three,20,2500,53.22964,-1.42018,37,3,4.8,False
three,20,2501,53.65349,-2.62924,68,2,6.9,False
three,20,2503,54.51607,-1.54329,83,2,4.9,False
three,20,2518,54.58113,-1.23617,39,2,6.1,False
three,20,2519,51.40708,0.66526,156,3,10.2,False
three,20,2525,51.45597,-0.98112,152,4,7.5,False
three,20,2528,51.425,-0.33373,148,3,6.2,False
three,20,2529,52.8403,-1.3796,167,16,4.7,False
three,20,2530,54.67547,-1.50569,139,2,7.0,False
three,20,2540,52.57582,-2.01822,34,4,8.6,False
three,20,2543,51.44255,0.14544,160,5,5.3,False
three,20,2548,51.47002,-0.09174,63,6,3.2,False
three,20,2554,52.11515,-0.48071,34,6,5.1,False
three,20,2556,51.4039,-0.00324,54,9,3.7,False
three,20,2564,52.78081,-1.20139,439,10,7.7,False
three,20,2567,51.42852,0.29602,79,7,6.6,False
three,20,2568,54.54115,-1.53886,22,2,3.3,False
three,20,2569,53.52112,-1.1387,27,3,2.7,False
three,20,2573,52.95582,-1.28009,34,3,4.1,False
three,20,2574,52.92457,-1.26868,30,3,6.4,False
three,20,2578,55.84188,-4.25418,117,4,7.8,False
three,20,2591,51.06532,-0.32612,133,2,5.5,False
three,20,2596,55.97399,-4.75737,131,2,7.3,False
three,20,2599,51.42918,-0.10207,38,7,6.3,False
three,20,2600,52.66132,-1.09815,29,8,4.5,False
three,20,2610,51.39214,0.49069,81,6,6.3,False
three,20,2611,51.43631,0.64005,199,5,8.2,False
three,20,2616,54.99226,-1.56586,35,2,2.7,False
three,20,2621,52.87901,-1.50505,224,10,4.6,False
three,20,2630,51.46148,-0.04302,70,14,4.4,False
three,20,2631,51.4844,0.41542,71,6,4.6,False
three,20,2632,51.29485,-0.08894,103,2,7.5,True
three,20,2635,53.38322,-2.61537,52,2,4.2,False
three,20,2641,52.62502,-2.12056,60,3,4.0,False
three,20,2642,52.58337,-2.13959,99,4,4.4,False
three,20,2652,52.50417,-1.81064,68,4,4.6,False
three,20,2657,51.42676,-2.6437,103,2,9.6,False
three,20,2658,51.56318,-0.30203,145,4,5.4,False
three,20,2660,53.75189,-2.47671,386,5,7.0,False
three,20,2667,53.6035,-2.6316,123,2,8.0,False
three,20,2671,53.53005,-1.12812,185,5,6.7,False
three,20,2678,51.38798,-0.34242,26,5,3.5,False
three,20,2686,51.85015,-2.23732,49,4,3.6,False
three,20,2699,51.54748,-0.09282,51,2,4.0,False
three,20,2704,51.43479,0.01895,317,17,7.7,False
three,20,2707,51.36089,0.64923,55,3,4.1,False
three,20,2712,51.38348,0.4781,51,6,11.7,False
three,20,2713,51.39731,0.49543,88,6,6.0,False
three,20,2714,51.38423,0.5833,58,2,5.5,False
three,20,2731,53.37574,-2.6134,43,4,4.3,False
three,20,2738,50.64822,-3.51359,40,2,5.2,False
three,20,2744,52.95272,-1.22291,45,2,4.5,False
three,20,2752,52.84324,-1.26872,195,11,6.8,False
three,20,2758,51.44609,-0.30207,25,5,6.0,False
three,20,2763,55.78713,-4.04627,97,3,7.3,False
three,20,2773,51.74841,-0.33513,48,6,5.5,False
three,20,2775,51.35494,-0.19131,157,7,6.9,False
three,20,2777,51.32903,0.8355,66,2,7.0,False
three,20,2779,52.47872,-1.89993,23,2,6.5,False
three,20,2793,53.56937,-0.92493,141,3,6.3,False
three,20,2795,54.71995,-1.54112,25,2,2.8,False
three,20,2798,51.38238,-0.39591,68,3,4.0,False
three,20,2799,52.96125,-1.04296,62,2,4.8,False
three,20,2806,51.59367,-0.33458,125,4,6.7,False
three,20,2808,52.66059,-1.10041,302,11,5.2,False
three,20,2812,52.68935,-1.73998,419,12,5.7,False
three,20,2814,52.9584,-1.2005,28,2,4.6,False
three,20,2815,52.93801,-1.07312,213,3,6.3,False
three,20,2817,51.39558,-3.03746,154,2,7.7,False
three,20,2820,52.58634,-1.1251,24,6,7.0,False
three,20,2821,52.60638,-0.28167,307,2,6.0,False
three,20,2822,51.24034,-0.16475,107,10,5.2,False
three,20,2825,51.90489,-0.73667,134,2,6.5,False
three,20,2832,51.19192,0.27489,115,18,6.2,True
three,20,2842,51.82481,-0.65482,159,2,6.6,False
three,20,2850,51.42414,-0.03607,42,6,6.4,False
three,20,2853,52.78808,-1.91289,311,12,14.8,False
three,20,2865,52.91242,-1.28827,310,13,5.5,False
three,20,2869,54.93204,-1.56884,57,2,4.5,False
three,20,2877,51.32718,0.89102,136,3,11.4,False
three,20,2879,51.42164,-0.14869,179,11,5.1,True
three,20,2882,52.53152,-1.511,100,3,5.4,False
three,20,2893,53.40161,-1.44755,54,3,6.1,False
three,20,2903,51.54609,-1.83481,30,2,3.7,False
three,20,2911,51.47702,-0.85598,114,3,7.9,False
three,20,2915,53.8403,-2.97587,202,3,5.3,False
three,20,2917,50.85404,-0.10852,29,2,7.1,False
three,20,2918,52.39606,-1.97755,141,3,7.5,False
three,20,2944,51.24508,-0.5731,225,4,6.7,False
three,20,2947,51.50179,-0.42494,27,2,3.6,False
three,20,2950,51.06368,-0.33947,29,2,5.9,False
three,20,2951,51.06331,-0.31581,64,2,3.9,False
three,20,2978,53.63785,-3.00458,47,2,4.7,False
three,20,2984,53.10261,-2.2498,59,3,5.3,False
three,20,2989,51.33753,0.93102,133,3,5.7,False
three,20,2998,53.68812,-1.30606,90,3,6.2,False
three,20,3010,53.53638,-2.66321,106,2,6.7,False
three,20,3018,53.48334,-1.08271,166,4,7.6,True
three,20,3024,52.80406,-1.64539,212,9,7.0,False
three,20,3027,51.8349,-2.24981,38,2,5.1,False
three,20,3032,51.45362,-0.36553,50,6,2.8,True
three,20,3038,51.46662,-0.02492,141,18,7.1,False
three,20,3039,52.0192,-0.5153,293,7,6.3,False
three,20,3041,51.38974,0.49981,109,6,6.4,False
three,20,3047,53.19547,-0.59336,75,2,4.3,False
three,20,3057,53.0598,-2.23778,35,4,3.0,True
three,20,3059,53.68553,-2.67706,198,2,5.0,False
three,20,3065,52.58406,-1.96584,21,3,2.7,False
three,20,3066,52.5563,-1.98243,34,2,3.5,False
three,20,3070,52.54855,-1.8388,28,2,3.0,False
three,20,3082,51.87971,-0.40876,43,6,5.1,False
three,20,3089,52.59391,-0.25909,56,2,3.7,False
three,20,3090,52.82927,-1.27963,162,10,5.3,False
three,20,3091,53.36086,-1.32508,97,2,8.5,True
three,20,3093,52.63055,-1.61665,133,13,8.7,False
three,20,3104,51.20822,-0.47165,79,4,8.1,False
three,20,3110,52.48346,-1.78952,44,2,3.6,False
three,20,3115,51.5475,-0.19721,95,4,5.4,False
three,20,3122,51.61636,-0.37492,180,4,6.2,False
three,20,3133,51.33302,-0.5271,100,2,4.6,False
three,20,3152,53.4908,-2.65294,175,4,6.2,False
three,20,3157,51.84593,-0.67263,48,2,5.0,False
three,20,3168,51.21403,0.2537,122,10,8.1,False
three,20,3182,50.78847,-0.22472,131,2,5.6,False
three,20,3183,50.82451,-0.33431,147,2,6.2,False
three,20,3184,54.92727,-3.19933,159,3,6.6,False
three,20,3192,50.81954,-0.45,107,2,4.8,False
three,20,3193,50.78727,-0.6752,89,2,7.4,False
three,20,3202,50.83882,-0.14355,69,4,9.3,False
three,20,3225,51.50795,-3.5622,120,4,5.9,False
three,20,3233,52.60693,-1.83483,229,4,13.3,False
three,20,3249,52.49735,-1.83361,65,3,5.5,False
three,20,3267,53.88612,-2.78006,39,2,6.2,False
three,20,3281,51.36897,0.08934,157,23,9.4,False
three,20,3283,51.23447,-0.01003,302,21,6.5,False
three,20,3284,51.38839,-0.03024,237,6,6.7,False
three,20,3285,51.36151,0.13262,33,16,4.0,False
three,20,3294,51.56374,-0.23121,323,8,9.2,False
three,20,3323,51.54182,-0.19303,87,3,6.3,False
three,20,3333,51.5525,-0.22096,92,8,4.1,False
three,20,3349,53.75686,-2.47379,57,3,6.1,True
three,20,3356,52.73637,-2.0863,202,7,7.0,False
three,20,3358,52.78325,-1.92384,645,10,8.4,False
three,20,3367,53.08652,-2.43623,2112,12,8.1,False
three,20,3368,53.09995,-2.43727,124,6,7.2,False
three,20,3369,53.0448,-2.47205,38,4,3.3,False
three,20,3370,53.1171,-2.44354,121,5,5.4,False
three,20,3378,51.30849,-0.14351,246,12,7.8,True
three,20,3379,53.26017,-1.43018,53,3,6.4,False
three,20,3382,52.74763,-1.1418,39,10,5.6,False
three,20,3383,52.74386,-1.09554,223,11,5.9,False
three,20,3384,52.70251,-1.102,84,11,7.3,False
three,20,3386,53.67297,-2.64717,217,3,6.6,False
three,20,3390,51.54078,-0.15499,77,3,6.7,False
three,20,3393,51.71085,-4.20644,46,2,5.0,False
three,20,3411,50.79144,-0.67286,32,2,3.5,False
three,20,3418,53.09216,-2.55114,157,2,6.0,False
three,20,3419,51.26123,1.07316,184,3,5.3,False
three,20,3420,51.26661,1.05879,168,3,8.1,False
three,20,3432,51.28593,-0.46052,88,4,7.1,False
three,20,3433,52.5091,-1.25245,55,8,5.1,False
three,20,3444,51.39167,-0.22976,100,6,6.6,False
three,20,3446,53.76264,-2.78035,60,3,5.4,False
three,20,3455,52.95958,-2.06186,164,2,6.7,False
three,20,3457,51.39788,-0.65352,196,2,4.6,False
three,20,3459,51.12966,0.8983,386,7,6.0,False
three,20,3461,51.56792,-0.22392,182,5,5.2,False
three,20,3463,52.50267,-0.90191,118,8,13.7,False
three,20,3470,51.11488,-0.22318,236,5,8.4,False
three,20,3485,54.06611,-2.292,99,3,7.6,True
three,20,3490,52.58494,-2.08948,137,4,6.0,True
three,20,3511,50.81981,-0.35421,88,2,6.0,False
three,20,3512,50.81557,-0.42242,148,2,6.1,False
three,20,3513,50.81125,-0.3654,39,2,4.3,False
three,20,3516,50.81879,-0.40705,84,2,4.9,False
three,20,3529,52.57756,-1.99605,104,4,5.7,False
three,20,3530,52.54108,-2.00804,29,2,4.5,False
three,20,3532,53.40291,-0.7885,198,2,6.4,False
three,20,3534,50.81509,0.27209,412,3,6.1,False
three,20,3535,50.80338,0.24935,44,2,5.0,False
three,20,3536,52.31963,-0.66046,606,9,7.6,False
three,20,3539,51.41547,-0.78987,220,3,10.1,False
three,20,3543,51.7654,-0.55908,65,2,4.5,False
three,20,3544,51.70766,-0.44537,23,2,6.8,False
three,20,3546,51.74915,-0.5029,155,2,5.3,False
three,20,3547,51.70941,-0.52505,60,2,4.1,False
three,20,3551,51.76848,-0.51809,35,2,4.7,False
three,20,3553,55.01906,-3.09151,267,3,7.4,False
three,20,3554,55.01626,-3.11564,46,3,6.3,False
three,20,3556,52.31213,-1.09584,149,2,6.6,False
three,20,3557,52.27246,-1.11023,25,2,6.2,False
three,20,3558,52.14555,-1.3939,164,3,6.0,False
three,20,3559,52.29238,-1.05409,27,2,8.9,False
three,20,3560,52.29968,-1.11677,97,2,7.1,False
three,20,3576,51.45028,0.30352,264,5,8.0,False
three,20,3577,51.39172,0.29071,301,4,8.0,False
three,20,3580,53.5699,-1.15968,62,3,4.6,False
three,20,3583,53.56179,-1.17392,100,5,8.7,False
three,20,3592,52.7325,-1.05968,196,11,6.6,False
three,20,3595,51.37528,-0.33924,46,3,6.4,False
three,20,3601,51.45001,-0.36028,25,5,4.8,False
three,20,3602,51.49218,-2.51542,185,5,7.5,False
three,20,3619,51.5138,-0.31515,32,2,6.0,False
three,20,3631,50.78451,0.28323,44,3,4.3,False
three,20,3632,50.77001,0.28593,43,3,5.6,False
three,20,3647,54.57784,-2.68414,77,2,7.0,False
three,20,3648,54.84839,-2.96922,62,4,6.8,True
three,20,3657,52.71415,-1.08942,58,11,9.8,False
three,20,3671,51.49104,-0.11121,182,7,5.7,False
three,20,3679,53.75955,-2.70893,42,3,5.3,False
three,20,3688,51.34377,0.785,83,2,6.1,False
three,20,3706,51.37776,-0.3616,151,3,5.8,False
three,20,3707,51.3813,-0.38447,34,2,6.6,False
three,20,3708,51.34939,-0.48418,128,5,4.3,False
three,20,3709,51.35792,-0.33469,91,3,6.9,False
three,20,3717,53.68976,-0.92927,413,4,10.4,False
three,20,3725,52.87633,-1.60784,21,8,7.3,False
three,20,3726,52.8971,-1.36858,53,10,6.0,False
three,20,3727,52.80875,-1.36985,75,12,3.6,False
three,20,3750,52.75745,-1.2535,92,10,9.1,False
three,20,3755,52.83235,-1.60541,201,9,6.4,False
three,20,3758,51.45169,0.44207,227,6,6.1,False
three,20,3760,51.48556,0.02805,45,2,7.0,False
three,20,3769,51.37825,0.53347,160,6,9.3,False
three,20,3771,52.54723,-1.47343,272,4,6.0,False
three,20,3778,51.58522,-2.95627,279,4,4.8,False
three,20,3780,51.17261,-0.15875,56,5,5.3,False
three,20,3783,52.82749,-1.57396,236,10,6.8,False
three,20,3785,55.78102,-4.04314,348,3,8.6,True
three,20,3786,51.51164,-0.60487,70,3,3.8,False
three,20,3789,51.60547,-1.09735,230,3,6.9,False
three,20,3790,51.38013,-0.18288,27,7,3.2,False
three,20,3791,51.20153,0.33418,113,6,6.2,False
three,20,3792,51.92284,-2.05928,46,2,3.7,False
three,20,3796,50.83733,-0.18592,50,2,5.8,False
three,20,3799,52.64968,-2.29048,40,2,5.6,False
three,20,3803,53.73616,-2.49852,71,2,5.9,False
three,20,3806,51.16783,-0.17705,72,7,3.6,False
three,20,3808,51.45242,0.21826,50,6,9.2,False
three,20,3820,51.3155,-0.30855,118,3,5.8,False
three,20,3828,51.46664,-0.24001,239,11,8.6,False
three,20,3845,51.40353,0.05145,56,14,4.7,False
three,20,3850,53.60709,-2.59792,50,2,8.1,False
three,20,3854,55.80952,-4.14311,34,3,5.1,False
three,20,3860,51.42451,-0.12507,54,12,4.6,False
three,20,3861,53.21295,-0.57631,152,2,8.1,False
three,20,3862,52.64906,-1.83539,98,2,6.2,False
three,20,3867,51.1834,-0.29494,210,11,6.5,False
three,20,3869,51.40726,-0.22448,214,6,5.2,False
three,20,3872,51.49352,-0.39779,55,3,3.8,False
three,20,3873,52.95249,-1.12592,61,3,3.8,False
three,20,3874,52.54687,-1.69917,379,7,7.3,False
three,20,3875,52.574,-1.58131,51,3,4.8,False
three,20,3878,51.43329,-0.5613,48,5,4.1,False
three,20,3886,53.40762,-2.16751,22,2,5.9,False
three,20,3892,51.61162,-0.11526,99,2,5.0,False
three,20,3895,51.40328,0.05853,307,22,6.0,False
three,20,3900,51.51287,-0.31052,34,2,5.1,False
three,20,3914,51.30171,-0.34835,101,5,6.0,False
three,20,3922,54.63517,-1.53672,22,2,4.5,False
three,20,3930,52.72763,-2.121,38,3,6.1,False
three,20,3932,51.62617,-3.94302,21,2,2.7,False
three,20,3933,51.19031,0.27518,907,22,8.4,True
three,20,3944,51.39939,0.11248,110,8,8.4,False
three,20,3945,51.60832,-0.24637,275,7,8.4,False
three,20,3951,53.75071,-2.55348,62,2,6.0,False
three,20,3954,53.62035,-0.94436,112,3,6.0,False
three,20,3956,51.36954,-0.42684,119,3,6.7,False
three,20,3960,52.82783,-1.61293,74,9,4.7,False
three,20,3961,52.89218,-1.30594,68,10,4.6,False
three,20,3967,51.50783,-0.34474,23,2,3.7,False
three,20,3972,52.06623,-2.71861,60,2,8.9,False
three,20,3974,53.36805,-2.91518,76,2,5.4,False
three,20,3979,53.19272,-0.57948,37,2,16.1,False
three,20,3982,53.00608,-1.11518,21,2,1.9,False
three,20,3986,51.87596,-0.65408,173,9,5.2,False
three,20,3988,51.52282,-0.67899,117,2,7.1,False
three,20,3994,51.2337,0.20929,63,17,5.6,False
three,20,3996,52.5327,-1.93427,112,2,8.9,False
three,20,4006,51.34517,-0.51265,124,4,4.7,False
three,20,4012,53.21714,-1.41654,168,3,6.8,False
three,20,4014,51.78779,-0.59494,152,2,6.6,False
three,20,4015,54.4901,-1.55034,87,2,5.1,False
three,20,4024,52.61284,-1.83152,20,2,3.6,False
three,20,4025,51.28808,0.51159,291,5,8.7,True
three,20,4026,52.02851,-0.60213,67,7,4.4,False
three,20,4045,53.54319,-2.62633,145,4,5.5,False
three,20,4047,52.37267,-1.98213,28,2,5.3,False
three,20,4053,51.63047,-0.26961,215,6,7.4,False
three,20,4057,51.45326,0.25414,101,5,9.3,False
three,20,4059,51.30286,-0.24078,59,5,10.0,False
three,20,4063,51.66686,-0.29246,57,6,7.2,False
three,20,4064,52.70161,-1.8149,417,12,7.1,False
three,20,4070,53.7258,-2.61172,156,4,7.0,True
three,20,4071,51.18554,-0.15851,42,5,5.7,False
three,20,4075,53.69829,-2.68671,23,2,3.2,False
three,20,4076,53.69491,-2.68974,44,3,5.8,False
three,20,4083,53.43321,-2.60557,58,2,9.3,False
three,20,4091,52.16319,-0.52627,525,8,6.0,False
three,20,4092,51.43557,0.14131,121,5,9.9,False
three,20,4094,51.43527,0.08305,95,5,5.2,False
three,20,4095,51.63345,-0.25386,60,7,4.7,False
three,20,4104,52.75945,-1.15767,211,10,5.8,False
three,20,4140,53.25552,-0.44222,55,2,7.8,False
three,20,4158,51.32915,-0.07473,283,2,8.2,False
three,20,4164,51.40135,0.22306,32,3,7.9,False
three,20,4185,51.80905,-0.35739,198,6,9.8,False
three,20,4187,51.3355,0.79131,40,2,5.8,False
three,20,4192,52.63209,-1.68353,214,11,6.0,False
three,20,4195,52.61315,-2.12773,150,4,7.8,False
three,20,4197,52.50601,-1.83819,99,5,4.6,False
three,20,4202,51.48835,-0.28457,159,9,6.1,False
three,20,4204,52.53074,-1.78334,23,3,3.4,False
three,20,4210,51.37445,-0.41641,53,2,6.8,False
three,20,4211,54.92646,-1.59872,211,2,7.5,False
three,20,4217,51.50715,-0.2162,22,2,3.2,False
three,20,4229,52.79696,-1.20706,20,2,4.0,False
three,20,4230,53.77561,-2.70056,64,3,5.5,True
three,20,4234,51.45463,-0.38118,41,6,6.5,False
three,20,4235,53.38626,-1.43886,63,2,4.7,False
three,20,4237,51.0922,1.10816,30,3,4.4,False
three,20,4240,51.77622,-0.32939,160,6,7.7,False
three,20,4244,52.63317,-1.69021,63,8,5.1,False
three,20,4252,53.25617,-1.42241,69,3,10.6,False
three,20,4257,52.72701,-1.68679,250,12,4.8,True
three,20,4263,54.07201,-2.85922,26,2,3.8,False
three,20,4265,51.22551,-0.36608,292,4,6.5,False
three,20,4268,51.59717,-2.99339,170,5,6.8,False
three,20,4274,51.39763,-0.54832,196,5,6.9,False
three,20,4276,52.71109,-2.75861,68,2,14.9,False
three,20,4277,53.50802,-3.06018,106,2,10.2,False
three,20,4278,53.50669,-3.0455,65,2,5.7,False
three,20,4281,51.33625,-0.01056,20,5,4.8,False
three,20,4283,51.23422,0.21,123,19,8.0,False
three,20,4291,51.37235,-0.47297,31,4,4.3,False
three,20,4314,51.45185,0.00966,278,17,5.8,False
three,20,4318,52.95489,-1.20589,21,3,5.8,False
three,20,4320,51.58975,-2.98733,52,3,3.8,True
three,20,4331,52.6854,-2.12652,101,3,7.1,False
three,20,4332,51.80701,-0.36692,121,6,4.7,False
three,20,4333,51.31094,0.89512,165,2,10.1,False
three,20,4336,51.70381,-3.03549,472,3,8.5,False
three,20,4340,51.65053,-0.3887,263,4,8.6,True
three,20,4342,53.90389,-1.14945,31,2,6.0,True
three,20,4365,52.60807,-1.82228,39,2,6.8,False
three,20,4374,54.88917,-2.93911,164,4,5.3,False
three,20,4379,51.52597,-0.28226,22,2,4.6,False
three,20,4384,55.93067,-4.7033,260,2,7.8,False
three,20,4389,53.28477,-1.45797,128,3,9.2,False
three,20,4399,51.54818,-2.49145,141,4,5.0,False
three,20,4405,52.82159,-1.62414,396,9,8.4,False
three,20,4420,53.44904,-1.34934,30,3,3.8,True
three,20,4421,51.95121,-0.47623,69,5,3.5,False
three,20,4428,51.36747,-0.16138,60,7,4.8,False
three,20,4429,54.55319,-1.31951,131,2,7.8,False
three,20,4430,54.6145,-1.28517,69,2,5.4,False
three,20,4438,51.3697,-0.45051,150,4,6.0,False
three,20,4441,50.72348,-3.53163,62,2,7.4,True
three,20,4446,51.42503,-0.2039,131,3,5.0,False
three,20,4453,53.75033,-2.7088,36,3,4.3,False
three,20,4454,51.37617,-0.49399,225,4,6.4,False
three,20,4463,51.44995,0.22095,71,6,7.0,False
three,20,4469,51.66151,-0.3051,159,7,6.9,False
three,20,4476,52.61227,-0.25309,169,2,3.8,False
three,20,4481,53.45381,-3.00069,20,2,4.3,True
three,20,4486,52.70875,-1.11514,42,9,3.0,False
three,20,4487,53.64999,-2.67593,45,2,4.7,False
three,20,4497,52.88219,-1.56093,97,10,4.0,False
three,20,4512,53.51697,-1.15085,30,4,5.9,False
three,20,4515,52.04048,-0.12954,53,2,3.9,False
three,20,4524,51.31449,0.87185,215,3,13.8,False
three,20,4528,52.95007,-1.49697,46,4,5.6,False
three,20,4538,51.44988,0.17246,113,6,8.1,False
three,20,4542,52.30354,-1.08559,77,2,7.3,False
three,20,4546,53.58188,-0.71276,31,2,4.2,False
three,20,4553,52.65871,-2.76475,23,4,5.8,False
three,20,4554,51.90007,-0.52119,78,2,5.3,False
three,20,4558,51.31191,-0.07629,198,3,6.7,False
three,20,4580,53.36351,-2.60879,101,5,4.7,False
three,20,4582,51.54315,-0.1168,26,2,5.7,False
three,20,4587,51.44438,0.00107,114,18,3.3,False
three,20,4592,53.59211,-0.63713,82,2,5.6,False
three,20,4593,52.29348,-0.96773,24,2,3.6,False
three,20,4600,51.50844,-0.49251,57,2,5.2,False
three,20,4602,52.57765,-1.82654,23,2,16.7,False
three,20,4612,51.88803,-2.15549,59,2,6.7,False
three,20,4614,52.63928,-1.71013,71,3,4.3,False
three,20,4615,51.17248,0.00274,101,6,4.5,False
three,20,4621,51.39777,-0.81495,36,2,3.4,False
three,20,4622,52.57922,-2.03156,61,4,8.0,False
three,20,4626,51.39421,0.11896,44,15,14.2,False
three,20,4627,52.55702,-1.80633,526,7,5.9,False
three,20,4635,51.40964,-0.12966,147,11,6.7,False
three,20,4637,52.56859,-0.67295,40,2,5.8,False
three,20,4640,54.81719,-1.57291,72,2,5.6,False
three,20,4643,53.71694,-0.64506,50,2,3.7,False
three,20,4645,51.44293,0.34635,60,5,3.9,False
three,20,4662,51.44502,0.50303,125,5,6.6,False
three,20,4669,53.76651,-2.71721,28,3,7.2,False
three,20,4676,53.40392,-1.40905,26,2,4.9,False
three,20,4681,52.96079,-2.02723,174,6,7.9,True
three,20,4683,52.63389,-1.66252,97,6,6.1,False
three,20,4684,52.64315,-1.71155,30,3,3.5,False
three,20,4685,51.18414,0.39394,47,6,5.0,False
three,20,4700,51.51687,0.52308,44,2,5.9,False
three,20,4702,53.63661,-1.16281,153,2,5.9,False
three,20,4705,50.71428,-3.50233,162,2,9.7,False
three,20,4719,52.49768,-1.60852,296,7,7.4,False
three,20,4721,52.84161,-1.2577,49,9,4.7,False
three,20,4723,51.29989,-0.20181,54,2,5.2,True
three,20,4725,53.44121,-1.36506,45,3,6.2,False
three,20,4729,54.6269,-1.52409,25,2,5.1,False
three,20,4731,51.53543,-0.66232,31,2,3.4,False
three,20,4734,54.53795,-1.37523,106,2,6.7,False
three,20,4737,51.27727,0.44211,132,5,5.2,False
three,20,4742,52.59909,-1.88591,98,3,6.6,False
three,20,4750,52.60472,-1.12326,154,9,5.8,False
three,20,4756,51.15398,0.80527,200,5,7.7,False
three,20,4761,54.74882,-3.35775,266,2,7.4,False
three,20,4773,50.81947,-0.5015,192,4,8.4,False
three,20,4774,50.79819,-0.66227,43,2,3.8,False
three,20,4777,50.85386,-0.56249,425,4,11.6,False
three,20,4778,50.80896,-0.54627,128,4,6.0,False
three,20,4797,51.15905,-0.1607,21,4,7.4,False
three,20,4799,51.15899,-0.16075,110,5,7.2,False
three,20,4811,50.8906,-0.16808,29,3,4.7,False
three,20,4813,51.02761,-0.11669,138,5,7.2,False
three,20,4814,51.00779,-0.10277,167,5,6.2,False
three,20,4815,50.91811,-0.15131,130,4,5.2,False
three,20,4816,51.18959,-0.07441,20,3,4.1,False
three,20,4817,51.1411,-0.0291,34,2,4.3,False
three,20,4819,51.25856,-0.14634,31,9,6.0,False
three,20,4822,51.3283,-0.23571,34,6,4.8,False
three,20,4825,51.18731,-0.14676,59,5,4.2,False
three,20,4826,51.25419,-0.1552,21,7,5.2,False
three,20,4829,51.30163,-0.07631,42,2,5.7,True
three,20,4834,51.20458,0.01581,215,7,5.7,False
three,20,4836,51.21753,-0.06336,168,7,6.6,False
three,20,4837,50.91061,-0.01015,62,3,4.4,False
three,20,4839,50.81538,0.26478,45,2,3.5,False
three,20,4840,50.82632,0.08941,32,2,4.8,False
three,20,4844,50.86037,-0.40652,31,5,5.8,False
three,20,4846,51.03464,0.38377,120,2,6.4,False
three,20,4848,50.97296,0.11434,303,6,7.8,True
three,20,4851,50.90417,0.02715,41,4,9.0,False
three,20,4852,51.43352,0.09358,87,5,3.8,False
three,20,4853,51.39437,-0.04048,44,2,4.8,False
three,20,4860,51.3148,1.19151,75,2,6.2,False
three,20,4861,51.25273,1.1772,151,2,7.0,True
three,20,4862,51.2409,1.0279,280,3,8.9,False
three,20,4863,51.28695,1.08077,26,2,3.9,False
three,20,4871,51.38386,-0.10266,101,12,5.3,False
three,20,4884,51.13963,1.29501,252,2,9.9,False
three,20,4889,51.15491,1.26486,29,2,3.9,False
three,20,4890,51.14212,1.29061,79,2,5.7,True
three,20,4892,51.12938,1.30217,22,2,4.7,False
three,20,4894,50.78374,0.28011,104,3,4.8,False
three,20,4905,51.262,-0.46138,43,5,4.2,False
three,20,4909,51.25048,-0.55311,22,4,3.8,False
three,20,4911,51.29995,-0.41528,236,4,8.8,False
three,20,4915,51.24122,-0.57868,71,4,6.5,False
three,20,4916,51.24189,-0.57482,61,4,5.8,True
three,20,4917,51.26247,-0.48932,104,4,4.0,False
three,20,4921,51.3864,0.35836,34,4,9.5,False
three,20,4927,51.04954,-0.37732,58,2,3.8,False
three,20,4958,50.80285,0.07047,297,2,8.8,False
three,20,4959,50.8553,0.12587,23,2,5.1,False
three,20,4960,50.83669,0.07069,400,5,6.7,False
three,20,4961,50.84917,0.01064,376,3,7.7,True
three,20,4968,53.08093,-0.79757,65,3,6.3,False
three,20,4976,52.80439,-2.15566,189,7,6.8,False
three,20,4993,51.53645,-0.28144,68,5,9.7,False
three,20,5004,51.16996,0.56476,238,5,7.0,False
three,20,5007,51.33202,1.00653,540,5,16.9,False
three,20,5008,51.10552,0.43509,217,8,6.5,False
three,20,5009,51.27444,0.59169,91,3,7.0,False
three,20,5010,51.26949,0.51486,44,3,3.9,False
three,20,5015,51.41032,0.6585,150,3,8.4,False
three,20,5016,51.36982,0.60978,35,3,6.2,False
three,20,5017,51.42273,0.66816,37,3,5.5,False
three,20,5019,51.38411,0.46284,61,5,6.9,False
three,20,5024,51.28779,-0.34047,47,3,4.8,False
three,20,5025,51.29692,-0.33254,69,3,4.8,False
three,20,5029,51.39398,0.02439,108,9,5.4,False
three,20,5032,51.37159,0.09921,73,22,7.5,False
three,20,5033,51.33774,-0.11097,85,13,5.8,False
three,20,5066,52.90245,-1.68256,37,10,4.1,False
three,20,5068,53.61667,-3.0168,125,2,6.1,False
three,20,5070,51.44811,-0.53276,154,2,7.1,False
three,20,5075,51.49619,-0.10414,130,13,6.8,True
three,20,5080,53.288,-2.61654,121,6,6.0,False
three,20,5125,51.71777,-2.36522,64,2,9.1,False
three,20,5129,51.19064,-0.0669,37,8,5.5,False
three,20,5141,51.59262,-2.99394,69,3,5.9,False
three,20,5163,51.48416,-0.12327,131,6,6.3,False
three,20,5185,51.45455,0.25245,175,5,6.8,False
three,20,5204,54.10231,-2.86285,118,3,7.4,False
three,20,5208,51.41277,0.66264,48,3,4.3,False
three,20,5224,52.80257,-2.09946,246,9,7.0,False
three,20,5225,51.8073,-0.34187,124,6,9.0,False
three,20,5226,52.87731,-2.20924,98,6,7.9,False
three,20,5236,53.09865,-1.40563,28,2,8.8,False
three,20,5243,51.35041,1.00986,122,3,13.6,False
three,20,5246,54.86268,-1.57522,63,2,6.0,False
three,20,5256,52.36168,-0.76403,109,9,4.6,False
three,20,5278,52.06106,-2.7125,28,2,5.1,False
three,20,5283,52.38507,-1.26393,62,2,5.2,False
three,20,5285,52.74264,-0.75818,177,5,13.3,False
three,20,5299,52.73228,-2.72723,454,4,8.1,False
three,20,5325,51.19662,0.47492,95,4,5.0,False
three,20,5333,51.54327,-0.27536,36,3,5.9,False
three,20,5336,54.92487,-2.96363,530,6,7.5,False
three,20,5339,52.87451,-1.51166,30,9,4.8,False
three,20,5345,51.4465,0.03288,38,13,3.8,False
three,20,5360,53.41718,-1.41058,31,2,4.4,False
three,20,5362,55.81932,-3.91338,142,4,6.8,False
three,20,5372,51.78056,-1.23601,40,3,6.1,False
three,20,5373,51.39166,-0.63317,36,2,5.4,False
three,20,5403,51.39414,0.09811,593,23,9.2,False
three,20,5406,51.88602,-2.1739,26,2,6.3,False
three,20,5414,52.49902,-1.85093,74,6,4.9,False
three,20,5427,50.83548,-0.2846,46,2,4.8,False
three,20,5428,51.19695,0.62922,41,5,4.0,False
three,20,5430,51.07309,0.85804,89,3,6.2,False
three,20,5431,50.83964,-0.5677,660,4,8.9,False
three,20,5433,50.78919,-0.66035,141,4,5.5,False
three,20,5435,50.81396,-0.48133,258,3,6.2,False
three,20,5443,51.43791,0.10172,89,5,7.4,False
three,20,5472,51.3825,-0.3404,38,2,2.9,False
three,20,5479,51.66802,-2.98029,211,5,8.3,True
three,20,5481,54.76858,-1.80302,94,2,7.0,False
three,20,5488,54.9676,-1.60149,100,3,10.5,False
three,20,5505,53.48478,-3.03257,59,2,5.8,False
three,20,5509,54.58276,-1.24076,22,2,4.1,False
three,20,5516,51.48469,0.21771,24,5,5.1,False
three,20,5535,50.80958,-0.35453,22,2,4.1,False
three,20,5543,50.81511,-0.39883,145,2,5.0,False
three,20,5555,53.65185,-2.67397,110,2,4.7,False
three,20,5565,52.63253,-2.14083,90,3,5.3,False
three,20,5566,51.31389,0.16898,590,20,7.7,False
three,20,5609,51.38388,-0.23965,34,5,4.7,False
three,20,5610,51.54768,-0.65638,21,2,4.4,False
three,20,5615,53.48948,-1.29172,84,4,6.5,False
three,20,5618,53.76033,-0.49958,167,4,9.6,False
three,20,5624,51.40207,0.58526,35,2,5.5,True
three,20,5637,51.85695,-2.16915,23,2,3.8,False
three,20,5649,53.11981,-1.41513,281,3,6.8,False
three,20,5654,53.50706,-3.06969,27,2,4.7,False
three,20,5660,51.39415,-0.04986,40,2,6.0,False
three,20,5690,50.87006,-0.11473,241,2,6.9,False
three,20,5723,53.06688,-2.46938,206,5,6.4,False
three,20,5725,53.0534,-2.46952,116,8,3.9,False
three,20,5729,54.99268,-3.03457,211,3,7.2,False
three,20,5740,53.66535,-2.72677,251,7,6.2,False
three,20,5742,54.83569,-1.57993,43,2,6.7,False
three,20,5753,53.09726,-2.28376,75,3,6.5,False
three,20,5775,51.54632,-2.12841,166,2,6.4,False
three,20,5778,51.37947,-0.52078,61,4,3.8,False
three,20,5792,51.3483,-0.14995,39,12,3.7,True
three,20,5806,51.46868,-0.0539,41,14,6.9,False
three,20,5809,52.6038,-1.9222,116,3,5.1,False
three,20,5816,51.46284,-0.29934,95,6,6.9,False
three,20,5817,51.53512,-2.36418,271,5,6.9,False
three,20,5818,52.91214,-0.64353,105,2,4.3,False
three,20,5825,51.36941,0.09487,52,16,5.5,True
three,20,5828,53.51442,-1.13307,127,4,6.6,False
three,20,5847,53.58206,-0.69524,79,2,5.1,False
three,20,5848,52.57677,-1.12002,77,6,4.0,False
three,20,5853,52.70064,-2.51687,24,2,3.9,False
three,20,5854,51.64678,-0.3822,52,4,7.8,False
three,20,5868,51.79,-2.39455,96,4,5.9,False
three,20,5872,53.05304,-2.70415,60,3,4.2,False
three,20,5892,54.56476,-2.49067,538,4,10.0,False
three,20,5899,51.34484,-0.2487,48,3,5.0,False
three,20,5911,53.42226,-1.34197,161,4,8.7,False
three,20,5919,52.57132,-1.27194,25,3,4.3,False
three,20,5932,51.57388,-0.23597,29,5,3.9,False
three,20,5950,51.38343,1.37001,265,2,9.5,False
three,20,5953,53.42624,-1.34074,65,3,6.8,False
three,20,5966,51.34343,0.74452,352,2,8.9,False
three,20,5975,51.15476,0.77639,122,6,6.9,False
three,20,5976,50.83835,-0.29278,194,2,7.2,False
three,20,5977,51.17019,1.19637,50,6,5.2,False
three,20,5978,55.0402,-3.51139,286,3,7.3,False
three,20,5982,52.01426,-2.14126,118,2,7.6,False
three,20,5983,52.04433,-2.10844,34,2,5.7,False
three,20,5993,51.33859,-0.09228,22,4,5.6,False
three,20,6019,51.48136,-0.18657,117,4,6.0,False
three,20,6027,51.48067,-0.82895,61,2,6.0,False
three,20,6028,52.47512,-0.91427,161,6,5.9,False
three,20,6041,51.55285,-1.13187,157,3,6.2,False
three,20,6064,54.33226,-2.721,63,3,6.6,False
three,20,6076,53.09054,-2.32517,116,2,5.0,False
three,20,6079,51.18758,-0.00121,730,7,7.4,False
three,20,6083,51.83272,-0.33171,37,7,6.5,False
three,20,6096,51.60255,-0.35198,20,4,2.8,False
three,20,6111,53.02909,-1.48616,80,2,4.0,False
three,20,6118,55.95165,-3.1936,35,2,9.3,False
three,20,6122,51.4337,-0.5043,134,6,4.9,False
three,20,6129,52.95459,-1.09826,72,2,6.8,False
three,20,6132,51.4423,-0.42296,40,5,4.3,False
three,20,6153,51.07513,1.17665,151,2,7.2,False
three,20,6155,51.93009,-2.0172,73,4,4.5,False
three,20,6163,52.40964,-0.74645,247,8,5.8,False
three,20,6170,53.79099,-1.22781,118,2,5.4,False
three,20,6173,53.2525,-2.86513,197,6,5.2,False
three,20,6183,53.43527,-2.90231,28,2,4.7,False
three,20,6185,53.09584,-0.78144,472,3,11.6,False
three,20,6200,53.17642,-2.40921,296,3,7.5,False
three,20,6207,51.43623,-0.46498,108,5,5.4,False
three,20,6209,51.33615,0.44921,24,3,7.5,False
three,20,6215,53.52506,-0.5258,122,2,6.8,False
three,20,6222,54.09764,-2.80988,30,3,6.5,False
three,20,6234,54.05468,-2.80871,237,4,6.0,False
three,20,6255,53.18287,-1.40152,59,3,6.7,False
three,20,6261,51.37212,1.35756,701,2,10.1,False
three,20,6263,50.93123,-0.06227,137,3,6.0,False
three,20,6265,53.11149,-0.63068,194,3,7.7,False
three,20,6272,51.18954,0.38883,110,7,4.8,False
three,20,6291,51.53997,-0.25596,24,6,6.6,False
three,20,6293,51.76199,-0.29679,165,7,8.7,False
three,20,6294,51.38326,-0.07224,170,13,3.9,False
three,20,6299,53.54108,-0.36791,440,4,9.7,False
three,20,6300,53.47954,-0.49811,150,2,9.2,False
three,20,6302,53.07245,-0.84286,125,2,9.3,False
three,20,6306,51.44024,-0.40954,544,6,6.3,False
three,20,6314,51.09193,1.0798,47,2,4.0,False
three,20,6321,52.92604,-0.64346,54,2,3.7,False
three,20,6331,52.32504,-0.68665,40,8,3.1,False
three,20,6332,52.71445,-1.06156,29,2,6.2,False
three,20,6334,52.93815,-1.4733,74,4,4.3,False
three,20,6335,53.54951,-1.10625,66,5,10.3,False
three,20,6340,52.56192,-1.22084,106,4,6.7,False
three,20,6341,51.60873,-0.36119,138,4,7.4,False
three,20,6349,52.51286,-1.8741,93,2,9.4,True
three,20,6355,51.08744,1.12405,36,3,4.8,False
three,20,6391,52.62637,-0.31338,111,2,5.0,False
three,20,6396,51.18442,0.39452,615,10,8.4,False
three,20,6397,52.04646,-0.49633,104,7,8.4,False
three,20,6401,53.71588,-2.46572,71,2,9.7,False
three,20,6402,51.83496,-0.56055,103,2,4.5,False
three,20,6409,52.90648,-1.21834,50,2,7.3,False
three,20,6416,51.53333,-1.88319,132,2,8.3,False
three,20,6422,51.43888,0.33211,20,5,3.8,False
three,20,6424,50.84727,0.10585,86,2,6.7,False
three,20,6425,51.32263,-0.28772,32,3,4.7,False
three,20,6429,53.70341,-0.87382,58,2,3.7,False
three,20,6433,51.2508,-0.15841,391,11,8.2,False
three,20,6434,51.434,-0.34731,60,2,6.1,False
three,20,6444,52.60024,-1.67985,70,6,7.6,False
three,20,6486,51.51274,-2.54715,100,2,6.0,False
three,20,6494,51.34309,-0.19747,142,2,6.1,False
three,20,6497,51.99878,-0.50218,615,7,5.2,False
three,20,6538,51.43314,0.02567,58,13,3.5,False
three,20,6556,51.68539,-0.31293,37,6,4.0,False
three,20,6561,51.36302,-0.17024,36,6,6.3,True
three,20,6565,53.71692,-1.1317,145,2,6.5,True
three,20,6570,53.70546,-1.06728,197,2,10.7,False
three,20,6575,50.89773,-0.80225,63,4,4.9,False
three,20,6583,54.73663,-1.59375,20,2,3.6,False
three,20,6584,51.39505,-0.29807,52,3,6.1,False
three,20,6592,53.06008,-2.62512,25,4,3.4,False
three,20,6601,53.23299,-0.53322,94,2,6.2,False
three,20,6607,51.34661,0.71583,35,2,5.5,False
three,20,6609,52.30187,-0.67173,201,8,6.1,False
three,20,6636,51.76818,-0.54662,346,2,7.6,False
three,20,6639,51.64824,-0.38647,26,3,7.5,True
three,20,6640,51.38983,0.81795,262,3,11.0,False
three,20,6654,51.21101,0.78332,101,3,6.6,False
three,20,6689,55.38018,-3.51673,70,2,6.3,False
three,20,6715,54.66425,-2.70881,30,2,5.5,False
three,20,6724,51.52568,-0.45015,53,3,4.0,False
three,20,6737,50.86655,0.0234,135,3,6.7,False
three,20,6744,51.62814,-2.98757,55,3,5.3,False
three,20,6757,53.00517,-2.18332,97,2,6.5,False
three,20,6761,51.31954,0.38589,32,3,5.6,False
three,20,6771,53.29885,-0.40615,26,2,3.5,False
three,20,6779,52.63905,-1.80805,36,6,5.1,True
three,20,6792,51.63056,-0.38117,37,4,4.4,False
three,20,6797,51.19307,0.32672,59,6,4.5,False
three,20,6804,51.56829,-0.232,131,7,4.8,False
three,20,6816,51.62645,-1.24095,364,3,7.8,False
three,20,6819,51.43604,-0.48654,39,6,3.2,False
three,20,6828,51.26329,0.5214,21,4,6.2,False
three,20,6852,52.65187,-1.73487,37,5,3.8,False
three,20,6860,51.36361,0.44638,93,5,8.5,False
three,20,6862,51.23909,-0.32747,280,4,9.1,False
three,20,6869,51.95295,-0.22049,31,2,7.0,False
three,20,6889,52.385,-1.25752,132,3,7.4,False
three,20,6890,51.48207,-0.28139,48,4,5.6,False
three,20,6892,52.70893,-2.70169,63,2,5.7,False
three,20,6902,51.25511,-1.14739,121,2,6.5,False
three,20,6908,51.5691,-0.32178,24,4,2.9,False
three,20,6911,52.95682,-1.27546,40,3,8.3,False
three,20,6918,51.60899,-4.12598,222,2,6.8,False
three,20,6920,51.40615,0.2187,32,3,6.2,False
three,20,6921,54.5085,-1.51865,25,2,5.7,False
three,20,6922,53.52847,-1.14088,89,5,7.1,False
three,20,6924,52.6791,-1.75527,36,7,5.5,False
three,20,6927,53.53749,-3.05904,126,2,13.3,False
three,20,6931,55.81078,-4.13637,173,4,6.6,False
three,20,6936,53.74504,-2.70122,20,4,3.6,False
three,20,6938,53.50567,-1.1171,104,2,6.5,False
three,20,6940,55.61412,-4.50693,237,2,9.0,False
three,20,6945,51.28805,0.94271,34,2,3.9,False
three,20,6953,51.295,0.44864,81,5,5.7,True
three,20,6957,51.24268,-0.14447,373,8,8.5,False
three,20,6963,51.51186,-0.75422,130,2,5.8,False
three,20,6968,51.51704,-1.16112,149,3,4.8,False
three,20,6985,54.03254,-2.80227,25,2,4.2,False
three,20,6988,52.08132,-2.08382,41,3,4.9,False
three,20,6994,53.74894,-1.24685,63,2,7.2,False
three,20,7008,51.1993,0.97932,86,7,4.5,False
three,20,7016,53.10166,-0.67675,24,2,2.4,False
three,20,7022,52.23831,-0.5376,265,8,6.4,False
three,20,7023,52.58663,-1.86987,109,4,3.7,False
three,20,7025,51.62828,-0.25774,27,6,5.2,False
three,20,7040,50.9403,-0.13727,218,5,4.9,False
three,20,7045,53.47473,-2.60026,246,4,5.0,False
three,20,7047,54.5037,-1.37965,28,2,4.3,False
three,20,7068,52.22451,-2.68882,182,2,6.0,False
three,20,7069,52.2222,-2.71505,512,2,7.1,False
three,20,7079,51.39738,-0.15357,98,6,2.5,True
three,20,7081,51.40032,-0.54743,36,6,3.3,False
three,20,7091,52.6468,-2.12458,34,3,10.8,False
three,20,7092,51.36153,-0.11369,64,7,7.6,False
three,20,7095,52.12042,-2.67038,75,2,4.7,False
three,20,7097,52.12057,-2.65436,30,2,4.0,False
three,20,7100,51.46421,-0.23296,29,11,4.3,False
three,20,7143,52.9063,-1.45318,137,14,7.4,False
three,20,7145,52.7073,-0.38028,67,2,6.8,False
three,20,7147,52.3512,-0.66589,127,9,4.4,False
three,20,7165,51.83115,-3.01423,301,2,7.3,False
three,20,7166,51.19441,0.21626,475,21,5.4,False
three,20,7174,51.77005,-0.57925,31,2,6.3,False
three,20,7185,51.93328,-2.85012,395,2,8.1,False
three,20,7193,52.29974,-2.09312,74,2,6.7,False
three,20,7205,53.5598,-3.06728,36,2,3.9,False
three,20,7210,52.60218,-1.1394,113,8,3.9,False
three,20,7216,53.04412,-2.21726,25,2,4.0,False
three,20,7220,53.90845,-2.31731,197,3,8.5,False
three,20,7222,52.91604,-2.29806,276,6,9.8,False
three,20,7228,51.19313,-0.03044,39,7,5.8,False
three,20,7242,51.04976,-2.58421,64,2,9.7,False
three,20,7262,53.71234,-2.62699,27,2,4.2,False
three,20,7263,55.02137,-3.15723,387,4,8.1,False
three,20,7267,51.06225,-0.13988,65,5,5.1,False
three,20,7275,53.94448,-2.77065,63,2,5.8,False
three,20,7276,54.6175,-3.79544,222,4,8.7,False
three,20,7282,53.65158,-0.47534,258,4,8.0,False
three,20,7283,51.43031,-0.09075,113,11,11.0,False
three,20,7285,52.93762,-2.26285,127,5,7.2,False
three,20,7298,51.36944,-0.46968,56,4,4.5,False
three,20,7307,54.71746,-1.54408,145,2,8.6,False
three,20,7316,51.25734,-0.54677,23,4,5.7,False
three,20,7321,51.32377,-0.12814,93,10,8.1,False
three,20,7322,51.41136,0.43531,72,5,6.5,False
three,20,7327,52.76462,-0.94908,56,3,5.5,False
three,20,7333,53.50116,-1.10131,57,2,7.0,False
three,20,7339,52.92657,-1.46957,87,5,5.7,False
three,20,7345,53.43461,-2.613,32,2,3.4,False
three,20,7348,53.72308,-2.66178,54,2,4.9,False
three,20,7355,51.44272,-0.31522,408,6,7.8,False
three,20,7362,52.26561,-0.64496,401,8,7.8,False
three,20,7370,51.51048,-0.5247,112,2,4.6,False
three,20,7395,53.17093,-2.50304,29,3,4.3,False
three,20,7396,53.09987,-2.27133,23,5,3.5,False
three,20,7400,51.09941,0.17805,28,2,3.6,False
three,20,7403,51.25704,-0.5499,69,4,11.4,False
three,20,7407,51.0856,-0.28712,43,2,7.3,False
three,20,7419,55.19261,-3.40556,41,2,5.3,False
three,20,7420,53.5675,-0.41198,221,2,5.9,False
three,20,7436,51.98317,-2.09321,276,4,7.0,False
three,20,7445,51.49254,-0.11803,45,7,4.9,False
three,20,7459,55.85719,-4.27088,123,4,6.3,False
three,20,7463,54.01991,-2.80069,198,3,5.4,False
three,20,7466,53.47089,-0.69686,46,2,4.0,False
three,20,7472,51.48466,-0.31763,73,5,5.8,False
three,20,7478,51.63473,-3.93151,292,5,11.5,False
three,20,7480,51.48273,-0.07084,86,12,3.8,False
three,20,7497,52.84566,-1.29231,261,10,10.0,False
three,20,7522,53.36744,-1.3616,70,2,7.0,False
three,20,7529,52.82538,-0.61212,96,2,3.0,False
three,20,7530,51.35525,-0.20768,104,6,4.0,False
three,20,7545,52.02667,-2.74189,422,2,8.3,False
three,20,7547,54.9116,-1.67394,79,3,5.4,False
three,20,7561,51.51224,-0.73447,31,2,6.3,False
three,20,7562,51.32204,-0.56161,96,2,3.9,False
three,20,7571,52.68515,-1.7962,83,8,7.5,False
three,20,7576,50.79913,-0.65158,26,2,3.0,False
three,20,7586,51.56975,-1.77074,49,2,5.5,False
three,20,7591,51.43559,-0.47898,61,6,6.0,False
three,20,7604,53.56793,-1.12043,32,4,4.9,False
three,20,7613,51.45332,0.27498,32,5,2.5,False
three,20,7620,51.5207,-2.01137,22,2,3.6,False
three,20,7624,53.72674,-2.92401,20,3,2.1,False
three,20,7625,54.30499,-2.75356,151,3,7.6,False
three,20,7632,52.51752,-1.71106,225,7,7.8,False
three,20,7638,51.7899,-0.59636,158,2,7.2,False
three,20,7640,51.24,-0.35181,644,7,7.0,False
three,20,7641,51.43961,-0.05782,120,5,6.5,False
three,20,7645,54.06249,-2.44976,36,3,6.0,False
three,20,7646,53.59243,-3.05883,32,2,5.7,False
three,20,7657,51.51529,-2.05184,38,2,5.3,False
three,20,7660,51.35849,-0.17395,78,6,6.7,False
three,20,7664,51.72583,-0.35786,151,6,7.8,False
three,20,7665,51.49406,0.09731,104,2,5.2,False
three,20,7677,54.73869,-1.59234,21,2,6.0,False
three,20,7683,52.58046,-1.12102,81,6,5.2,False
three,20,7701,52.29252,-0.67177,269,9,7.2,False
three,20,7734,53.32585,-2.65089,151,3,5.0,False
three,20,7735,52.58001,-2.03299,69,4,4.3,False
three,20,7742,51.50761,-0.54558,102,2,6.6,False
three,20,7743,51.73275,-0.33484,119,7,7.0,False
three,20,7746,51.37384,0.20178,30,5,8.5,True
three,20,7752,54.78539,-1.5827,21,2,5.5,False
three,20,7758,51.33293,-0.50299,125,6,6.1,False
three,20,7762,54.05832,-2.8398,111,3,10.5,False
three,20,7778,53.57935,-2.64325,24,2,4.2,False
three,20,7793,54.17196,-1.38483,32,2,4.9,False
three,20,7798,53.72,-0.43369,44,2,6.2,False
three,20,7800,52.61723,-1.88896,51,4,6.0,True
three,20,7817,52.50705,-0.93579,108,6,6.3,False
three,20,7829,52.48392,-1.80789,47,2,5.9,False
three,20,7839,55.35394,-3.51189,67,2,9.0,False
three,20,7846,52.36013,-1.98952,127,3,6.3,True
three,20,7852,52.7892,-2.45807,90,8,4.9,False
three,20,7864,53.51352,-1.33538,27,4,5.1,False
three,20,7869,51.45017,0.39477,37,5,2.5,False
three,20,7892,53.80828,-2.89717,180,3,6.8,False
three,20,7913,51.30533,0.45018,293,7,8.4,True
three,20,7915,54.75684,-1.59381,55,2,8.6,False
three,20,7956,52.87721,-2.11208,157,6,5.2,False
three,20,7959,52.81453,-1.62631,138,9,7.9,False
three,20,7962,51.12345,-0.15822,182,7,6.6,False
three,20,7971,51.91534,-2.81153,147,2,6.3,False
three,20,7979,51.3664,-0.47614,30,4,7.7,False
three,20,8003,54.06928,-2.86793,120,3,6.5,False
three,20,8007,51.13703,-0.15995,38,5,6.0,False
three,20,8008,51.25319,-0.53421,34,4,4.6,False
three,20,8012,51.39401,0.50337,472,7,9.5,True
three,20,8026,52.38556,-1.25526,41,3,4.2,False
three,20,8035,51.81066,-0.35133,29,6,5.8,False
three,20,8041,53.01372,-2.14266,204,3,6.1,True
three,20,8048,54.97358,-3.21096,560,4,7.7,False
three,20,8049,53.61105,-2.50143,133,2,4.9,False
three,20,8064,51.4339,-0.1351,35,7,2.6,False
three,20,8074,53.03028,-2.20229,68,4,5.6,False
three,20,8079,51.36077,-0.4822,174,4,5.6,False
three,20,8080,51.09379,-0.26458,167,2,6.4,False
three,20,8082,51.34401,0.74588,26,2,3.8,False
three,20,8083,53.16692,-2.90561,60,5,3.4,False
three,20,8086,51.53679,-0.26468,201,10,7.1,False
three,20,8101,54.05326,-2.29642,283,3,7.3,True
three,20,8108,51.34515,0.74021,97,2,7.4,False
three,20,8110,52.07977,-2.12597,25,2,4.0,False
three,20,8116,51.65397,-3.92611,135,2,7.0,False
three,20,8120,53.425,-1.32826,69,3,8.1,True
three,20,8123,51.43114,-0.5323,142,6,5.2,False
three,20,8168,51.46295,-0.98046,131,2,7.4,False
three,20,8172,51.33503,0.1912,92,7,7.9,False
three,20,8175,51.49323,-0.19827,126,3,4.5,False
three,20,8181,50.74656,-2.9468,275,2,7.5,False
three,20,8182,51.51789,-2.52978,142,2,5.8,False
three,20,8183,51.6332,-1.60536,67,2,4.8,False
three,20,8189,51.15761,-0.00426,614,7,7.4,False
three,20,8217,52.40028,-0.72431,407,9,5.8,False
three,20,8219,51.23699,-0.32898,48,4,5.3,False
three,20,8221,53.08915,-2.24429,48,3,6.0,False
three,20,8224,54.65108,-1.51125,70,2,8.5,True
three,20,8242,53.23731,-2.50236,26,5,3.9,False
three,20,8262,50.88617,0.003,265,4,7.9,False
three,20,8263,50.86947,-0.03587,93,2,5.3,False
three,20,8264,51.4189,-0.06049,27,3,4.7,False
three,20,8280,52.90585,-0.64045,67,2,4.7,False
three,20,8292,55.82929,-3.99844,54,4,4.6,False
three,20,8297,51.29545,0.3143,130,3,6.0,False
three,20,8299,52.38707,-1.3215,86,2,6.7,False
three,20,8310,55.77326,-3.90719,165,3,6.9,False
three,20,8316,51.27167,0.56069,40,3,7.0,False
three,20,8339,54.55883,-1.41742,28,2,4.1,False
three,20,8342,52.45223,-0.7061,33,2,6.4,False
three,20,8359,52.40667,-0.70795,76,9,5.0,False
three,20,8362,51.41278,-0.55429,73,5,7.2,False
three,20,8363,51.84955,-2.40063,22,2,5.6,False
three,20,8365,51.46417,-0.22044,101,11,4.8,False
three,20,8368,52.29075,-0.66383,147,9,6.6,False
three,20,8369,51.12193,0.23883,309,14,6.7,False
three,20,8396,52.04665,-0.57511,296,8,7.6,False
three,20,8416,52.78673,-1.62056,88,9,10.3,False
three,20,8422,54.33198,-2.71628,39,3,6.2,False
three,20,8425,55.84959,-4.02801,39,2,3.3,False
three,20,8433,52.5306,-1.80071,27,3,3.1,False
three,20,8440,51.58399,-0.10654,78,2,5.6,False
three,20,8443,51.23638,0.70253,169,3,6.9,False
three,20,8448,52.60094,-1.65965,31,3,4.0,False
three,20,8463,51.29298,-0.08153,54,2,4.5,False
three,20,8478,53.99032,-2.34679,831,4,8.7,True
three,20,8480,53.04871,-1.48673,125,2,8.6,False
three,20,8495,54.93849,-2.70261,83,2,8.0,False
three,20,8504,51.30034,0.39753,114,3,5.9,False
three,20,8505,51.32919,-0.21467,90,8,12.9,False
three,20,8507,51.38604,0.33319,44,3,4.7,False
three,20,8519,53.36086,-2.89056,51,2,4.0,False
three,20,8527,51.29689,0.33006,22,3,3.7,False
three,20,8531,52.67955,-2.75705,70,3,6.5,False
three,20,8547,54.5102,-1.35744,21,2,6.7,False
three,20,8550,51.49973,-0.78559,181,2,7.9,False
three,20,8562,52.9807,-2.47468,62,9,3.8,False
three,20,8569,53.59255,-1.10999,146,3,6.3,False
three,20,8571,51.3903,-0.11555,150,6,4.9,False
three,20,8575,51.43521,0.41064,88,6,7.7,False
three,20,8577,51.7088,-0.30359,233,6,6.7,False
three,20,8579,54.51949,-2.67458,93,2,8.6,False
three,20,8583,52.52884,-1.56941,34,3,5.8,False
three,20,8587,51.18688,-0.4321,286,4,8.7,False
three,20,8601,51.14657,0.11966,224,19,7.3,False
three,20,8610,50.92504,-0.52126,207,2,6.8,False
three,20,8619,52.57554,-1.08962,85,6,6.1,False
three,20,8630,54.96931,-2.65104,116,2,7.3,False
three,20,8639,51.01351,-0.42317,96,2,4.4,False
three,20,8658,54.00389,-2.10643,109,3,7.2,False
three,20,8683,53.47165,-1.2904,41,3,7.8,False
three,20,8688,50.83302,-0.22343,195,2,4.9,False
three,20,8690,54.21344,-1.30698,21,2,2.5,False
three,20,8703,54.89713,-3.34899,109,2,6.2,False
three,20,8716,52.58215,-1.09798,47,7,4.0,False
three,20,8726,50.83045,0.17882,116,2,7.6,False
three,20,8731,53.09414,-2.46163,148,8,6.1,False
three,20,8746,50.98986,-0.48795,100,2,5.5,False
three,20,8768,54.409,-1.49047,71,2,6.2,False
three,20,8776,54.23791,-1.40438,71,2,5.0,False
three,20,8777,52.48219,-0.86978,39,6,2.5,False
three,20,8789,53.73581,-0.3781,44,3,6.1,False
three,20,8793,51.52162,0.61114,30,3,5.9,False
three,20,8796,52.58514,-1.12231,126,6,7.3,True
three,20,8797,51.55705,-1.81102,45,2,5.0,False
three,20,8801,52.06361,-0.27774,129,2,5.8,False
three,20,8802,51.6425,-0.31698,64,6,4.5,False
three,20,8813,51.46228,-0.14533,191,14,9.5,False
three,20,8816,51.26801,-2.17921,43,2,4.7,False
three,20,8818,52.54435,-1.02862,144,6,6.2,False
three,20,8820,51.04475,0.18884,133,2,7.7,False
three,20,8821,50.90309,-0.54201,62,2,24.0,False
three,20,8833,52.96552,-2.41383,150,7,6.8,False
three,20,8838,53.7157,-0.85458,83,2,5.0,False
three,20,8839,52.866,-2.70115,221,2,6.7,False
three,20,8840,50.87184,0.90728,43,2,3.8,False
three,20,8841,51.69239,-2.38054,309,4,6.4,False
three,20,8864,52.79506,-0.54164,96,2,7.3,False
three,20,8871,52.21776,-2.13283,29,2,7.2,False
three,20,8880,54.3341,-1.36176,252,2,7.8,False
three,20,8882,54.21939,-1.37552,140,2,5.2,False
three,20,8897,51.20701,0.35865,402,8,5.7,False
three,20,8932,51.71055,-0.44117,127,2,5.5,False
three,20,8943,52.43296,-2.62238,506,2,7.9,False
three,20,8944,51.65543,-2.41494,32,2,17.1,False
three,20,8945,52.76449,-0.90221,46,3,4.8,False
three,20,8951,52.29374,-1.09103,48,2,5.6,False
three,20,8957,56.21366,-4.69456,62,2,7.8,False
three,20,8967,50.81242,0.07134,132,2,7.1,False
three,20,8983,52.47903,-0.90809,149,6,6.7,False
three,20,8985,52.54886,-1.10527,40,6,4.9,False
three,20,8996,54.15478,-2.59028,94,2,6.6,False
three,20,9001,51.25127,-1.25502,87,2,8.3,False
three,20,9008,51.84548,-0.37552,128,6,9.0,False
three,20,9009,51.19598,0.06986,87,7,8.1,False
three,20,9022,52.39052,-2.0049,43,3,13.8,False
three,20,9032,51.67063,-0.29113,190,6,5.4,False
three,20,9040,51.37278,0.2117,112,7,10.9,False
three,20,9045,51.52717,-2.43935,51,2,4.5,False
three,20,9058,53.27796,-0.4199,65,2,6.2,False
three,20,9059,51.1734,0.93976,532,7,9.9,False
three,20,9081,51.16495,0.6292,318,5,5.2,False
three,20,9083,51.71716,-2.98415,191,2,5.3,False
three,20,9088,53.65365,-0.45466,66,4,4.6,False
three,20,9095,52.74275,-0.9329,279,3,7.5,False
three,20,9098,52.71944,-2.84813,22,2,2.8,False
three,20,9101,53.14431,-0.74863,169,2,5.4,False
three,20,9112,51.2704,-2.18241,32,2,4.7,False
three,20,9115,53.58615,-0.72975,103,2,6.2,False
three,20,9134,51.18252,0.44878,77,7,4.0,False
three,20,9137,52.18265,-2.1507,115,2,6.8,False
three,20,9157,51.31603,1.09577,58,2,3.8,True
three,20,9169,52.50085,-2.19742,98,2,8.3,False
three,20,9179,53.72623,-0.76365,47,2,3.3,False
three,20,9184,54.47721,-2.64274,88,2,6.5,False
three,20,9186,53.18938,-1.44228,74,3,5.9,False
three,20,9208,54.35239,-2.62645,28,3,3.8,False
three,20,9222,53.61351,-0.30634,195,2,7.4,False
three,20,9223,52.52359,-0.67825,131,2,6.0,False
three,20,9224,53.11915,-2.44216,54,4,4.8,False
three,20,9227,54.10101,-2.8039,38,3,6.5,False
three,20,9228,52.28962,-2.1505,57,2,4.8,False
three,20,9244,51.55634,-2.42728,43,2,5.1,False
three,20,9246,51.46974,-0.01402,786,19,8.9,False
three,20,9253,51.01336,-0.45913,135,2,4.6,False
three,20,9258,52.68147,-2.82392,145,2,7.7,False
three,20,9272,50.98963,-0.43653,321,2,11.6,False
three,20,9275,54.2058,-1.35113,33,2,4.7,False
three,20,9282,50.95933,-0.11757,266,5,5.7,False
three,20,9289,52.67725,-0.73524,289,2,6.2,False
three,20,9290,52.29297,-2.08286,73,2,6.3,False
three,20,9297,51.25739,-2.26455,206,2,6.8,False
three,20,9302,52.72123,-1.07103,30,3,4.2,False
three,20,9318,55.2512,-3.41174,242,2,8.2,False
three,20,9319,53.69837,-1.10369,163,2,5.1,False
three,20,9324,52.52853,-0.62974,82,2,5.5,True
three,20,9332,53.77043,-1.14701,46,2,6.2,False
three,20,9344,51.47014,-1.02757,119,3,5.1,False
three,20,9351,52.38538,-1.38775,142,2,7.5,False
three,20,9353,51.59642,-1.70101,77,2,4.0,False
three,20,9355,51.78274,-0.32156,244,6,5.8,False
three,20,9357,51.3583,-0.17247,22,3,8.1,False
three,20,9358,51.29656,0.22488,60,6,6.8,False
three,20,9367,52.89218,-1.30307,101,11,5.9,False
three,20,9368,51.23858,-0.32371,20,4,4.3,False
three,20,9380,53.40962,-2.64032,26,3,4.3,False
three,20,9389,51.57457,-1.1921,62,3,8.1,False
three,20,9406,52.98951,-1.48481,43,2,6.2,False
three,20,9407,51.47851,-0.26437,122,8,7.0,False
three,20,9414,51.17915,0.84137,50,4,8.4,False
three,20,9418,51.55461,-0.22422,48,5,3.7,False
three,20,9420,51.71546,-0.31796,39,5,2.8,False
three,20,9424,51.40829,-1.02512,40,2,4.2,False
three,20,9426,55.72149,-3.93481,34,2,6.8,False
three,20,9440,53.33587,-0.70939,323,2,11.8,False
three,20,9470,51.52332,-0.66726,89,2,5.0,False
three,20,9473,53.92952,-2.7708,31,2,3.7,False
three,20,9474,55.09671,-3.37354,263,2,6.9,False
three,20,9486,54.51882,-2.70087,109,4,6.8,False
three,20,9489,53.7819,-1.06871,271,2,6.5,False
three,20,9495,54.25784,-2.78406,72,3,6.3,False
three,20,9499,51.89614,-0.42109,27,4,5.0,False
three,20,9502,52.81833,-0.54945,57,4,5.3,False
three,20,9506,52.91267,-0.64772,103,2,7.9,False
three,20,9517,52.86913,-0.62613,68,2,5.2,False
three,20,9529,51.36914,-0.09799,41,11,4.0,False
three,20,9534,52.65221,-2.7874,129,3,6.5,False
three,20,9537,52.04946,-0.47405,86,7,5.5,True
three,20,9549,52.09842,-0.78193,186,6,4.5,False
three,20,9551,51.71081,-0.34311,148,6,14.0,False
three,20,9556,54.43984,-2.61631,74,2,6.3,False
three,20,9557,55.37131,-3.43083,148,2,7.9,False
three,20,9568,53.94712,-1.09941,56,2,4.8,False
three,20,9570,51.14605,0.2867,44,8,4.3,False
three,20,9576,54.94979,-2.98776,110,3,6.7,False
three,20,9577,51.22823,0.72394,296,5,7.7,False
three,20,9578,52.52907,-1.46578,57,3,5.9,False
three,20,9579,53.44029,-0.47878,92,2,4.2,False
three,20,9598,51.62635,-0.2672,33,6,4.2,False
three,20,9602,51.3944,0.1857,24,5,4.3,False
three,20,9619,52.66524,-3.13847,215,2,7.4,False
three,20,9623,51.07968,0.44381,328,7,5.5,False
three,20,9630,51.20618,0.06455,319,7,6.0,False
three,20,9631,51.46801,-0.29073,175,6,6.8,True
three,20,9639,53.22656,-0.53253,34,2,3.6,False
three,20,9640,53.58486,-0.64861,75,2,4.6,False
three,20,9654,51.55627,-1.92008,236,3,8.9,False
three,20,9656,52.72925,-1.74099,418,11,7.4,False
three,20,9657,50.85555,-3.37933,167,2,6.9,False
three,20,9660,52.14132,-2.6316,385,2,8.1,False
three,20,9661,53.33012,-2.84448,33,2,4.3,False
three,20,9667,52.34702,-1.94964,48,3,4.6,False
three,20,9670,53.49521,-2.5826,35,2,4.7,False
three,20,9680,51.59292,-1.9923,22,2,6.3,False
three,20,9693,53.89854,-1.11273,49,2,3.9,False
three,20,9703,52.82943,-2.78563,301,4,6.1,False
three,20,9725,51.34817,0.9899,118,2,4.8,False
three,20,9727,55.05911,-3.72784,82,2,6.1,True
three,20,9733,54.71897,-1.54123,184,2,8.1,False
three,20,9745,54.21166,-1.65837,64,2,4.1,False
three,20,9750,51.95727,-0.51187,23,6,6.4,False
three,20,9766,51.45991,-0.31989,104,6,5.3,False
three,20,9767,53.82309,-2.41726,234,2,8.1,False
three,20,9770,52.54575,-1.11091,81,7,5.7,False
three,20,9771,52.08266,-0.52927,45,7,6.3,False
three,20,9805,54.10044,-2.83936,202,3,7.9,False
three,20,9810,53.26779,-2.63547,130,4,5.3,False
three,20,9818,53.03455,-0.9604,84,2,5.2,False
three,20,9822,55.06203,-3.5665,118,2,5.8,False
three,20,9825,52.97003,-2.65622,171,2,5.6,False
three,20,9831,53.5961,-2.64319,55,2,5.7,False
three,20,9843,53.63258,-0.23618,82,2,6.1,False
three,20,9845,51.14733,-0.15931,230,5,5.2,False
three,20,9847,53.5887,-3.05801,50,2,6.1,False
three,20,9853,51.38972,-0.04245,101,11,4.3,False
three,20,9858,51.88754,-0.40276,58,7,5.9,False
three,20,9860,51.17543,-1.67278,110,2,6.0,False
three,20,9862,51.20714,-0.17039,28,8,3.2,False
three,20,9863,54.65649,-1.50826,25,2,7.1,True
three,20,9872,50.95256,-0.12913,111,5,6.2,False
three,20,9883,51.19263,0.823,314,4,6.5,False
three,20,9889,51.24114,0.67275,41,3,4.4,False
three,20,9897,54.89753,-2.99739,69,3,5.8,False
three,20,9903,52.85391,-2.18383,452,6,8.3,False
three,20,9908,52.31703,-2.72119,85,2,5.4,False
three,20,9929,53.35166,-1.56193,69,3,6.7,False
three,20,9947,52.76843,-1.9303,164,6,8.4,False
three,20,9955,52.57749,-0.25969,100,2,4.2,False
three,20,9957,51.02776,0.97342,261,4,7.3,False
three,20,9961,51.30665,0.45751,43,5,5.6,False
three,20,9962,51.49835,-1.11856,76,3,4.8,False
three,20,9970,51.18027,0.57563,95,6,5.2,False
three,20,9973,51.24978,-1.12558,73,2,6.7,False
three,20,9977,54.58518,-1.33311,158,2,5.0,False
three,20,9982,51.43303,0.69626,174,3,4.5,False
three,20,9988,52.76454,-2.75661,38,2,4.7,False
three,20,9995,51.87058,-0.73156,38,2,4.9,False
three,20,10010,52.43396,-0.75241,158,8,7.0,False
three,20,10020,52.93129,-1.17864,83,3,3.9,False
three,20,10021,52.63441,-0.3447,146,2,6.6,False
three,20,10023,53.06241,-2.56623,78,6,4.9,False
three,20,10026,51.25799,-0.01775,191,7,7.7,False
three,20,10028,52.94334,-1.2303,181,14,5.8,False
three,20,10049,53.7032,-2.69614,198,3,6.4,False
three,20,10052,51.29874,0.49213,259,5,12.1,False
three,20,10063,51.51917,-2.51836,36,3,8.7,False
three,20,10081,51.24349,-0.20766,170,4,6.2,False
three,20,10083,54.65644,-1.48693,21,2,5.0,False
three,20,10098,53.79965,-2.7343,47,2,5.3,False
three,20,10104,51.20204,1.22791,34,2,4.4,False
three,20,10112,51.16792,1.33409,98,2,9.7,False
three,20,10113,54.9722,-1.60227,21,2,4.4,False
three,20,10128,51.52744,-1.98932,130,2,6.3,False
three,20,10129,52.09749,-2.13956,23,2,5.9,False
three,20,10132,51.11796,0.12397,109,6,17.6,False
three,20,10133,52.82103,-1.61563,201,11,4.6,False
three,20,10137,51.02357,-2.38275,71,2,6.0,False
three,20,10140,53.52866,-2.61849,25,2,4.5,False
three,20,10169,51.11992,0.76314,51,5,6.2,False
three,20,10170,52.23888,-0.56274,606,9,7.2,False
three,20,10172,53.05132,-2.56677,267,2,6.1,False
three,20,10175,51.27984,-0.43732,53,4,7.2,False
three,20,10181,52.98284,-2.60205,30,7,3.6,False
three,20,10188,51.33931,0.53973,275,7,7.6,False
three,20,10191,50.86979,-0.16265,194,4,7.3,False
three,20,10201,50.82314,0.23246,29,3,5.4,False
three,20,10211,51.37478,0.13053,643,23,7.4,False
three,20,10213,53.56435,-1.18608,54,3,6.7,False
three,20,10227,51.39208,-0.53453,175,5,7.7,False
three,20,10230,50.8759,0.10605,98,5,5.3,False
three,20,10249,51.16353,0.59801,41,5,2.9,False
three,20,10251,53.71359,-0.47339,80,2,6.0,False
three,20,10259,51.52626,-2.4443,96,2,6.3,True
three,20,10269,54.36143,-2.67274,83,3,7.7,False
three,20,10279,51.45482,-0.98097,31,2,5.1,False
three,20,10297,52.71756,-2.74499,89,4,4.3,False
three,20,10313,51.36811,0.20614,23,7,5.2,False
three,20,10317,51.8578,-0.3811,83,7,5.7,False
three,20,10322,51.88496,-2.94424,179,2,7.6,False
three,20,10331,54.90894,-3.66295,94,2,6.3,False
three,20,10344,52.49984,-2.71537,367,2,9.2,False
three,20,10351,52.72549,-0.47887,21,2,4.4,False
three,20,10355,52.48331,-0.68617,24,2,5.2,False
three,20,10356,51.39146,0.46432,67,5,7.3,False
three,20,10363,53.01554,-1.03494,22,2,2.4,False
three,20,10366,52.77252,-2.30045,34,6,5.2,False
three,20,10374,53.50837,-2.56782,285,4,7.6,False
three,20,10375,53.87071,-2.73673,83,2,5.7,False
three,20,10382,53.15653,-2.45483,153,3,5.9,False
three,20,10387,51.29137,0.16358,136,19,5.8,False
three,20,10397,50.83091,-0.31448,134,2,5.3,False
three,20,10415,52.98367,-1.06445,33,2,6.8,False
three,20,10434,52.43375,-0.74477,119,8,7.0,False
three,20,10443,51.9747,-2.13861,138,4,7.7,False
three,20,10446,52.49384,-0.68126,118,6,6.7,False
three,20,10449,52.9928,-2.34322,30,5,5.1,False
three,20,10456,51.97471,-2.14181,40,2,5.4,False
three,20,10462,51.34444,0.98244,58,3,4.7,False
three,20,10469,51.5373,-0.03291,21,2,4.0,False
three,20,10481,53.48591,-0.91085,29,2,10.9,False
three,20,10499,53.91498,-2.75185,38,2,7.1,False
three,20,10502,53.59641,-0.33006,249,2,6.6,False
three,20,10528,53.45006,-2.67954,316,4,6.3,True
three,20,10540,52.50222,-1.87181,34,2,4.1,False
three,20,10549,50.74042,-0.8055,75,4,5.0,True
three,20,10550,53.24712,-2.56464,48,4,6.3,False
three,20,10559,50.56323,-3.54412,29,2,4.4,False
three,20,10568,55.2561,-3.41181,145,2,6.8,False
three,20,10571,52.23476,-0.62375,57,9,4.9,False
three,20,10574,54.23622,-1.30411,30,2,4.1,False
three,20,10580,52.9009,-1.86921,134,2,5.8,False
three,20,10582,51.0168,-0.0969,177,5,6.4,False
three,20,10583,53.73154,-0.86451,158,2,6.9,False
three,20,10587,54.1902,-1.34725,114,2,5.8,False
three,20,10592,53.19337,-2.90443,47,2,5.2,False
three,20,10596,54.15013,-1.27768,77,2,5.0,False
three,20,10602,54.61723,-2.69661,148,2,8.2,False
three,20,10609,52.66922,-2.75602,81,3,6.2,False
three,20,10611,52.58804,-4.07247,388,2,9.9,False
three,20,10615,52.88715,-2.71843,38,2,4.5,False
three,20,10622,54.3037,-1.4627,327,2,7.4,False
three,20,10626,53.35932,-2.86356,32,2,5.3,False
three,20,10630,52.99921,-2.42123,182,6,5.3,False
three,20,10639,53.25166,-2.61805,56,3,4.9,False
three,20,10641,50.81716,-0.36901,66,2,4.7,False
three,20,10658,51.86393,-0.18106,113,2,6.1,False
three,20,10669,52.87712,-2.6905,475,3,6.1,False
three,20,10670,53.16222,-1.3898,85,3,5.5,False
three,20,10685,51.58927,-1.34916,69,3,4.1,False
three,20,10692,52.31988,-2.05298,89,2,5.1,False
three,20,10699,53.46145,-2.96354,91,2,7.0,False
three,20,10712,51.00096,0.14745,43,2,4.8,False
three,20,10714,53.87477,-1.17209,106,2,7.0,False
three,20,10723,53.25086,-0.49768,31,2,5.6,False
three,20,10730,51.51262,-2.56333,28,2,2.7,True
three,20,10733,54.77267,-2.55459,202,4,8.7,False
three,20,10749,52.36873,-0.69614,246,8,5.5,False
three,20,10757,52.63785,-0.70675,77,2,5.9,False
three,20,10763,50.80346,-2.51219,202,2,6.8,False
three,20,10768,53.60042,-3.02672,74,2,5.0,False
three,20,10770,54.31058,-1.48961,62,2,5.6,False
three,20,10774,52.30073,-0.65723,97,9,6.8,False
three,20,10803,53.80341,-2.45999,75,2,5.4,False
three,20,10805,53.80699,-1.17018,70,3,4.7,False
three,20,10823,53.74657,-0.77963,156,2,6.4,True
three,20,10834,53.04008,-2.71921,66,6,5.4,False
three,20,10841,51.48363,-2.04333,236,3,5.3,False
three,20,10842,54.077,-2.81445,48,3,6.5,False
three,20,10863,51.44542,0.15961,22,5,4.5,False
three,20,10867,51.57092,-2.23413,21,2,5.0,False
three,20,10889,54.96972,-1.60591,132,3,7.1,False
three,20,10903,51.29718,1.06838,159,3,7.5,True
three,20,10904,53.34732,-2.74471,52,3,7.5,False
three,20,10921,52.56868,-0.64808,25,2,6.5,True
three,20,10928,53.90768,-1.19337,311,2,4.5,False
three,20,10943,52.52528,-0.91258,303,6,8.9,False
three,20,10953,50.81969,0.24523,75,2,7.1,False
three,20,10955,52.0174,-2.09743,70,2,4.8,False
three,20,10976,53.00186,-1.01479,90,2,5.2,False
three,20,11014,51.6093,-2.39127,27,2,6.1,False
three,20,11017,51.29738,0.38243,22,3,4.8,False
three,20,11043,51.12754,0.87031,89,7,5.5,False
three,20,11044,52.03066,-2.68156,50,2,5.2,False
three,20,11053,51.29569,0.18205,455,20,7.6,False
three,20,11063,51.54617,-0.09971,68,2,5.9,False
three,20,11080,52.45682,-0.78478,38,5,3.3,True
three,20,11096,51.85606,-2.22414,80,4,4.6,False
three,20,11101,52.88542,-1.48703,23,10,3.5,False
three,20,11104,51.3639,0.19859,71,6,10.3,False
three,20,11114,52.05629,-2.70504,104,2,5.3,False
three,20,11123,50.95288,-0.52679,56,2,4.8,False
three,20,11124,51.85395,-0.18803,54,2,4.7,False
three,20,11127,50.96421,-0.16945,85,4,7.3,False
three,20,11133,52.58767,-1.17129,35,2,4.2,False
three,20,11136,55.29672,-3.44171,55,2,6.1,False
three,20,11139,52.5669,-0.64792,123,4,6.6,False
three,20,11153,52.36674,-2.70986,114,2,6.5,False
three,20,11171,51.95404,-0.26168,183,2,6.7,False
three,20,11177,53.54065,-0.42984,105,2,7.7,False
three,20,11189,53.31519,-2.69035,223,5,8.3,False
three,20,11205,51.72378,-0.353,24,5,5.1,False
three,20,11206,52.74205,-2.57621,35,2,6.2,False
three,20,11220,52.7384,-2.71751,93,4,5.6,False
three,20,11221,55.49139,-4.41771,58,2,6.9,False
three,20,11237,53.91349,-1.14128,251,2,5.2,False
three,20,11246,51.33843,0.13216,70,17,4.6,True
three,20,11250,52.0685,-0.4536,30,7,4.5,False
three,20,11255,54.09429,-2.52149,153,2,6.3,False
three,20,11257,55.08202,-3.2333,93,2,8.8,False
three,20,11262,53.71987,-1.18042,226,3,7.2,False
three,20,11267,52.72926,-2.75802,106,4,7.0,False
three,20,11271,51.3924,-0.63198,74,2,5.5,False
three,20,11306,54.39764,-2.59054,651,4,10.7,False
three,20,11316,50.8575,0.47231,97,2,5.3,False
three,20,11317,51.41462,-0.55188,93,5,5.8,False
three,20,11326,54.73662,-3.40755,67,2,5.9,False
three,20,11328,53.56186,-1.30387,93,2,6.3,True
three,20,11336,51.22776,0.65377,47,3,4.8,False
three,20,11346,53.09738,-2.4528,44,7,4.5,True
three,20,11351,51.25378,1.35237,223,2,5.7,True
three,20,11361,52.30899,-2.72533,46,2,4.0,False
three,20,11371,52.68915,-0.44676,221,2,7.3,False
three,20,11380,52.80972,-1.91448,725,6,8.5,False
three,20,11382,53.19747,-2.46213,33,3,4.5,False
three,20,11384,53.19262,-2.47761,270,5,5.6,False
three,20,11393,51.2267,-0.54981,290,4,6.1,False
three,20,11395,53.00814,-2.36772,421,6,5.7,False
three,20,11403,51.26785,-2.18461,38,2,4.6,False
three,20,11404,51.52415,-0.18127,21,6,5.1,False
three,20,11415,51.40815,-0.14185,256,13,7.1,True
three,20,11453,54.74147,-1.58543,21,2,5.9,False
three,20,11465,52.7919,-1.70656,35,9,5.5,False
three,20,11466,52.70521,-0.46133,48,2,8.2,False
three,20,11471,53.0048,-1.01094,34,2,8.2,False
three,20,11474,53.73605,-0.35603,236,3,6.1,False
three,20,11482,52.44328,-0.82748,753,9,6.6,False
three,20,11484,51.54455,-0.14135,31,4,6.3,False
three,20,11498,52.83649,-1.3582,431,10,7.2,False
three,20,11501,52.56752,-0.65088,32,2,5.2,False
three,20,11502,55.08988,-3.32282,104,2,4.9,False
three,20,11506,52.80529,-2.56449,50,6,4.6,False
three,20,11508,53.76092,-0.65283,267,2,5.7,False
three,20,11530,54.15437,-2.61293,280,2,7.3,False
three,20,11568,54.74249,-2.70513,70,3,7.0,False
three,20,11573,52.2615,-0.62817,171,8,6.5,False
three,20,11585,50.88673,0.12466,800,22,6.9,False
three,20,11591,55.5925,-4.42581,125,2,5.1,False
three,20,11598,53.84575,-1.19541,51,3,4.6,True
three,20,11605,55.22042,-3.73073,63,2,6.6,False
three,20,11606,55.08989,-3.5474,232,3,7.6,False
three,20,11612,52.45811,-1.73681,25,2,3.2,False
three,20,11644,51.98126,-0.49966,135,6,5.8,False
three,20,11645,51.79507,-3.00054,190,2,7.0,False
three,20,11646,55.06417,-3.5652,80,2,6.6,False
three,20,11673,51.21716,-0.57999,143,4,9.4,False
three,20,11677,52.66615,-1.64642,20,5,5.3,False
three,20,11679,53.27368,-0.25475,55,2,4.2,False
three,20,11686,51.37877,0.96068,74,2,4.7,False
three,20,11715,53.17937,-2.48199,23,3,3.6,False
three,20,11722,53.63389,-3.01458,59,2,8.1,False
three,20,11731,55.59598,-4.42525,112,2,7.3,False
three,20,11742,53.63552,-1.33634,109,2,7.5,False
three,20,11749,51.90811,-0.22311,24,2,5.4,False
three,20,11761,52.54254,-2.77626,599,3,8.6,False
three,20,11763,51.4047,-0.72582,162,4,5.1,False
three,20,11781,51.33742,0.72006,124,6,4.7,False
three,20,11783,53.33916,-1.25428,35,2,7.3,False
three,20,11788,51.96125,-0.30017,49,2,4.2,False
three,20,11789,51.11595,0.53784,105,5,5.1,False
three,20,11807,51.49048,-0.40603,26,5,3.9,False
three,20,11812,51.96109,-2.1761,54,3,8.1,False
three,20,11814,52.70703,-2.74368,123,4,6.1,False
three,20,11822,53.94214,-1.14228,25,2,3.5,False
three,20,11826,51.29575,-0.34997,122,3,6.2,False
three,20,11830,52.70469,-2.64563,92,2,6.8,False
three,20,11834,53.18386,-0.50055,75,2,6.7,False
three,20,11840,52.73627,-1.89752,137,6,7.1,False
three,20,11842,52.4847,-0.69203,101,6,6.7,False
three,20,11849,50.76845,0.07946,49,2,3.9,False
three,20,11852,52.96207,-2.31147,298,9,8.5,False
three,20,11869,52.46008,-1.8533,105,3,4.7,True
three,20,11898,51.48525,-1.07311,378,3,5.9,False
three,20,11901,52.09824,-2.14352,203,4,6.9,False
three,20,11907,51.91181,-0.46434,20,6,3.0,False
three,20,11912,53.11624,-2.25268,272,9,7.8,False
three,20,11917,53.56943,-1.12558,37,5,11.1,False
three,20,11927,51.21967,0.33451,108,8,5.4,False
three,20,11929,52.89095,-1.26077,257,12,8.5,False
three,20,11944,53.06141,-1.3442,21,3,3.2,False
three,20,11962,52.77471,-0.51452,154,2,7.5,False
three,20,11967,54.08062,-1.08762,193,2,5.8,False
three,20,11979,54.01878,-1.20491,92,2,5.5,False
three,20,11981,51.30354,-0.34464,36,5,5.4,False
three,20,11989,53.66971,-1.2708,42,3,7.5,False
three,20,11995,51.35422,-0.50076,73,4,3.6,True
three,20,11996,52.84687,-0.58072,193,2,6.1,False
three,20,12015,51.29616,0.47631,38,4,5.7,False
three,20,12016,52.9957,-2.1917,135,3,8.9,False
three,20,12026,51.65414,-3.02154,167,2,9.2,False
three,20,12027,51.25303,-2.19075,56,3,5.7,False
three,20,12029,53.38778,-0.33641,122,2,9.8,False
three,20,12049,52.90848,-0.50887,176,2,5.6,False
three,20,12050,51.58176,-2.76928,101,3,8.7,False
three,20,12054,51.51918,-2.43249,49,2,5.3,True
three,20,12055,51.71782,-0.33742,67,7,5.4,False
three,20,12059,52.04988,-2.69669,35,2,4.5,False
three,20,12074,54.68083,-1.52815,126,2,5.6,False
three,20,12075,54.9171,-3.21954,239,2,8.1,False
three,20,12080,54.69777,-2.746,295,2,8.8,False
three,20,12086,55.66798,-4.55342,27,2,7.1,False
three,20,12123,55.45395,-4.24629,120,2,7.4,False
three,20,12140,51.28645,0.45464,73,4,7.7,False
three,20,12154,51.38266,1.30101,278,2,7.0,False
three,20,12157,53.73085,-0.68514,49,2,5.6,False
three,20,12191,51.96155,-0.64194,47,2,6.8,False
three,20,12218,54.02742,-2.85546,255,4,7.6,False
three,20,12230,51.36508,-2.13983,25,2,4.2,False
three,20,12247,51.07024,-0.39665,25,2,4.9,False
three,20,12250,52.71208,-2.59361,187,2,6.0,False
three,20,12256,51.2731,-0.44872,56,4,10.4,False
three,20,12265,51.46174,-0.90739,22,3,5.1,False
three,20,12270,51.46724,-0.34749,36,5,6.9,False
three,20,12290,51.3779,-0.00219,71,2,5.9,False
three,20,12299,53.32703,-2.6378,61,3,5.2,True
three,20,12315,52.59601,-1.38721,223,12,6.3,False
three,20,12316,52.878,-1.29148,330,12,6.7,False
three,20,12320,51.99644,-0.51407,53,6,6.1,False
three,20,12331,51.88019,-2.15067,60,3,5.8,False
three,20,12332,52.94449,-1.25931,26,2,5.9,False
three,20,12337,51.4543,0.00672,35,12,3.0,False
three,20,12339,53.59764,-0.84713,87,3,7.6,False
three,20,12340,52.79777,-2.08486,25,6,4.6,False
three,20,12367,53.35356,-2.90311,110,2,4.6,False
three,20,12370,51.28218,-0.50561,124,4,5.7,False
three,20,12378,51.5971,-1.20748,125,3,5.2,False
three,20,12385,54.96501,-1.62283,44,3,5.4,False
three,20,12389,52.50037,-1.87856,22,4,2.3,False
three,20,12406,52.34901,-1.97968,104,3,6.2,False
three,20,12414,53.37191,-1.36625,43,2,7.9,False
three,20,12429,51.35608,-0.21309,26,3,5.4,False
three,20,12432,54.21972,-2.75046,47,3,4.9,False
three,20,12438,51.48166,-0.01107,40,2,9.2,False
three,20,12443,51.85457,-0.6982,28,2,3.6,False
three,20,12465,54.87603,-1.5806,134,2,4.7,False
three,20,12469,52.86997,-0.626,115,2,7.0,False
three,20,12483,51.37129,-0.20683,468,8,6.3,False
three,20,12491,52.6994,-2.60309,68,4,5.0,False
three,20,12502,51.35557,0.92352,71,2,4.8,True
three,20,12512,51.08432,1.02003,192,4,7.3,False
three,20,12515,52.70593,-2.74258,603,4,8.5,False
three,20,12516,52.40019,-1.28271,54,2,4.8,True
three,20,12526,51.24688,-0.2318,27,4,7.0,False
three,20,12532,51.23375,0.88483,121,9,7.2,False
three,20,12533,55.4698,-4.2496,259,2,8.7,False
three,20,12538,53.07147,-0.88869,89,2,12.2,False
three,20,12539,54.97034,-3.0824,30,3,4.8,False
three,20,12541,51.02374,0.36113,48,3,6.1,False
three,20,12552,52.03629,-2.71793,105,2,5.9,False
three,20,12555,53.05207,-0.75431,119,3,6.3,False
three,20,12559,50.83597,-0.21046,46,2,4.4,False
three,20,12560,52.47688,-1.7732,26,2,7.7,False
three,20,12562,54.85517,-1.57545,45,2,8.6,False
three,20,12563,51.15247,-0.15908,56,5,7.9,False
three,20,12571,54.23646,-2.69002,69,2,7.0,False
three,20,12572,52.79272,-2.10756,183,8,7.9,False
three,20,12573,50.85122,-0.05393,197,5,5.8,False
three,20,12592,52.71592,-1.10615,99,11,5.7,False
three,20,12598,52.26194,-0.63696,44,5,4.3,False
three,20,12606,54.24971,-2.74908,21,3,4.6,False
three,20,12619,54.09545,-1.26656,77,2,6.8,False
three,20,12620,50.97937,-0.1175,123,5,5.2,False
three,20,12640,52.40952,-1.94276,104,3,8.4,False
three,20,12654,53.88019,-2.38976,93,2,4.9,False
three,20,12655,54.30062,-1.33658,139,2,4.2,False
three,20,12666,54.01153,-2.30962,356,3,8.6,True
three,20,12670,52.80747,-0.78108,32,3,3.4,False
three,20,12695,51.93707,-0.71067,219,2,6.0,False
three,20,12696,51.21935,-0.1646,26,5,5.9,False
three,20,12698,50.94531,-2.54281,27,2,6.4,False
three,20,12707,50.82952,-0.64456,366,2,7.4,False
three,20,12708,52.51156,-1.92472,100,2,8.1,False
three,20,12713,52.89519,-2.28037,108,6,5.4,False
three,20,12728,50.74536,-0.04806,61,5,4.6,False
three,20,12745,52.61629,-1.15456,23,4,3.5,False
three,20,12782,54.26176,-1.29208,31,2,4.8,False
three,20,12785,51.54754,-0.20396,60,5,3.7,True
three,20,12786,51.32697,-0.11817,393,11,7.5,False
three,20,12803,53.19394,-0.59697,36,2,4.1,False
three,20,12814,53.36849,-2.61948,71,4,5.7,False
three,20,12818,53.28598,-2.59987,144,4,5.1,False
three,20,12828,51.37846,-0.37939,62,2,5.9,False
three,20,12838,53.82877,-1.19267,27,3,4.3,True
three,20,12840,51.8384,-0.35419,227,6,5.3,False
three,20,12856,51.44578,-0.14426,122,8,5.4,False
three,20,12895,53.45282,-2.6129,39,2,4.9,False
three,20,12900,51.45898,-0.98217,21,4,5.4,False
three,20,12902,51.49468,-0.09855,83,15,10.6,False
three,20,12908,51.521,-0.1297,50,4,4.7,False
three,20,12909,51.66465,-0.39599,187,4,8.5,False
three,20,12913,51.48686,-0.0522,230,12,8.0,False
three,20,12924,51.45346,-0.17372,136,10,6.4,False
three,20,12945,51.27916,1.06896,55,3,5.8,False
three,20,12952,51.57986,-0.29783,154,4,6.9,False
three,20,12956,53.54597,-0.50229,255,2,8.3,False
three,20,12975,51.44199,-0.13404,27,5,3.7,False
three,20,12980,51.46002,-0.17132,115,12,7.0,False
three,20,12986,51.40336,0.65538,138,2,5.0,True
three,20,12998,53.38788,-2.93551,63,2,9.2,False
three,20,13001,51.4844,0.02003,31,2,3.5,False
three,20,13003,51.35682,-0.12045,30,8,4.2,False
three,20,13015,51.374,-0.09346,68,10,4.9,False
three,20,13020,51.4179,-1.07569,55,3,4.9,False
three,20,13032,53.39851,-2.92606,26,2,6.0,False
three,20,13045,51.41546,0.04074,157,18,5.0,True
three,20,13049,53.34282,-2.6525,69,2,5.7,False
three,20,13050,53.36654,-2.65582,29,4,5.6,False
three,20,13053,55.82457,-4.00532,247,5,6.9,False
three,20,13054,53.47431,-1.29564,72,5,5.5,False
three,20,13059,50.83738,-0.17513,247,2,7.3,False
three,20,13060,52.86073,-1.5244,70,11,5.0,False
three,20,13068,51.41052,-0.66626,280,2,7.0,False
three,20,13074,51.38343,0.36728,108,3,6.1,False
three,20,13076,50.72899,-3.52846,43,2,6.1,False
three,20,13115,51.65374,-0.27072,31,6,3.7,False
three,20,13134,51.58731,-0.11789,152,2,8.1,False
three,20,13138,55.98584,-4.70347,155,2,7.8,False
three,20,13140,51.49358,-0.06918,67,11,11.0,False
three,20,13142,52.36955,-1.20675,24,3,4.6,False
three,20,13144,51.4922,-0.07125,104,11,6.7,False
three,20,13151,53.23756,-1.42691,106,3,6.2,False
three,20,13157,51.54826,-0.08143,21,2,4.7,False
three,20,13160,51.40898,-0.02036,177,8,5.8,False
three,20,13170,52.47088,-1.75908,81,2,4.3,False
three,20,13180,51.52425,-0.71358,26,2,2.8,False
three,20,13183,53.70983,-1.09086,171,2,14.4,False
three,20,13187,52.38701,-2.78491,180,2,6.2,False
three,20,13195,52.0627,-2.7198,32,2,4.5,False
three,20,13197,51.47138,-0.06384,160,16,5.2,False
three,20,13204,51.50608,-0.08999,109,7,5.8,False
three,20,13232,53.74088,-0.35736,44,3,11.2,False
three,20,13236,53.77788,-2.71551,143,4,4.9,True
three,20,13240,51.50345,-0.10274,83,10,4.9,False
three,20,13267,51.49664,-0.10025,245,18,6.5,False
three,20,13271,53.51881,-1.14609,39,5,3.5,True
three,20,13279,51.50644,-0.08615,23,9,4.5,False
three,20,13282,50.83343,-0.18148,94,2,9.2,False
three,20,13283,53.44645,-1.34105,122,4,5.9,False
three,20,13286,51.51809,-0.26651,175,10,4.6,False
three,20,13287,51.52168,-0.24828,260,12,5.0,False
three,20,13289,51.4894,-0.27859,556,11,6.4,False
three,20,13301,51.48912,-0.15051,126,10,9.8,False
three,20,13307,51.47075,-0.17346,82,9,8.2,False
three,20,13308,51.49157,-0.14912,29,9,5.4,False
three,20,13309,51.5515,-0.19984,415,8,8.7,False
three,20,13310,51.54484,-0.186,80,6,3.7,True
three,20,13311,51.53889,-0.17945,133,7,7.1,False
three,20,13312,51.54242,-0.19063,39,8,4.5,False
three,20,13313,51.56724,-0.21786,31,4,6.6,True
three,20,13320,51.91061,-0.1942,21,2,6.1,False
three,20,13325,51.44886,-0.14167,95,7,5.7,True
three,20,13326,51.44148,-0.11005,567,13,8.1,True
three,20,13330,51.45588,-0.11178,39,14,5.1,False
three,20,13331,51.46371,-0.13395,193,18,6.4,False
three,20,13332,51.44519,-0.14455,58,8,4.5,False
three,20,13335,51.55497,-0.15972,189,8,8.1,False
three,20,13337,51.54303,-0.14986,216,3,8.5,True
three,20,13338,51.55122,-0.13792,109,8,9.6,False
three,20,13341,51.46897,-0.06435,77,16,6.2,True
three,20,13342,51.473,-0.09853,24,7,4.9,False
three,20,13343,51.46772,-0.06323,42,12,3.2,False
three,20,13344,51.47152,-0.07245,58,12,4.8,False
three,20,13345,51.46157,-0.09189,141,13,7.1,False
three,20,13348,51.48004,-0.10829,128,7,6.4,False
three,20,13350,51.48281,-0.10093,91,7,5.7,False
three,20,13352,51.53251,-0.14507,21,3,3.6,False
three,20,13354,51.55828,-0.12734,36,3,4.9,False
three,20,13357,51.4069,-0.00814,247,13,12.3,False
three,20,13409,55.83492,-4.24904,48,4,4.3,True
three,20,13424,51.5448,-0.10512,32,2,5.0,False
three,20,13487,51.5051,-0.10456,71,10,5.6,False
three,20,13489,51.50276,-0.08182,192,10,9.4,False
three,20,13490,51.50313,-0.078,35,10,4.4,False
three,20,13491,51.49036,-0.09032,122,7,5.9,False
three,20,13493,51.50355,-0.10022,54,11,6.6,True
three,20,13539,51.48706,-0.1213,39,6,3.9,False
three,20,13540,51.50295,-0.10265,202,12,8.1,False
three,20,13542,53.78038,-2.70661,291,4,5.1,True
three,20,13543,51.47328,-0.16042,252,18,6.7,False
three,20,13551,50.85611,-0.15217,86,4,6.3,False
three,20,13553,51.46048,0.18064,181,2,7.2,False
three,20,13555,51.27336,1.06823,122,3,14.5,True
three,20,13560,52.92656,-1.43506,172,10,6.3,False
three,20,13561,51.45058,0.21718,101,6,4.6,True
three,20,13576,51.50585,-0.78044,150,2,4.8,False
three,20,13579,53.63422,-1.30203,50,2,6.5,False
three,20,13581,51.73347,-0.46454,138,2,6.1,False
three,20,13592,52.53943,-0.60821,29,2,5.4,False
three,20,13593,51.45432,0.00642,232,16,6.0,True
three,20,13599,50.81943,-0.21508,235,2,9.5,False
three,20,13617,51.3931,0.11497,270,23,16.3,True
three,20,14143,53.75446,-0.79236,91,2,8.1,False
three,20,14149,51.24389,-0.27481,51,4,7.4,False
three,20,14154,53.75592,-0.63056,90,2,6.1,False
three,20,14160,54.1004,-1.16295,278,2,6.4,False
three,20,14171,51.35817,-0.22314,52,3,4.2,False
three,20,14172,51.35967,-0.09694,55,12,5.1,False
three,20,14173,51.44676,-0.06352,320,19,6.4,False
three,20,14174,51.46685,-0.33152,91,7,5.0,False
three,20,14191,52.57869,-1.99634,72,12,7.6,False
three,20,14199,52.44648,-1.71919,33,2,3.7,False
three,20,14205,51.56776,-0.23266,23,6,3.4,False
three,20,14213,53.48362,-1.29484,173,4,5.2,False
three,20,14216,53.42005,-1.40427,89,2,8.0,False
three,20,14231,52.52754,-1.78876,78,3,6.1,False
three,20,14234,53.54657,-1.09926,146,5,7.1,False
three,20,14239,53.73513,-0.37004,24,2,8.7,False
three,20,14240,54.19548,-2.81377,553,4,7.5,False
three,20,14241,51.43753,0.08605,75,5,11.4,False
three,20,14253,51.50783,-0.47149,103,2,7.1,False
three,20,25000,52.99463,-0.70616,37,3,5.9,False
three,20,49510,52.52273,-1.82309,22,6,4.0,True
three,20,49516,51.27842,0.51651,234,5,10.2,False
three,20,49518,54.96312,-1.62157,122,3,7.4,False
three,20,49521,51.38681,-0.15498,26,6,3.2,False
three,20,49523,51.37963,-0.09319,203,13,7.3,False
three,20,49528,52.5158,-1.89675,30,2,8.5,False
three,20,49552,51.39312,-0.13108,38,5,3.4,False
three,20,49554,51.45061,-0.40512,97,5,6.5,False
three,20,49557,52.60429,-1.13805,61,9,3.6,False
three,20,49559,51.41582,0.51679,347,6,9.4,False
three,20,49571,51.14319,0.85199,156,8,9.0,False
three,20,49574,53.41021,-2.9266,65,2,8.1,False
three,20,49587,51.49697,-3.17021,27,2,2.7,False
three,20,49588,52.57884,-1.99474,118,2,7.1,False
three,20,49589,53.34989,-2.87255,72,2,4.5,True
three,20,49590,53.02971,-2.19296,208,3,5.4,False
three,20,49591,51.5121,-0.26371,85,8,8.6,False
three,20,49597,52.49464,-1.85287,205,6,6.1,True
three,20,49607,53.58818,-0.69327,22,2,9.3,False
three,20,49625,51.47685,-3.16474,91,2,5.5,False
three,20,49644,51.60203,-0.34175,188,4,7.6,False
three,20,49648,53.43142,-2.94971,46,2,3.3,False
three,20,49650,52.4737,-1.87892,95,5,5.9,False
three,20,49672,51.54246,-0.2873,163,5,9.3,False
three,20,49677,52.59202,-2.12628,24,4,2.0,False
three,20,49697,55.81724,-4.3329,75,4,4.2,False
three,20,49709,53.44277,-2.98945,71,2,8.3,False
three,20,49712,53.43278,-2.9427,33,2,4.1,False
three,20,49728,53.3895,-1.42134,55,2,5.4,False
three,20,49737,52.59228,-1.9814,59,3,4.8,False
three,20,49738,52.58536,-2.0749,76,4,4.7,False
three,20,49744,52.51091,-1.79636,113,4,5.6,False
three,20,49748,51.42107,-0.04359,91,7,6.3,True
three,20,50035,50.77563,0.26268,99,3,6.9,False
three,20,50048,53.39356,-1.30189,66,2,6.2,False
three,20,50049,51.50847,-0.58163,74,2,7.0,False
three,20,50053,51.49609,-0.05986,126,11,6.1,False
three,20,50060,51.3431,-0.26326,181,3,4.8,False
three,20,50079,53.53301,-1.12601,88,5,4.8,False
three,20,50083,52.67805,-1.15498,177,11,5.8,False
three,20,50085,51.88183,-0.42456,134,7,5.7,False
three,20,50090,51.51503,-0.57131,21,2,2.2,False
three,20,50098,51.36295,-0.13965,58,4,3.6,False
three,20,50103,51.65895,-0.39233,28,3,1.7,False
three,20,50119,51.48625,0.09295,23,2,4.4,False
three,20,50122,51.40225,0.60882,37,3,3.8,False
three,20,50128,53.01758,-2.20234,37,2,2.1,False
three,20,50129,51.38638,-0.19932,31,4,5.6,False
three,20,50131,51.46784,-0.08142,293,17,7.1,False
three,20,50133,52.60187,-2.10871,76,4,6.3,False
three,20,50134,51.44633,0.17542,126,6,5.3,False
three,20,50135,52.63302,-1.11883,69,11,6.4,False
three,20,50141,51.38319,-0.08323,497,13,6.9,True
three,20,50144,54.34222,-1.48954,71,2,5.6,False
three,20,50156,51.44961,-2.57134,108,4,4.1,True
three,20,50159,52.65354,-1.11848,78,11,3.9,False
three,20,50172,56.84293,-5.10139,36,2,5.5,False
three,20,50176,51.71085,-4.33327,271,2,7.2,False
three,20,50177,56.41892,-4.60484,781,4,10.7,True
three,20,50178,52.5545,-1.01918,785,8,8.3,False
three,20,50182,55.97142,-4.03481,67,3,5.8,False
three,20,50191,53.07122,-0.83518,37,3,11.0,False
three,20,50199,52.19811,-2.14359,186,3,6.2,False
three,20,50211,52.51013,-1.87536,72,2,8.6,False
three,20,50216,55.8332,-4.10475,64,4,6.2,True
three,20,50222,52.49288,-1.94372,127,2,5.3,False
three,20,50223,52.52204,-1.77767,149,7,6.0,False
three,20,50225,51.57411,-3.8231,362,5,6.7,False
three,20,50227,53.65413,-2.65554,184,5,6.3,False
three,20,50229,51.69111,-2.36896,154,4,6.2,False
three,20,50242,53.42914,-1.41259,31,2,4.7,False
three,20,50253,51.21681,0.24292,102,18,3.5,False
three,20,50254,52.4004,-1.97397,44,3,3.8,False
three,20,50255,53.75273,-2.46885,39,3,7.7,False
three,20,50277,52.65596,-1.09142,46,11,2.6,False
three,20,50279,51.6534,-3.93082,93,4,6.1,False
three,20,50291,53.43758,-0.6686,80,2,4.7,False
three,20,50298,54.13132,-2.76599,302,4,8.6,False
three,20,50304,51.97501,-0.2689,99,2,5.7,False
three,20,50309,53.70588,-2.58079,105,4,4.1,False
three,20,50311,50.87685,-2.82493,307,2,9.2,True
three,20,50313,51.35679,0.66022,321,3,9.5,False
three,20,50323,51.11246,-0.20082,152,6,7.8,False
three,20,50336,53.38853,-1.4454,44,3,4.8,True
three,20,50340,51.59205,-0.24225,81,7,5.9,False
three,20,50342,52.76473,-1.18208,92,10,4.2,False
three,20,50348,52.56782,-2.00027,56,4,7.1,False
three,20,50357,55.84395,-4.00152,43,3,7.5,False
three,20,50363,53.11887,-0.85261,30,2,3.9,False
three,20,50375,51.47943,-0.32584,77,5,4.2,False
three,20,50376,53.21612,-0.52523,141,2,7.6,False
three,20,50381,53.39772,-1.43253,38,2,3.4,False
three,20,50389,51.35528,0.67018,74,2,6.2,False
three,20,50392,52.5286,-1.46285,97,3,4.9,False
three,20,50396,53.46265,-1.31656,23,3,3.4,False
three,20,50397,52.38772,-1.26207,39,3,4.4,False
three,20,50399,51.08866,1.13157,110,2,4.5,False
three,20,50403,51.14308,0.8329,153,8,7.4,False
three,20,50408,52.69267,-1.16254,52,8,5.2,False
three,20,50417,54.96874,-1.60515,22,3,6.6,False
three,20,50419,51.32717,-0.54203,55,2,6.2,False
three,20,50420,50.81913,-0.44212,90,2,5.1,False
three,20,50422,52.41916,-1.91465,35,3,5.7,False
three,20,50424,51.49922,-3.10899,74,2,3.8,False
three,20,50444,50.82198,0.31541,163,3,8.5,False
three,20,50449,55.81682,-4.22675,45,3,4.2,False
three,20,50460,52.37334,-1.26481,67,3,5.7,False
three,20,50461,51.52504,-2.44462,185,4,8.2,True
three,20,50462,51.51091,-2.55264,41,4,3.2,True
three,20,50463,52.71827,-2.74895,283,4,6.8,False
three,20,50467,54.56501,-1.31798,25,2,4.1,False
three,20,50474,52.58393,-2.12826,23,2,4.2,False
three,20,50488,51.74087,-0.33318,200,7,10.2,False
three,20,50489,51.41175,-0.12421,212,8,8.9,False
three,20,50503,52.51498,-1.71507,239,7,7.4,True
three,20,50509,55.80486,-3.99908,200,4,7.3,False
three,20,50511,51.45977,-1.01248,86,3,6.3,False
three,20,50514,54.58498,-1.33178,186,2,5.3,True
three,20,50530,51.36828,0.10212,339,20,6.0,False
three,20,50535,52.92468,-1.45521,33,5,4.8,True
three,20,50539,51.87391,-2.23266,34,3,2.3,False
three,20,50541,54.97548,-1.75812,42,3,10.0,False
three,20,50542,51.46416,-0.35662,272,7,6.3,False
three,20,50544,51.45944,-0.11027,212,19,7.1,False
three,20,50546,51.28788,0.53979,160,5,6.4,False
three,20,50555,52.81329,-2.13528,143,6,4.0,False
three,20,50556,51.48766,-0.09607,75,7,6.0,False
three,20,50571,51.65003,-0.38944,88,4,8.4,False
three,20,50585,51.54234,-0.27533,24,3,3.3,False
three,20,50588,53.55835,-1.21418,105,4,4.5,True
three,20,50594,53.81509,-2.73431,25,2,4.7,False
three,20,50600,51.81668,-2.9999,107,2,4.7,False
three,20,50603,51.66489,-3.90119,135,5,7.3,True
three,20,50612,52.69783,-1.09324,506,11,7.3,False
three,20,50620,51.87194,-0.39373,262,7,7.2,False
three,20,50624,52.33965,-0.63285,25,7,2.6,False
three,20,50633,51.45351,-0.00059,443,17,7.9,False
three,20,50636,55.86751,-4.30629,33,4,4.7,False
three,20,50651,51.40676,-0.2444,39,2,4.6,False
three,20,50652,55.84858,-4.02691,37,2,2.6,False
three,20,50654,51.51474,-2.56626,35,4,4.8,True
three,20,50656,55.81543,-4.19938,22,2,4.3,False
three,20,50661,52.95772,-1.18847,34,2,6.6,False
three,20,50665,52.72626,-2.14217,99,3,6.3,False
three,20,50685,53.55134,-2.63716,33,3,2.7,False
three,20,50686,52.5189,-1.78587,50,3,3.7,False
three,20,50688,55.63749,-4.5542,85,2,7.3,False
three,20,50693,53.95111,-2.24821,590,4,8.2,False
three,20,50696,53.27388,-2.59531,91,4,5.4,False
three,20,50710,51.71699,-0.3308,46,7,5.5,False
three,20,50712,53.80547,-2.46593,60,4,6.5,False
three,20,50716,53.56923,-0.34695,249,2,7.6,False
three,20,50728,56.42197,-4.81597,506,4,7.9,False
three,20,50733,54.77201,-1.60448,162,2,10.1,False
three,20,50736,51.26451,-2.15388,89,2,6.1,False
three,20,50737,50.78776,-0.67519,34,2,2.8,False
three,20,50738,52.48298,-1.86499,220,5,6.2,False
three,20,50741,52.7635,-1.91392,58,6,10.1,False
three,20,50759,52.28644,-1.00641,284,2,6.3,False
three,20,50777,51.26237,-0.75273,162,5,4.7,False
three,20,50778,51.48964,-0.30638,422,12,8.5,False
three,20,50780,51.05864,-0.14142,162,5,5.9,False
three,20,50783,52.60369,-1.57525,78,3,6.4,False
three,20,50784,52.08593,-0.51278,435,8,6.3,False
three,20,50788,50.7662,0.28454,63,3,3.9,False
three,20,50798,53.52804,-2.89467,42,2,3.6,False
three,20,50799,51.51987,-0.64319,54,2,4.7,False
three,20,50807,52.6499,-1.13029,20,10,2.9,False
three,20,50811,53.44783,-1.33432,61,4,4.5,False
three,20,50813,51.5271,-2.64421,109,3,6.0,False
three,20,50814,51.46515,-0.18806,304,13,4.6,False
three,20,50828,53.57763,-0.62113,90,2,5.7,False
three,20,50839,51.09359,0.99971,401,4,5.2,False
three,20,50853,51.96931,-2.11319,248,3,3.5,False
three,20,50862,51.4803,-3.19423,48,4,3.3,True
three,20,50867,51.65279,-4.05025,98,2,5.7,False
three,20,50877,53.90229,-1.22404,101,2,4.8,True
three,20,50886,53.12189,-2.45339,355,8,5.6,False
three,20,50891,51.27023,0.6118,50,3,6.2,False
three,20,50894,53.50442,-0.5465,269,2,7.1,False
three,20,50896,51.42027,-0.53544,403,6,7.8,False
three,20,50898,51.20892,0.25569,143,19,6.4,False
three,20,50901,51.25827,0.52489,207,5,5.2,True
three,20,50902,53.51552,-1.15888,92,5,6.5,False
three,20,50915,54.25115,-2.6606,229,4,7.1,False
three,20,50916,51.12336,0.85599,140,8,5.8,False
three,20,50923,53.43468,-2.98778,114,2,7.1,False
three,20,50928,54.19283,-1.22363,44,2,3.1,False
three,20,50934,52.62815,-1.66531,101,8,4.1,False
three,20,50943,55.82675,-4.31455,113,4,5.9,False
three,20,50952,51.87992,-0.20067,61,2,8.3,False
three,20,50953,52.57184,-2.03518,58,4,6.2,False
three,20,50958,53.52582,-1.16571,110,2,5.8,False
three,20,50972,53.78928,-1.05818,651,3,6.8,False
three,20,50977,53.72694,-0.58636,326,2,5.1,False
three,20,50978,52.02842,-2.67841,196,2,6.2,False
three,20,50981,53.80725,-2.46221,164,3,7.5,False
three,20,50989,53.53161,-1.144,214,5,7.1,False
three,20,50990,51.00126,0.02093,109,3,9.6,False
three,20,51012,53.71071,-0.52669,183,2,3.9,False
three,20,51015,52.67474,-3.08801,384,2,9.0,False
three,20,51016,52.6844,-2.7677,224,4,8.2,True
three,20,51023,50.80005,0.03331,220,3,10.6,False
three,20,51038,51.24589,0.42121,361,8,5.5,False
three,20,51050,51.49562,-0.31476,78,6,4.2,False
three,20,51061,51.43624,-1.00448,47,2,4.1,False
three,20,51062,53.45028,-1.34539,70,3,7.1,False
three,20,51072,51.56381,-0.21715,287,8,7.7,True
three,20,51079,50.79759,0.28153,144,3,6.7,False
three,20,51081,55.83676,-4.33921,23,2,3.4,False
three,20,51086,51.43983,-0.14727,105,6,9.6,False
three,20,51087,54.0707,-2.8739,22,2,3.5,False
three,20,51094,51.47079,-0.97481,320,4,5.4,False
three,20,51112,51.71897,-0.3163,51,7,3.2,False
three,20,51132,52.70193,-2.99183,252,4,8.0,False
three,20,51148,53.33405,-2.64531,24,3,5.0,False
three,20,51149,51.36026,-0.48445,137,4,8.1,True
three,20,51150,51.52146,-0.62436,105,2,8.4,False
three,20,51152,50.82771,-0.64343,31,2,11.0,False
three,20,51155,51.36551,-0.09228,119,14,6.1,False
three,20,51157,53.50664,-1.10851,29,2,3.4,True
three,20,51158,55.94288,-3.33832,23,2,2.4,False
three,20,51159,51.37952,-0.33324,185,3,6.0,False
three,20,51175,56.38675,-5.03691,376,2,8.6,False
three,20,51178,55.5757,-4.48675,30,2,6.4,False
three,20,51188,51.57914,-1.18152,147,3,5.1,False
three,20,51195,53.39366,-1.40205,28,2,4.2,False
three,20,51220,52.36095,-1.24328,194,3,5.3,False
three,20,51225,54.47495,-1.36393,226,2,6.7,False
three,20,51229,51.4068,-0.23448,60,2,7.0,False
three,20,51230,52.52496,-1.42831,59,2,7.4,False
three,20,51233,53.59585,-0.80995,268,3,5.9,False
three,20,51242,53.98468,-1.1271,116,2,4.8,False
three,20,51244,51.45478,0.19273,203,6,6.2,False
three,20,51246,52.47786,-1.77413,78,2,7.2,True
three,20,51247,52.5867,-1.178,30,2,4.8,False
three,20,51278,53.3529,-1.48472,79,2,7.8,False
three,20,51287,50.82506,-0.34868,155,2,6.3,False
three,20,51290,52.48083,-1.88649,39,2,4.1,False
three,20,51294,51.58568,-2.76737,310,3,7.1,False
three,20,51298,51.451,0.16636,77,6,6.7,False
three,20,51299,52.56236,-1.82721,27,4,2.9,False
three,20,51308,50.76901,0.28662,34,3,3.1,False
three,20,51335,53.3434,-2.63694,22,3,4.6,False
three,20,51336,51.26913,0.528,175,5,6.6,True
three,20,51361,51.41734,-0.07178,134,8,9.2,False
three,20,51364,55.83436,-4.20896,68,3,5.1,False
three,20,51375,51.06103,-0.32311,217,2,6.1,False
three,20,51377,53.73366,-0.38194,30,2,6.0,False
three,20,51382,51.49151,0.15161,68,2,6.5,False
three,20,51384,52.50687,-1.86689,30,2,3.5,False
three,20,51402,51.4566,-0.98497,132,4,5.1,False
three,20,51404,51.64154,-3.85659,50,5,4.7,False
three,20,51405,51.63792,-1.29176,38,2,4.9,False
three,20,51407,53.94218,-1.09531,36,2,3.0,False
three,20,51418,51.59052,-0.3232,55,4,5.4,False
three,20,51421,52.95538,-1.18963,65,2,5.6,True
three,20,51422,53.78324,-2.47698,343,3,10.6,False
three,20,51427,54.89977,-2.92853,259,6,6.6,False
three,20,51436,53.94721,-1.10988,27,2,4.4,False
three,20,51437,51.39366,0.11405,160,7,4.0,False
three,20,51442,51.40891,0.72372,93,2,7.9,False
three,20,51443,51.52993,-3.73593,81,4,8.1,False
three,20,51455,52.77055,-1.24604,320,10,11.7,False
three,20,51457,51.15228,-0.1601,32,5,4.2,False
three,20,51468,52.66564,-1.09418,134,11,4.9,False
three,20,51474,52.9853,-0.96521,22,2,9.3,False
three,20,51528,51.47828,-1.04372,39,3,5.4,False
three,20,51531,51.03585,-0.1231,136,5,5.7,False
three,20,51536,52.11714,-2.14918,209,3,6.2,False
three,20,51553,52.60848,-2.11961,142,4,6.5,False
three,20,51569,51.25239,-0.24703,71,6,6.0,False
three,20,51591,52.3522,-2.00221,96,3,6.2,False
three,20,51593,52.90337,-2.24539,509,6,7.7,False
three,20,51596,51.93151,-0.67873,193,2,7.3,False
three,20,51598,51.25069,-0.57571,112,4,5.4,True
three,20,51599,52.92382,-2.00172,141,2,5.3,False
three,20,51611,51.78291,-0.23765,49,5,8.6,False
three,20,51618,52.71763,-2.14263,73,3,4.9,False
three,20,51640,53.79506,-2.62058,70,5,4.9,False
three,20,51642,52.66409,-1.72365,63,3,3.6,False
three,20,51657,51.65413,-3.77778,48,4,4.7,False
three,20,51662,51.82289,-0.32917,31,7,3.5,False
three,20,51672,52.77272,-1.69353,23,7,4.5,False
three,20,51685,51.85369,-2.23426,39,4,3.0,False
three,20,51726,52.54099,-1.95808,29,2,4.7,False
three,20,51752,52.65888,-2.11958,44,3,7.4,False
three,20,51766,50.84455,-3.39152,36,2,5.4,False
three,20,51767,50.92268,-0.35198,124,2,6.1,False
three,20,51775,51.90976,-0.4717,22,4,2.7,False
three,20,51778,52.58127,-1.13422,221,7,6.5,False
three,20,51784,51.18328,-2.30718,183,2,7.4,False
three,20,51796,51.97047,-0.22318,24,2,3.9,False
three,20,51802,55.05136,-3.25951,345,4,9.9,False
three,20,51804,51.48969,-0.05532,82,12,5.6,False
three,20,51809,55.66439,-4.49523,149,2,6.7,False
three,20,51816,53.29614,-0.3522,67,2,5.4,False
three,20,51829,51.60002,-0.23854,33,7,5.1,False
three,20,51841,53.743,-2.70604,243,3,7.7,False
three,20,51867,51.18382,1.02402,25,2,6.6,False
three,20,51887,53.64306,-2.99677,90,2,6.1,False
three,20,51889,53.72141,-2.70879,149,4,6.2,True
three,20,51890,51.116,0.8815,237,6,10.0,False
three,20,51903,52.37552,-1.26545,46,3,4.8,False
three,20,51910,52.56047,-1.21086,164,2,7.5,False
three,20,51942,51.27909,-2.22628,162,2,7.5,False
three,20,51946,52.11121,-0.47837,86,2,8.0,False
three,20,51950,51.36992,-0.21222,115,7,6.7,False
three,20,51958,53.28944,-0.41959,73,2,9.6,False
three,20,51971,51.21725,-0.16443,286,10,8.4,False
three,20,51979,53.38164,-2.63052,22,4,2.4,False
three,20,51982,53.0063,-2.18604,134,3,7.6,False
three,20,51990,52.69513,-1.77346,943,12,6.7,True
three,20,51992,53.37759,-2.60556,195,4,4.8,False
three,20,51994,51.57249,-1.76671,27,3,2.8,False
three,20,51996,51.28144,1.08183,55,3,4.9,True
three,20,52002,52.98193,-1.28519,51,3,6.2,False
three,20,52007,55.82335,-4.08487,76,3,6.9,False
three,20,52008,51.53596,-1.87445,236,3,8.3,False
three,20,52009,52.78205,-1.65974,357,9,4.3,False
three,20,52017,51.89667,-0.43826,36,6,6.0,False
three,20,52018,51.90049,-0.41734,210,7,5.6,False
three,20,52023,50.78734,-0.66213,92,2,6.5,False
three,20,52030,53.76033,-2.45509,27,3,5.9,False
three,20,52057,51.35072,-0.2449,28,4,3.3,False
three,20,52059,52.75064,-1.94377,150,6,9.7,False
three,20,52060,51.46805,0.18568,125,2,6.3,False
three,20,52073,52.88633,-1.48049,61,7,3.8,False
three,20,52077,51.48735,0.15546,46,2,4.7,False
three,20,52079,51.51283,-3.59681,43,4,4.1,False
three,20,52081,53.45759,-2.99979,57,2,4.1,False
three,20,52088,51.13603,-0.16318,47,4,3.6,False
three,20,52089,51.11526,-0.18247,45,3,4.3,False
three,20,52097,53.23315,-0.46608,36,2,3.9,False
three,20,52098,52.4961,-1.85607,210,6,6.4,False
three,20,52099,55.82401,-4.28624,35,4,3.7,False
three,20,52127,52.56704,-2.11242,306,4,7.5,False
three,20,52132,50.82433,-0.51558,60,2,6.3,False
three,20,52135,52.51262,-1.39654,83,2,5.0,False
three,20,52140,52.58004,-2.04442,31,4,2.4,False
three,20,52143,51.19253,-2.32069,84,2,7.2,False
three,20,52162,51.30317,-0.31516,102,3,5.3,False
three,20,52175,51.5888,-2.99031,245,5,6.7,False
three,20,52179,51.99221,-0.65778,85,2,8.8,False
three,20,52181,52.9168,-1.43377,240,10,6.3,False
three,20,52186,54.3936,-1.52191,81,2,5.1,False
three,20,52187,51.4191,0.01463,202,16,7.5,False
three,20,52198,52.58333,-1.99098,22,4,4.4,False
three,20,52199,51.31411,-0.56405,31,3,4.9,False
three,20,52207,51.48201,-0.07142,42,11,3.1,True
three,20,52210,52.7007,-2.52273,124,2,8.0,True
three,20,52211,51.99521,-2.82307,201,2,5.0,False
three,20,52216,51.21692,-0.01821,20,4,2.9,False
three,20,52226,51.55332,-2.41797,193,4,6.6,False
three,20,52229,53.3939,-2.64972,90,4,4.7,False
three,20,52231,51.17005,-0.15648,299,5,8.5,False
three,20,52236,53.19873,-0.5901,25,2,2.5,False
three,20,52252,56.10093,-4.84593,49,2,4.4,False
three,20,52285,51.40968,-0.14745,34,7,3.0,False
three,20,52287,51.9975,-0.73846,37,2,3.7,False
three,20,52298,51.63239,-3.95485,46,4,6.0,False
three,20,52299,51.48233,-0.10095,69,7,6.8,False
three,20,52302,53.39726,-1.44224,64,3,7.0,False
three,20,52309,51.65844,-0.30357,31,7,3.6,False
three,20,52336,51.51016,-2.64936,43,2,5.0,False
three,20,52348,51.47833,-0.03179,152,11,9.6,False
three,20,52358,51.14599,0.8685,219,8,8.5,False
three,20,52363,51.90933,-0.21056,55,2,4.2,False
three,20,52364,51.74037,-0.32951,67,7,9.2,False
three,20,52365,52.52073,-1.76689,116,7,5.0,False
three,20,52369,51.474,-3.21625,137,4,4.3,False
three,20,52374,52.00213,-0.51261,138,7,5.8,False
three,20,52376,52.51421,-1.88722,87,2,5.1,False
three,20,52383,51.12867,0.89293,218,6,8.8,False
three,20,52387,55.8153,-4.32617,30,3,3.0,False
three,20,52397,52.4837,-1.85992,31,3,4.7,False
three,20,52401,51.26236,0.57257,27,3,5.5,False
three,20,52403,51.57927,-3.76907,154,5,7.3,False
three,20,52407,51.51881,-0.7258,68,2,5.8,False
three,20,52411,51.37474,-0.16957,73,7,6.3,False
three,20,52415,51.212,-0.14832,186,5,9.1,False
three,20,52429,51.55919,-2.61149,104,2,6.2,False
three,20,52430,51.17231,-0.16908,109,5,4.4,False
three,20,52443,51.54086,-0.27773,72,5,8.6,False
three,20,52450,51.45043,-2.5716,234,4,6.1,False
three,20,52455,51.50871,-2.55629,86,4,6.8,True
three,20,52457,51.38821,-0.19571,130,4,8.6,False
three,20,52459,51.38993,0.49968,111,6,8.6,False
three,20,52462,55.77529,-4.27493,72,2,5.1,False
three,20,52463,52.95077,-1.45008,51,4,4.4,False
three,20,52466,51.39827,0.01182,154,8,5.4,False
three,20,52475,53.22552,-0.55551,49,2,7.5,False
three,20,52495,56.2132,-4.69953,511,2,12.3,False
three,20,52498,51.87745,-0.19053,40,2,5.1,False
three,20,52505,51.9755,-2.74065,26,2,6.4,False
three,20,52506,53.52693,-1.14561,99,3,11.0,False
three,20,52508,53.07444,-2.41868,167,8,5.3,True
three,20,52516,51.75131,-2.30679,184,4,8.2,False
three,20,52518,52.58726,-3.86547,30,2,4.2,False
three,20,52520,51.94556,-0.54171,45,7,3.3,False
three,20,52523,53.55871,-1.08502,150,4,6.0,False
three,20,52528,51.40626,-3.52718,187,4,5.5,False
three,20,52531,51.24237,0.97541,94,3,7.1,False
three,20,52535,53.99393,-1.14174,20,2,3.2,False
three,20,52536,53.46652,-2.60876,29,3,2.1,True
three,20,52537,52.57734,-1.72903,60,6,6.8,False
three,20,52543,52.95209,-1.23558,53,2,5.1,False
three,20,52548,53.23629,-0.54409,65,2,4.0,True
three,20,52549,51.44379,-0.41729,27,2,4.8,False
three,20,52554,53.51859,-1.14364,121,5,7.6,False
three,20,52555,53.56635,-1.06912,109,4,6.9,False
three,20,52559,51.91406,-2.09081,60,3,4.3,False
three,20,52562,52.77625,-1.91548,153,6,8.8,False
three,20,52565,51.4802,-2.56377,49,3,5.1,False
three,20,52578,51.47356,-3.21173,88,4,5.9,False
three,20,52579,51.42309,-0.09017,64,7,7.9,False
three,20,52582,51.73495,-0.47053,66,2,4.1,False
three,20,52584,53.55521,-1.04951,122,5,10.1,False
three,20,52588,51.52153,-0.24357,625,13,9.5,False
three,20,52607,56.51691,-4.77274,488,3,8.0,False
three,20,52609,55.05394,-2.89356,1089,6,7.8,False
three,20,52611,54.37105,-2.6634,55,4,5.4,False
three,20,52612,51.42072,0.01698,466,22,8.1,False
three,20,52614,50.80966,-0.54213,159,4,11.4,False
three,20,52618,53.49284,-1.24612,86,3,6.8,False
three,20,52620,51.49052,0.01731,51,2,4.9,False
three,20,52621,51.48137,-0.3162,52,5,3.4,False
three,20,52626,51.25682,-0.07669,88,7,3.7,False
three,20,52627,55.55612,-3.69747,588,4,8.6,True
three,20,52629,53.59116,-2.5862,179,5,7.3,False
three,20,52630,56.82774,-5.04648,74,2,4.4,True
three,20,52640,53.03916,-2.73977,24,2,3.3,False
three,20,52643,53.25247,-1.43489,40,3,5.1,True
three,20,52650,51.63082,-3.89997,46,3,5.0,False
three,20,52652,52.58413,-2.06683,40,4,2.7,False
three,20,52656,51.48856,-0.27595,273,8,7.0,True
three,20,52665,51.13219,0.84985,91,7,6.9,False
three,20,52669,52.00586,-0.74973,72,2,4.4,False
three,20,52673,54.96313,-1.61966,48,3,5.3,False
three,20,52681,52.35604,-1.20022,217,3,5.2,False
three,20,52708,53.74728,-2.67995,64,5,4.7,False
three,20,52723,51.29428,-1.53713,135,3,6.1,False
three,20,52737,55.59206,-3.57702,73,3,6.7,False
three,20,52740,54.44522,-2.60733,21,3,2.2,False
three,20,52741,55.60703,-4.40359,52,2,7.0,False
three,20,52746,51.48806,-3.22405,207,4,6.4,False
three,20,52748,51.57338,-0.23107,39,2,4.7,False
three,20,52749,51.54587,-0.23792,24,5,3.3,False
three,20,52752,51.37655,0.01,63,2,5.0,False
three,20,52756,51.14233,0.83612,45,6,4.8,False
three,20,52774,52.62917,-2.12396,61,3,9.4,False
three,20,52779,53.40288,-2.59098,99,3,4.9,False
three,20,52790,51.46003,-0.96353,35,3,8.9,False
three,20,52802,50.95267,-2.58057,77,2,6.8,False
three,20,52806,52.81979,-2.13443,63,7,3.6,False
three,20,52813,55.81049,-3.96388,132,3,6.0,False
three,20,52814,51.37547,0.77893,44,6,6.0,False
three,20,52816,51.26251,0.58869,66,3,6.5,False
three,20,52820,53.54371,-1.30636,30,2,4.6,False
three,20,52824,51.25637,-0.55796,46,4,3.1,False
three,20,52828,53.53316,-1.14907,45,4,4.2,True
three,20,52845,51.42293,-0.07044,76,7,8.8,False
three,20,52851,51.50466,-0.07715,25,11,2.8,False
three,20,52856,51.73227,-0.3479,22,5,2.1,False
three,20,52858,52.65519,-1.65303,36,6,5.1,False
three,20,52859,52.70381,-2.53604,97,2,8.5,False
three,20,52862,52.7885,-2.10848,161,9,5.7,False
three,20,52866,51.59581,-3.79723,132,2,6.1,False
three,20,52876,51.24355,-0.53903,51,4,8.4,False
three,20,52889,51.31563,-0.55809,334,10,9.5,False
three,20,52891,55.85339,-4.26589,40,2,4.9,False
three,20,52902,51.88076,-2.20846,131,3,6.3,False
three,20,52911,53.04164,-0.75922,35,3,5.2,False
three,20,52920,51.47992,-0.05862,313,12,6.5,False
three,20,52937,51.44086,0.06065,151,6,8.4,False
three,20,52938,53.51399,-1.28245,48,4,11.8,False
three,20,52940,52.90008,-1.2212,81,2,4.7,False
three,20,52942,51.55468,-0.23723,56,4,6.1,False
three,20,52944,52.50776,-1.81905,110,4,5.8,False
three,20,52945,51.16092,0.90733,40,2,7.8,False
three,20,52948,51.94619,-0.47448,22,5,3.8,False
three,20,52954,53.39048,-2.60518,130,4,6.2,False
three,20,52955,51.51036,-2.55271,107,3,5.7,False
three,20,52960,55.81313,-4.25948,83,2,4.1,True
three,20,52966,55.61774,-3.73964,168,3,7.7,False
three,20,52967,55.42091,-4.24329,315,2,7.9,False
three,20,52971,51.43767,-0.44931,160,5,4.6,False
three,20,52972,54.61748,-2.63059,214,3,7.3,False
three,20,52976,50.81765,-0.36806,73,2,11.3,False
three,20,52977,53.55203,-2.63206,21,3,2.9,False
three,20,52978,52.61553,-1.67965,152,6,4.4,False
three,20,52985,52.23894,-0.90363,89,2,4.0,False
three,20,52988,52.00203,-0.73755,50,2,4.6,False
three,20,52990,51.79779,-2.25687,28,3,3.0,False
three,20,53001,52.60402,-1.67098,196,6,7.3,False
three,20,53012,52.96544,-1.08786,27,2,3.7,False
three,20,53015,52.9253,-1.28459,67,3,4.3,False
three,20,53016,51.38211,-0.01197,80,2,6.5,False
three,20,53028,55.84385,-3.50941,269,2,8.8,False
three,20,53043,51.44354,-0.48489,109,6,6.3,False
three,20,53065,51.44333,0.16968,59,6,6.5,False
three,20,53066,51.99104,-0.74284,103,2,4.8,False
three,20,53072,51.50032,-0.42897,177,2,4.6,False
three,20,53081,55.94755,-4.69843,355,2,7.4,True
three,20,53098,55.77803,-3.8553,40,2,5.1,False
three,20,53104,51.99854,-0.60937,66,2,7.0,False
three,20,53112,50.78966,-0.50669,106,2,10.6,False
three,20,53119,55.09443,-2.83071,613,5,7.6,False
three,20,53137,51.40915,-0.02328,62,3,7.3,False
three,20,53152,53.74616,-0.30728,112,2,7.9,False
three,20,53156,51.98731,-0.7244,116,2,5.6,False
three,20,53171,52.6228,-3.74556,235,2,6.7,False
three,20,53174,55.45414,-4.24457,32,2,4.2,False
three,20,53183,55.71594,-3.85921,69,2,6.6,False
three,20,53226,52.09243,-2.85768,142,2,6.1,False
three,20,53231,53.94324,-2.20271,974,6,7.4,False
three,20,53246,53.52818,-1.12675,88,5,5.7,False
three,20,53249,51.48051,-3.34759,110,5,6.5,True
three,20,53270,52.75834,-0.86363,480,3,7.1,False
three,20,53271,52.57929,-1.82691,80,4,7.4,False
three,20,53277,51.57488,-1.69032,35,2,4.8,False
three,20,53298,54.32932,-2.33189,277,3,10.0,False
three,20,53300,56.85282,-4.74766,227,2,5.0,False
three,20,53301,56.83901,-4.74018,47,2,3.5,False
three,20,53303,51.49891,-2.0329,40,3,5.3,False
three,20,53309,54.29867,-2.68653,494,5,8.0,False
three,20,53315,50.80366,-3.42424,113,2,4.1,False
three,20,53338,52.58089,-2.49621,788,5,6.6,False
three,20,53344,51.83161,-2.25574,211,4,6.1,False
three,20,53348,53.56594,-2.59597,51,2,7.7,False
three,20,53357,52.98259,-2.1335,51,3,3.8,False
three,20,53359,51.19028,-0.59662,38,4,3.3,True
three,20,53362,52.18153,-2.19839,23,4,3.5,False
three,20,53364,51.19786,0.17216,1071,20,5.7,False
three,20,53371,51.50808,-0.58454,90,3,8.0,False
three,20,53372,52.91153,-0.65462,68,2,4.6,False
three,20,53381,52.38932,-0.7427,158,9,4.6,False
three,20,53383,56.67727,-4.56707,242,2,5.8,False
three,20,53389,52.84433,-3.10609,616,4,7.7,False
three,20,53398,55.24093,-3.79779,315,2,7.6,False
three,20,53403,53.54238,-1.31716,38,2,9.5,False
three,20,53459,51.49022,0.15877,71,2,7.0,False
three,20,53471,55.49617,-4.40361,120,2,6.8,False
three,20,53476,52.60509,-1.93123,38,3,3.0,False
three,20,53489,51.51143,-2.4826,56,4,6.4,False
three,20,53490,51.7873,-2.96612,207,2,5.2,False
three,20,53498,51.53651,-1.84121,45,3,4.2,False
three,20,53500,51.67788,-1.95174,92,3,10.5,False
three,20,53502,51.56102,-1.80114,42,2,4.4,False
three,20,53507,52.90475,-0.64965,30,2,3.1,False
three,20,53512,55.61809,-4.4641,35,2,6.5,False
three,20,53514,50.84683,-2.98832,20,2,3.8,False
three,20,53528,51.45112,-0.36632,288,7,6.6,False
three,20,53537,52.52934,-1.77473,29,3,3.4,False
three,20,53544,52.17222,-2.71343,205,2,7.2,False
three,20,53582,51.08021,-0.15645,34,4,4.4,False
three,20,53586,55.03727,-3.50562,1939,6,9.1,False
three,20,53591,52.02522,-0.74713,28,2,3.4,False
three,20,53595,53.43248,-2.60951,79,3,5.8,False
three,20,53596,51.53987,-0.1277,198,6,9.6,False
three,20,53597,51.47773,-0.13805,368,16,11.2,False
three,20,53600,52.46049,-0.70086,122,8,6.1,False
three,20,53613,51.54362,-3.762,262,4,8.3,True
three,20,53614,53.56021,-0.7596,121,2,6.4,False
three,20,53629,51.13292,-0.33993,119,2,5.7,False
three,20,53631,54.89136,-1.63762,127,2,5.4,False
three,20,53639,52.88706,-1.27739,107,12,5.4,False
three,20,53641,51.34889,-0.48209,31,3,12.5,False
three,20,53644,54.7949,-1.58888,105,2,7.7,False
three,20,53647,51.46716,0.22608,43,5,6.0,False
three,20,53648,53.00176,-1.30489,33,6,4.1,False
three,20,53649,52.92616,-1.40678,46,9,3.3,False
three,20,53652,51.53788,-0.18698,59,3,7.9,False
three,20,53653,51.90376,-2.09413,138,3,5.9,False
three,20,53654,52.67533,-1.09017,27,10,3.6,False
three,20,53658,54.9054,-2.96426,132,4,5.6,True
three,20,53659,54.90067,-2.92219,155,5,6.0,False
three,20,53667,53.59886,-1.31595,57,2,5.2,False
three,20,53671,52.6355,-1.68321,226,8,7.6,False
three,20,53673,51.67614,-4.06641,169,2,8.4,False
three,20,53676,54.57818,-1.31646,59,2,5.0,False
three,20,53677,51.43134,-0.51265,194,6,6.0,False
three,20,53678,51.08448,1.14075,62,2,3.5,False
three,20,53687,51.49719,-0.34557,28,2,3.5,False
three,20,53694,53.74102,-2.48893,125,3,5.1,False
three,20,53699,51.44788,0.10006,98,5,3.8,False
three,20,53716,52.15409,-0.50389,348,9,5.3,False
three,20,53721,51.63523,-1.16025,200,3,5.9,False
three,20,53726,53.08298,-2.47557,108,3,6.8,False
three,20,53745,51.39425,0.18547,93,7,6.2,False
three,20,53748,51.38666,0.56322,131,2,7.4,False
three,20,53750,53.46859,-3.00961,33,2,5.0,False
three,20,53774,51.08878,0.3212,41,3,5.1,True
three,20,53786,54.8874,-2.93396,268,4,6.0,False
three,20,53796,53.44615,-2.93784,54,2,5.1,False
three,20,53798,51.4501,0.277,23,5,4.2,False
three,20,53805,51.39577,-0.09697,260,9,6.8,False
three,20,53812,51.44175,0.39404,269,6,6.9,False
three,20,53815,51.61027,-0.36569,41,4,3.1,False
three,20,53822,50.79288,-0.62592,94,2,7.3,False
three,20,53836,52.38817,-1.26416,201,3,5.3,False
three,20,53842,54.78891,-1.54271,82,2,4.7,False
three,20,53844,55.81141,-4.13758,42,4,4.3,False
three,20,53853,53.38187,-2.60488,32,3,2.6,False
three,20,53854,55.83517,-4.2112,28,3,2.9,False
three,20,53856,53.01494,-1.70419,111,3,8.3,False
three,20,53862,53.05262,-2.22599,190,4,5.6,False
three,20,53863,51.49576,-0.38617,40,2,6.6,False
three,20,53864,52.87384,-1.30594,91,11,8.1,False
three,20,53867,53.35763,-2.90378,51,2,5.4,False
three,20,53875,52.6499,-1.73478,93,7,7.0,False
three,20,53884,52.16174,-0.51559,214,9,5.7,False
three,20,53918,51.74361,-0.31753,243,7,8.2,False
three,20,53920,55.42614,-3.49836,337,2,9.2,False
three,20,53930,51.37865,-0.49874,194,4,5.1,False
three,20,53938,53.59021,-1.30439,102,2,7.9,False
three,20,53940,51.69787,-2.97676,347,2,6.8,False
three,20,53956,53.53039,-2.93623,68,2,8.8,False
three,20,53974,51.18526,0.57976,35,4,6.2,False
three,20,53975,51.90748,-0.45686,155,7,6.2,False
three,20,53976,53.42407,-2.93549,77,2,6.4,False
three,20,53985,53.62989,-0.95904,143,3,6.6,False
three,20,53986,53.46691,-1.09989,36,2,6.2,False
three,20,54019,53.26111,-2.61081,224,6,5.8,False
three,20,54033,51.40709,0.02022,516,23,7.2,False
three,20,54041,51.37697,0.73337,151,2,6.9,False
three,20,54045,51.24271,0.67816,265,3,4.8,False
three,20,54055,51.58849,-0.32493,157,4,7.9,False
three,20,54061,53.74736,-2.48262,27,3,3.9,False
three,20,54063,51.46762,-2.57486,47,3,5.6,False
three,20,54065,51.36988,0.09481,27,14,3.5,False
three,20,54066,51.41515,-0.06247,145,8,6.8,False
three,20,54077,51.41331,0.65409,104,3,7.8,False
three,20,54086,51.55034,-0.11836,48,2,4.5,False
three,20,54088,51.82226,-2.2499,110,4,5.0,False
three,20,54089,50.61687,-3.51593,121,2,4.5,False
three,20,54092,52.91104,-1.43879,29,12,4.1,False
three,20,54098,53.73835,-0.65753,35,2,15.6,False
three,20,54100,50.71274,-3.5373,30,2,4.0,False
three,20,54104,50.96206,-0.09783,392,5,15.6,False
three,20,54105,55.79145,-3.90331,62,2,5.8,False
three,20,54108,51.43365,-0.51758,191,6,5.3,False
three,20,54109,52.74403,-2.73524,26,4,3.2,False
three,20,54111,51.45021,-0.48348,80,5,8.3,False
three,20,54112,53.71494,-2.70226,194,5,7.5,False
three,20,54127,51.50197,-0.92003,36,2,3.9,False
three,20,54128,53.96075,-1.1096,105,2,4.5,False
three,20,54130,51.56765,-1.76966,162,3,4.5,False
three,20,54140,51.48472,-0.12283,77,7,8.2,False
three,20,54147,52.06001,-0.45036,97,7,3.4,False
three,20,54152,53.627,-3.03429,88,3,3.8,False
three,20,54154,52.44466,-2.84597,294,2,6.2,False
three,20,54155,52.81912,-2.11766,484,8,6.2,False
three,20,54161,51.54644,-0.24685,65,6,5.6,False
three,20,54200,55.65073,-4.52372,64,2,5.5,False
three,20,54205,51.54897,-2.13278,137,3,7.0,False
three,20,54206,51.45946,-1.00548,275,3,6.1,False
three,20,54212,52.85697,-2.72381,293,3,8.4,False
three,20,54216,51.53465,-2.00807,636,3,6.1,True
three,20,54217,51.19423,0.76971,537,5,9.5,True
three,20,54239,51.14929,-1.48137,80,2,5.9,False
three,20,54241,51.78569,-0.33482,104,7,4.2,False
three,20,54245,53.06125,-2.23716,90,4,8.6,False
three,20,54251,51.32689,-2.34955,100,4,6.0,False
three,20,54257,51.9312,-2.09426,68,4,3.8,False
three,20,54258,53.69694,-2.69089,32,3,4.5,False
three,20,54306,53.48945,-2.98122,281,2,8.5,False
three,20,54336,52.91618,-1.21138,52,6,4.1,False
three,20,54342,51.31961,1.25181,258,3,6.8,False
three,20,54345,52.47158,-1.87354,82,4,7.9,True
three,20,54347,51.40402,-0.65938,102,2,5.0,False
three,20,54360,53.7414,-2.70215,107,5,4.3,False
three,20,54367,52.69765,-2.49938,180,2,6.6,False
three,20,54370,53.4229,-0.34362,167,2,8.2,False
three,20,54390,51.29956,0.37664,295,3,8.6,False
three,20,54392,54.09897,-2.38746,237,2,9.3,False
three,20,54398,51.30611,-2.23897,168,2,8.2,False
three,20,54400,53.60324,-0.23655,412,2,8.9,False
three,20,54406,51.29046,-0.37387,314,4,6.3,False
three,20,54408,52.56442,-1.07937,235,7,8.1,False
three,20,54410,51.59705,-2.99373,229,5,8.4,False
three,20,54412,52.37312,-0.74182,305,9,7.3,False
three,20,54417,51.47697,-0.1854,132,10,4.5,False
three,20,54426,52.40033,-0.73106,373,9,9.1,False
three,20,54444,51.75362,-2.2521,31,4,5.8,False
three,20,54452,52.89777,-1.29537,258,13,6.5,False
three,20,54455,52.10771,-2.14347,24,3,5.8,False
three,20,54470,52.38173,-1.9345,34,3,4.0,False
three,20,54477,51.43978,-2.54003,91,3,6.8,False
three,20,54481,52.92767,-2.06418,62,2,4.8,False
three,20,54516,53.34922,-1.39212,103,2,6.1,False
three,20,54517,52.957,-1.28093,151,3,7.2,True
three,20,54542,51.0911,1.07545,201,4,6.9,False
three,20,54551,51.55866,-0.107,35,2,6.8,False
three,20,54573,51.71266,-0.44057,35,2,6.9,False
three,20,54585,53.77214,-0.65552,167,2,4.9,False
three,20,54590,51.99024,-0.26188,41,2,4.9,False
three,20,54596,54.9233,-2.92715,23,2,3.4,False
three,20,54597,52.78262,-1.21941,143,10,5.2,False
three,20,54607,52.55109,-1.828,20,4,2.1,False
three,20,54612,51.66411,-0.38544,132,4,6.1,False
three,20,54645,53.11899,-0.80607,205,3,5.2,True
three,20,54699,51.17938,0.44877,352,8,7.9,False
three,20,54703,51.36691,-0.47915,22,4,6.8,False
three,20,54764,50.89141,-2.88119,31,2,5.2,False
three,20,54770,53.04433,-2.47537,171,7,4.2,False
three,20,54777,51.20205,0.38862,52,9,5.7,False
three,20,54850,52.09298,-2.12857,119,4,5.6,False
three,20,54907,53.41534,-2.60732,148,3,5.4,False
three,20,54914,52.5882,-2.0957,29,3,5.1,False
three,20,85016,51.49891,-0.11338,22,12,3.9,True
three,20,85018,51.50373,-0.11278,28,2,14.6,False
three,20,85034,51.50605,-0.08588,24,10,5.3,False
vodafone,15,6,51.4841,-0.02532,62,10,6.9,False
vodafone,15,8,51.41526,-0.66376,31,2,3.4,False
vodafone,15,15,51.46553,-0.02479,54,14,6.0,False
vodafone,15,41,51.28525,-0.45918,43,3,6.3,False
vodafone,15,43,51.37311,0.20277,105,6,4.9,False
vodafone,15,44,51.33375,-0.26437,30,3,5.4,False
vodafone,15,46,51.25967,-0.14847,111,10,6.8,False
vodafone,15,47,51.28691,-0.33003,92,4,5.1,False
vodafone,15,51,51.45339,-0.33598,150,5,7.6,False
vodafone,15,53,51.37157,-0.16249,43,6,4.4,False
vodafone,15,59,51.40241,-0.13354,66,8,4.1,False
vodafone,15,61,51.41612,-0.13442,58,12,6.0,False
vodafone,15,69,51.23325,0.19678,134,19,5.3,False
vodafone,15,70,51.483,-0.19226,20,3,3.8,False
vodafone,15,71,51.36636,-0.12429,74,3,5.9,False
vodafone,15,73,51.40084,0.22135,52,3,5.8,False
vodafone,15,77,51.3936,-0.09922,79,9,8.4,False
vodafone,15,81,51.44624,-0.39834,34,3,3.9,False
vodafone,15,82,51.49529,0.16508,69,2,5.6,False
vodafone,15,84,51.38104,-0.30979,56,3,5.0,True
vodafone,15,103,52.47805,-1.90094,38,2,6.7,False
vodafone,15,143,52.47216,-1.87705,30,5,3.5,False
vodafone,15,170,51.43968,0.15942,46,5,6.6,False
vodafone,15,173,51.41093,0.00145,115,9,7.1,False
vodafone,15,196,51.444,-0.18085,73,7,4.1,False
vodafone,15,197,51.43333,-0.53038,101,6,4.9,False
vodafone,15,207,51.35466,-0.19061,93,7,6.6,False
vodafone,15,215,51.47696,0.01741,21,2,5.6,False
vodafone,15,261,52.58207,-2.03515,40,4,5.0,False
vodafone,15,266,55.8183,-4.16222,48,2,4.9,False
vodafone,15,298,51.47511,-0.14161,196,22,8.3,False
vodafone,15,300,51.3968,-0.54848,142,5,4.7,False
vodafone,15,303,51.46262,-0.04066,278,15,7.6,True
vodafone,15,308,51.48093,-0.13254,38,6,3.1,False
vodafone,15,310,51.48092,-0.0585,34,13,4.1,False
vodafone,15,327,51.4469,-0.41481,49,5,6.2,False
vodafone,15,372,51.2543,-0.49306,54,4,4.5,False
vodafone,15,375,51.43335,-0.104,24,7,5.4,False
vodafone,15,376,51.4312,-0.54405,49,5,6.2,False
vodafone,15,382,51.43325,-0.10019,57,7,5.2,False
vodafone,15,383,51.50515,-0.26296,79,7,6.7,False
vodafone,15,385,51.38696,0.07271,235,22,7.6,False
vodafone,15,388,51.49404,-0.05989,256,13,6.1,False
vodafone,15,389,51.4386,-0.05178,40,5,4.1,False
vodafone,15,390,51.42995,-0.02976,45,3,5.4,False
vodafone,15,394,51.46654,-0.3411,83,5,4.4,False
vodafone,15,396,51.50765,-0.09079,26,6,3.8,False
vodafone,15,398,51.44088,-0.15759,249,7,5.8,False
vodafone,15,401,51.33623,-0.11439,133,14,8.3,False
vodafone,15,410,51.22122,-0.16814,142,10,6.7,False
vodafone,15,412,51.47742,-0.05412,176,18,9.1,False
vodafone,15,413,51.47059,-0.07954,144,17,7.0,False
vodafone,15,414,51.44184,-0.03317,227,13,8.7,False
vodafone,15,418,51.47551,-0.26227,45,9,3.4,False
vodafone,15,419,51.45522,-0.36429,34,7,4.0,False
vodafone,15,424,52.58381,-1.96089,43,3,3.5,False
vodafone,15,425,52.57714,-1.67522,27,5,2.7,False
vodafone,15,427,51.28007,-0.47214,56,4,4.8,False
vodafone,15,445,52.52648,-1.82693,32,5,3.7,False
vodafone,15,461,51.39559,0.11247,26,8,4.9,False
vodafone,15,477,51.40918,0.01846,43,10,6.0,False
vodafone,15,479,51.41659,-0.12707,168,14,7.0,False
vodafone,15,484,51.2168,-0.05113,87,5,4.8,False
vodafone,15,493,51.37083,-0.16686,36,7,4.5,False
vodafone,15,505,52.56787,-1.80441,109,4,7.0,True
vodafone,15,518,51.37098,-0.15539,25,3,3.4,False
vodafone,15,542,52.48953,-1.8315,28,2,3.0,False
vodafone,15,545,52.41777,-1.92164,29,3,8.2,False
vodafone,15,551,53.4099,-2.92668,28,2,9.5,False
vodafone,15,559,52.58138,-2.05539,61,4,9.0,False
vodafone,15,560,52.60266,-2.12171,43,4,5.6,False
vodafone,15,564,52.46855,-1.8736,102,4,7.0,False
vodafone,15,565,52.59136,-2.12068,55,4,6.1,False
vodafone,15,572,55.83462,-4.29871,56,4,7.9,False
vodafone,15,577,51.30513,-0.07928,94,2,7.0,True
vodafone,15,581,51.43183,-0.18832,38,6,3.4,False
vodafone,15,584,51.32998,-0.28084,23,3,4.6,False
vodafone,15,588,51.3556,-0.21621,51,3,5.2,False
vodafone,15,589,51.38442,-0.08687,375,12,6.2,False
vodafone,15,591,51.29034,-0.15126,85,11,5.2,True
vodafone,15,592,51.46703,-0.24008,143,11,7.4,False
vodafone,15,598,51.18163,-0.01365,867,7,7.4,False
vodafone,15,599,51.11516,-0.2076,42,2,4.3,False
vodafone,15,605,51.36934,-0.1954,92,7,7.5,True
vodafone,15,608,51.42139,-0.14999,118,8,7.4,False
vodafone,15,609,51.47699,-0.25303,161,11,4.4,True
vodafone,15,618,51.43459,0.07111,112,5,6.2,False
vodafone,15,628,51.34273,-0.24491,64,3,4.4,False
vodafone,15,643,52.44406,-1.88652,34,3,8.5,False
vodafone,15,648,51.28861,-0.06001,30,2,3.8,False
vodafone,15,649,52.47043,-1.76227,26,2,6.2,True
vodafone,15,655,51.42818,-0.12062,38,9,5.2,False
vodafone,15,664,52.38341,-1.98416,46,3,6.3,False
vodafone,15,668,51.46293,-0.21915,133,11,7.3,False
vodafone,15,672,51.49801,-0.0781,72,12,7.0,False
vodafone,15,693,52.50774,-1.87119,62,2,6.7,False
vodafone,15,700,52.49681,-1.94117,21,2,5.8,False
vodafone,15,702,51.49443,-0.27978,64,8,5.9,False
vodafone,15,703,51.4358,-0.47849,89,5,6.2,False
vodafone,15,705,51.34695,-0.09898,126,13,7.7,False
vodafone,15,707,51.38151,-0.01535,37,2,7.2,False
vodafone,15,746,51.40161,-0.64602,64,2,5.2,False
vodafone,15,752,51.4503,0.21862,84,6,7.7,False
vodafone,15,779,55.82175,-4.18017,40,3,6.9,False
vodafone,15,795,51.3127,-0.44005,41,4,5.5,False
vodafone,15,799,51.47357,-0.25001,66,11,4.3,False
vodafone,15,804,51.45102,-0.02149,52,8,4.1,False
vodafone,15,806,55.84592,-4.10275,22,3,8.3,False
vodafone,15,848,51.3865,-0.17808,29,6,6.4,False
vodafone,15,849,51.43255,0.01564,70,15,6.3,False
vodafone,15,850,51.38325,0.07162,33,18,3.5,False
vodafone,15,855,55.80025,-4.41793,34,2,3.8,False
vodafone,15,863,51.37786,-0.00292,46,2,4.6,False
vodafone,15,873,51.43495,-0.1344,83,3,8.6,False
vodafone,15,877,51.42783,-0.05334,62,5,5.9,False
vodafone,15,878,51.30372,0.14665,33,15,3.5,False
vodafone,15,879,51.29192,0.1938,102,14,5.5,False
vodafone,15,882,51.42143,0.02157,47,14,4.9,False
vodafone,15,887,51.41292,-0.30289,21,3,5.1,False
vodafone,15,888,51.38461,-0.48412,90,4,4.0,False
vodafone,15,890,51.41346,-0.68939,45,2,4.4,True
vodafone,15,901,51.24402,-0.3304,50,4,4.3,False
vodafone,15,904,51.35186,0.11237,50,20,6.8,False
vodafone,15,908,51.31024,-0.1365,21,3,5.6,False
vodafone,15,912,51.43578,-0.10396,20,8,3.8,False
vodafone,15,915,51.29541,-0.35417,40,3,5.0,False
vodafone,15,925,53.45578,-2.98799,49,2,5.1,False
vodafone,15,933,55.81147,-4.38708,21,2,5.1,False
vodafone,15,939,51.27868,-0.43774,150,4,8.8,False
vodafone,15,940,51.39703,0.11372,34,7,4.1,False
vodafone,15,942,51.33983,-0.19857,34,2,5.7,False
vodafone,15,944,51.40013,0.07426,88,14,5.6,False
vodafone,15,952,51.38729,0.01548,90,11,4.4,False
vodafone,15,954,51.46564,-0.10174,314,18,7.6,False
vodafone,15,955,51.49048,-0.14755,49,10,4.4,False
vodafone,15,956,51.41022,-0.55429,93,5,4.5,False
vodafone,15,965,51.44897,-0.09583,56,6,5.1,False
vodafone,15,966,51.50098,-0.11281,23,8,3.5,False
vodafone,15,969,51.35068,-0.48352,164,4,5.3,False
vodafone,15,971,51.43635,0.17674,99,6,6.7,False
vodafone,15,973,51.42009,-0.01132,43,7,4.5,False
vodafone,15,987,51.37551,-0.1558,38,6,6.5,False
vodafone,15,998,51.39096,-0.02731,44,2,9.6,False
vodafone,15,1002,51.41889,-0.16649,22,5,3.0,False
vodafone,15,1003,51.46372,0.18592,79,2,5.5,False
vodafone,15,1006,51.33391,-0.10014,33,2,8.3,True
vodafone,15,1011,51.37068,-0.20294,63,5,4.9,True
vodafone,15,1012,51.37142,0.10215,125,23,6.9,False
vodafone,15,1033,51.32868,-0.21009,37,4,11.5,False
vodafone,15,1038,51.34479,-0.10285,140,13,5.8,False
vodafone,15,1039,51.2214,-0.13004,36,5,3.6,False
vodafone,15,1041,51.37398,-0.40766,36,2,7.2,False
vodafone,15,1042,51.29829,0.25051,188,10,9.0,False
vodafone,15,1045,51.43177,-0.12861,52,10,9.9,False
vodafone,15,1047,51.46438,-0.13352,81,18,6.2,False
vodafone,15,1048,51.49239,-0.19402,26,3,8.4,False
vodafone,15,1053,51.39963,0.11319,164,14,5.7,False
vodafone,15,1054,51.44505,-0.00228,24,12,3.4,False
vodafone,15,1066,51.4136,-0.07164,78,10,7.5,False
vodafone,15,1085,51.40179,-0.07493,192,9,7.5,False
vodafone,15,1089,51.50082,-0.08104,72,11,5.6,False
vodafone,15,1092,53.46546,-3.00833,32,2,6.3,False
vodafone,15,1107,51.40784,-0.21068,29,6,3.2,False
vodafone,15,1108,51.46538,-0.15393,45,12,5.4,False
vodafone,15,1120,52.59513,-2.1258,27,2,4.3,False
vodafone,15,1125,55.80965,-4.15577,32,2,5.8,False
vodafone,15,1129,51.39599,-0.19989,53,6,6.1,False
vodafone,15,1134,51.37214,-0.16283,36,7,3.1,False
vodafone,15,1140,52.50287,-1.87264,83,2,7.5,False
vodafone,15,1151,52.47494,-1.85918,68,6,6.3,False
vodafone,15,1161,52.47944,-1.88623,41,2,5.9,False
vodafone,15,1163,52.51507,-1.71079,79,4,5.3,False
vodafone,15,1177,52.57913,-1.98513,48,2,5.0,False
vodafone,15,1179,52.55988,-1.98916,28,4,3.9,False
vodafone,15,1182,51.28909,0.16622,22,6,4.6,False
vodafone,15,1186,51.23005,-0.28166,33,4,4.2,False
vodafone,15,1189,51.35859,-0.48624,34,4,5.0,False
vodafone,15,1191,51.25739,-0.00607,134,2,8.0,False
vodafone,15,1195,51.46004,-0.31346,49,5,4.7,False
vodafone,15,1204,51.46285,-0.11734,271,18,5.9,False
vodafone,15,1208,51.39166,-0.31329,54,3,5.0,False
vodafone,15,1209,51.44692,-0.08971,51,5,4.4,True
vodafone,15,1218,52.47245,-1.78898,32,2,3.9,False
vodafone,15,1219,51.28318,-0.41044,46,4,3.8,True
vodafone,15,1221,52.4837,-1.88906,31,2,7.8,False
vodafone,15,1239,51.33004,-0.53082,33,2,7.0,False
vodafone,15,1242,51.39587,-0.05092,99,5,6.4,False
vodafone,15,1243,51.39263,0.34937,33,3,4.8,False
vodafone,15,1244,51.50638,-0.09718,98,10,6.5,False
vodafone,15,1246,51.28928,-0.38409,78,4,10.2,False
vodafone,15,1250,51.45275,-0.38117,120,7,6.0,False
vodafone,15,1251,51.45318,-0.17893,31,7,3.9,False
vodafone,15,1253,51.21226,0.03112,202,7,8.7,False
vodafone,15,1255,51.38857,-0.50483,192,4,6.2,False
vodafone,15,1258,51.39074,-0.63297,54,2,4.5,False
vodafone,15,1259,51.18779,0.07295,839,7,9.6,True
vodafone,15,1261,51.37565,-0.33882,43,3,4.2,False
vodafone,15,1263,51.37501,-0.19804,41,4,5.7,False
vodafone,15,1264,51.3736,0.08741,106,22,5.8,False
vodafone,15,1267,51.44823,0.22344,63,5,5.4,False
vodafone,15,1270,51.40505,0.30678,83,3,7.1,False
vodafone,15,1274,51.38952,-0.38795,27,3,6.4,False
vodafone,15,1281,51.44009,0.0112,69,16,6.8,False
vodafone,15,1284,51.3317,-0.10009,37,2,4.1,False
vodafone,15,1285,51.29747,0.21457,170,19,7.7,False
vodafone,15,1307,53.44322,-2.95816,22,2,6.0,False
vodafone,15,1326,51.39425,-0.1607,88,6,4.9,False
vodafone,15,1331,51.49782,-0.2713,62,8,7.4,False
vodafone,15,1339,51.32335,-0.37565,32,4,3.2,False
vodafone,15,1340,51.45744,0.05468,107,5,3.7,False
vodafone,15,1344,51.46359,0.16198,24,2,2.7,False
vodafone,15,1346,51.38881,0.09716,24,7,6.6,False
vodafone,15,1359,52.51003,-1.88813,28,2,2.8,False
vodafone,15,1367,51.45979,-0.07737,32,3,3.2,False
vodafone,15,1368,51.38832,-0.06706,34,5,7.3,False
vodafone,15,1369,51.37945,-0.10893,52,8,5.7,False
vodafone,15,1373,52.48538,-1.80734,29,2,4.2,False
vodafone,15,1375,51.30771,0.16991,241,20,6.0,False
vodafone,15,1381,51.28864,0.16565,106,17,4.8,False
vodafone,15,1388,51.32659,-0.26617,47,2,4.1,True
vodafone,15,1389,51.40251,0.22143,31,3,8.3,False
vodafone,15,1396,51.41654,-0.13739,238,13,6.2,False
vodafone,15,1397,51.39712,-0.28288,24,2,4.4,False
vodafone,15,1398,51.4872,0.036,37,2,6.9,False
vodafone,15,1404,51.35628,-0.21536,58,7,5.7,False
vodafone,15,1412,51.48257,-0.04539,25,7,3.4,True
vodafone,15,1433,51.38526,-0.20008,45,4,6.9,False
vodafone,15,1434,51.38606,-0.15575,85,6,12.2,False
vodafone,15,1442,51.42545,-0.51128,100,6,6.1,False
vodafone,15,1452,51.49611,-0.10007,36,7,3.2,False
vodafone,15,1487,51.41198,-0.05406,398,13,7.7,False
vodafone,15,1489,51.23443,-0.26679,101,4,6.0,False
vodafone,15,1514,51.42176,-0.03572,97,13,6.1,False
vodafone,15,1519,51.46875,-0.15256,34,5,8.5,False
vodafone,15,1523,51.44198,-0.14493,93,7,5.7,False
vodafone,15,1525,51.39576,-0.13125,41,6,3.5,False
vodafone,15,1531,51.48357,-0.14639,87,9,5.8,False
vodafone,15,1545,51.29248,-0.35034,43,3,5.7,False
vodafone,15,1549,51.44416,-0.13352,63,7,5.4,True
vodafone,15,1557,51.24466,0.00284,283,7,9.6,False
vodafone,15,1562,51.43493,-0.01727,172,9,8.6,True
vodafone,15,1564,51.40652,-0.2501,45,5,5.8,False
vodafone,15,1589,55.82105,-4.1451,36,3,7.1,False
vodafone,15,1595,51.39853,-0.12144,68,8,3.2,False
vodafone,15,1601,51.41992,0.03731,22,8,2.1,False
vodafone,15,1603,51.4551,-0.37145,22,5,3.1,False
vodafone,15,1604,51.48237,-0.10184,38,6,3.6,False
vodafone,15,1687,51.23095,-0.00201,46,3,5.5,False
vodafone,15,1707,55.80305,-4.39296,20,2,5.7,False
vodafone,15,1721,51.49808,-0.07428,34,12,3.8,False
vodafone,15,1744,52.59736,-1.95993,28,3,3.6,False
vodafone,15,1756,51.55566,-1.12756,76,3,5.0,False
vodafone,15,1758,51.42919,0.02763,47,16,7.5,False
vodafone,15,1759,51.48978,-2.05311,97,3,5.9,False
vodafone,15,1760,51.51827,-1.97088,133,3,5.4,False
vodafone,15,1762,51.57499,-1.9197,167,3,6.4,False
vodafone,15,1767,52.42314,-1.92127,55,3,5.9,True
vodafone,15,1798,51.54003,-2.09919,175,3,6.6,False
vodafone,15,1799,51.2159,0.15973,27,5,3.7,False
vodafone,15,1812,51.6049,-1.23501,167,3,7.4,False
vodafone,15,1815,51.54852,-1.7916,91,3,5.2,False
vodafone,15,1816,51.54262,-1.95373,60,3,4.9,False
vodafone,15,1819,51.54329,-1.84206,37,3,6.6,False
vodafone,15,1829,51.54381,-1.82945,26,3,8.9,False
vodafone,15,1848,51.72776,-2.41913,29,4,2.9,False
vodafone,15,1849,51.5401,-2.25794,48,2,5.9,False
vodafone,15,1855,51.35282,-0.09315,22,10,4.8,True
vodafone,15,1858,51.4057,-0.07418,21,6,2.3,True
vodafone,15,1895,54.119,-2.79224,142,4,4.8,False
vodafone,15,1916,51.42202,-0.00899,62,7,4.1,False
vodafone,15,1917,51.41127,0.00236,65,8,4.1,False
vodafone,15,1955,51.4207,-0.18547,44,5,5.6,False
vodafone,15,2069,51.44871,-2.57124,74,3,5.7,True
vodafone,15,2080,51.66865,-0.29027,181,7,6.9,False
vodafone,15,2095,51.61389,-0.2484,85,7,5.9,False
vodafone,15,2101,51.46453,0.45962,168,6,7.1,False
vodafone,15,2111,51.4749,-0.26406,156,7,6.8,False
vodafone,15,2165,54.33174,-2.71959,56,4,9.6,False
vodafone,15,2229,53.74356,-0.36164,86,2,6.1,False
vodafone,15,2287,51.21154,-0.56295,107,4,6.2,False
vodafone,15,2294,51.56173,-1.11615,26,3,6.0,False
vodafone,15,2338,51.55267,-1.91523,115,3,9.3,False
vodafone,15,2344,51.22781,-0.55602,123,4,7.3,False
vodafone,15,2355,51.31192,-0.05386,180,14,4.9,False
vodafone,15,2449,53.48065,-3.03361,30,2,4.1,False
vodafone,15,2484,51.38977,-0.55857,63,5,5.9,False
vodafone,15,2501,51.13262,-0.15862,24,2,2.3,False
vodafone,15,2505,51.40491,-0.20275,59,4,8.1,False
vodafone,15,2509,51.01352,-0.44762,79,2,6.8,False
vodafone,15,2520,51.36443,-0.09659,142,13,5.9,False
vodafone,15,2522,51.24635,-0.57243,34,4,4.7,False
vodafone,15,2559,51.50139,-3.23059,21,2,3.6,False
vodafone,15,2563,51.60128,-1.12566,32,3,4.0,False
vodafone,15,2564,50.9268,-0.5248,152,2,6.6,False
vodafone,15,2565,51.36164,-0.24355,38,5,4.5,False
vodafone,15,2587,50.86578,-0.60215,130,4,6.6,False
vodafone,15,2635,53.55424,-3.07098,42,2,4.4,False
vodafone,15,2636,53.72494,-2.60572,22,3,4.9,False
vodafone,15,2648,53.60089,-3.04505,43,2,6.2,False
vodafone,15,2657,55.79694,-4.02343,49,3,7.1,False
vodafone,15,2661,51.38509,0.35982,62,3,6.3,False
vodafone,15,2670,53.58049,-3.06945,32,2,4.5,False
vodafone,15,2687,55.91584,-4.69908,75,2,7.0,False
vodafone,15,2688,51.08544,-0.28616,36,2,4.5,False
vodafone,15,2691,51.11535,-0.16445,40,4,8.8,False
vodafone,15,2694,51.09782,-0.24907,44,2,6.3,False
vodafone,15,2712,53.59219,-3.07149,38,2,4.9,False
vodafone,15,2733,51.48433,-1.07401,128,3,5.8,False
vodafone,15,2750,51.08689,-0.28597,73,2,6.2,False
vodafone,15,2769,51.17833,-0.15843,193,5,10.0,False
vodafone,15,2780,51.47935,-3.2119,53,4,6.1,False
vodafone,15,2788,51.2969,-0.07434,20,2,3.3,False
vodafone,15,2810,51.49976,-3.56223,30,4,6.2,False
vodafone,15,2811,51.57302,-3.78411,92,5,6.5,False
vodafone,15,2821,51.53672,-1.73641,32,3,4.9,False
vodafone,15,2833,51.50074,-0.10192,37,6,8.7,False
vodafone,15,2869,51.37435,-0.10523,20,8,7.0,True
vodafone,15,2872,53.42323,-2.93522,25,2,7.1,False
vodafone,15,2874,51.47687,-3.18603,55,4,5.7,False
vodafone,15,2886,51.58741,-2.99195,25,5,3.5,False
vodafone,15,2888,51.59597,-2.99648,25,4,3.4,False
vodafone,15,2908,53.28766,-2.57055,121,6,5.5,False
vodafone,15,2918,51.55186,-3.02108,46,4,4.0,True
vodafone,15,2923,51.53138,-3.73096,50,4,5.0,False
vodafone,15,2925,51.51128,-3.58779,32,3,5.9,False
vodafone,15,2932,51.2183,-0.44079,101,4,4.9,False
vodafone,15,2939,51.53485,-2.39407,29,2,1.9,False
vodafone,15,2947,51.40885,-0.2137,27,4,7.0,False
vodafone,15,2982,51.85124,-2.22023,23,4,3.8,False
vodafone,15,3010,51.51368,-3.5469,37,4,2.7,False
vodafone,15,3041,51.50177,-3.34339,54,4,4.7,False
vodafone,15,3051,51.49343,-3.14747,22,2,4.7,False
vodafone,15,3070,52.3151,-2.06058,44,2,4.0,False
vodafone,15,3077,53.19979,-2.50114,33,5,3.3,False
vodafone,15,3078,53.18748,-2.49772,68,5,6.2,False
vodafone,15,3085,51.67586,-3.91512,23,2,5.3,False
vodafone,15,3121,53.33388,-2.64364,35,5,7.9,False
vodafone,15,3145,53.77663,-2.71896,73,4,5.2,False
vodafone,15,3181,55.82214,-4.05771,59,3,7.0,False
vodafone,15,3185,53.69741,-2.68423,45,4,5.5,False
vodafone,15,3186,51.24099,-0.5778,25,4,5.1,False
vodafone,15,3204,53.75906,-2.70824,34,5,4.8,False
vodafone,15,3205,51.86144,-2.21754,61,4,8.2,False
vodafone,15,3233,53.75061,-2.50338,22,3,4.7,False
vodafone,15,3256,51.11728,-0.18851,129,3,5.2,False
vodafone,15,3257,51.61698,-3.81462,54,5,5.9,False
vodafone,15,3264,51.90073,-2.09704,37,2,3.1,False
vodafone,15,3273,51.82291,-2.23182,101,4,6.4,False
vodafone,15,3275,51.39513,-0.5189,37,4,2.6,False
vodafone,15,3281,51.64564,-3.84688,92,3,7.0,False
vodafone,15,3285,51.28835,0.30815,50,3,7.0,False
vodafone,15,3306,55.80037,-4.02029,22,3,3.8,False
vodafone,15,3322,51.43061,0.10503,21,5,3.6,False
vodafone,15,3323,51.47443,-1.04091,53,3,6.1,False
vodafone,15,3346,51.05001,-0.34625,163,2,4.5,False
vodafone,15,3353,53.76644,-2.7243,31,5,6.3,False
vodafone,15,3373,51.57812,-3.03509,46,2,3.9,False
vodafone,15,3376,51.46365,-0.00606,104,15,6.2,False
vodafone,15,3390,55.8533,-4.00226,29,2,4.8,False
vodafone,15,3436,51.46102,0.00127,94,18,7.0,False
vodafone,15,3437,51.16289,0.00942,140,7,7.0,False
vodafone,15,3446,51.30071,0.38529,62,3,9.3,False
vodafone,15,3457,51.68014,-3.98391,37,2,6.2,False
vodafone,15,3462,52.5317,-1.93844,36,2,5.9,False
vodafone,15,3476,51.19096,-0.16076,27,3,5.2,False
vodafone,15,3495,52.49031,-1.85886,103,6,5.9,False
vodafone,15,3501,51.05661,-0.36128,44,2,7.5,False
vodafone,15,3523,51.20412,-0.15986,39,5,7.3,False
vodafone,15,3526,51.20112,0.24429,189,19,4.1,False
vodafone,15,3538,53.25912,-2.67964,82,6,5.2,False
vodafone,15,3550,51.47955,-3.29526,20,4,3.0,False
vodafone,15,3553,51.59938,-3.79243,52,5,6.8,False
vodafone,15,3571,52.50315,-1.83811,100,6,6.1,False
vodafone,15,3586,51.45226,-0.02816,135,20,6.2,False
vodafone,15,3612,51.2994,0.31484,53,3,5.5,False
vodafone,15,3622,50.98606,-0.48652,292,2,6.8,False
vodafone,15,3634,51.22755,-0.11497,61,5,5.8,False
vodafone,15,3635,51.45991,-2.56329,45,3,6.4,False
vodafone,15,3642,53.08414,-2.46051,53,6,5.8,False
vodafone,15,3643,53.12763,-2.46641,35,5,3.0,False
vodafone,15,3651,53.09506,-2.44038,24,5,9.7,False
vodafone,15,3657,51.14885,-0.06027,63,2,5.7,False
vodafone,15,3705,51.98376,-2.12929,69,4,3.8,False
vodafone,15,3706,51.10398,-0.1569,148,8,5.7,False
vodafone,15,3710,52.93194,-2.02509,33,2,3.5,False
vodafone,15,3713,52.99724,-2.78031,32,4,6.0,False
vodafone,15,3744,55.83909,-4.26544,42,4,8.7,False
vodafone,15,3751,51.25396,-2.26202,52,2,4.6,False
vodafone,15,3795,52.04774,-2.1163,98,4,5.9,False
vodafone,15,3814,52.18463,-2.07153,47,3,4.1,False
vodafone,15,3817,53.11479,-2.52571,20,3,4.4,False
vodafone,15,3819,53.05719,-2.54075,35,2,4.0,False
vodafone,15,3836,51.40134,-0.56471,196,5,5.7,False
vodafone,15,3837,51.49579,-0.27618,36,5,5.4,False
vodafone,15,3840,51.48203,-3.22441,59,4,6.1,False
vodafone,15,3875,51.49821,-1.11395,88,3,6.8,False
vodafone,15,3881,51.91305,-2.09704,124,3,7.5,False
vodafone,15,3892,51.45692,-0.19464,34,11,3.0,False
vodafone,15,3897,53.33543,-2.66084,43,4,4.7,False
vodafone,15,3939,51.47071,-0.28033,72,5,5.6,False
vodafone,15,3942,51.21422,-0.0003,46,2,3.0,False
vodafone,15,3957,52.70603,-2.74685,76,4,6.8,False
vodafone,15,3978,53.08419,-2.43438,449,9,8.5,False
vodafone,15,3984,51.30059,0.39687,55,3,5.7,False
vodafone,15,4007,51.60747,-1.24364,84,3,5.0,False
vodafone,15,4017,53.73221,-2.51323,38,3,5.3,False
vodafone,15,4027,51.87018,-2.18753,38,4,6.2,False
vodafone,15,4038,53.45566,-2.63532,42,2,5.0,False
vodafone,15,4042,53.7943,-2.73107,79,3,4.1,False
vodafone,15,4045,51.44414,-2.58571,59,3,6.8,False
vodafone,15,4049,51.46509,-0.16788,83,16,7.3,False
vodafone,15,4052,51.15633,-0.00485,55,2,7.4,False
vodafone,15,4067,51.32258,-0.35619,26,5,4.1,False
vodafone,15,4091,53.0856,-2.24362,63,4,7.4,False
vodafone,15,4107,51.31259,-0.38578,51,4,4.1,False
vodafone,15,4115,51.2422,-0.17033,192,11,6.5,True
vodafone,15,4118,51.85114,-2.20942,37,4,3.3,False
vodafone,15,4144,51.19524,-0.44859,129,3,7.3,False
vodafone,15,4150,55.85024,-4.0681,35,4,4.8,False
vodafone,15,4157,51.59683,-1.20571,86,3,4.3,False
vodafone,15,4189,53.55934,-2.63733,64,4,6.9,False
vodafone,15,4199,51.4812,-0.12517,72,6,6.1,False
vodafone,15,4204,51.24845,-0.23088,35,4,6.6,False
vodafone,15,4210,51.45609,-0.31782,59,5,7.3,False
vodafone,15,4239,51.44732,-0.14241,47,7,3.4,True
vodafone,15,4247,51.62631,-1.24151,25,2,4.9,False
vodafone,15,4258,51.2129,0.25291,669,14,9.7,False
vodafone,15,4261,53.23085,-2.48719,89,6,5.1,False
vodafone,15,4267,51.23772,-0.1969,22,4,3.4,False
vodafone,15,4276,53.62285,-3.02433,29,2,5.7,False
vodafone,15,4279,53.68276,-2.68125,58,4,5.2,False
vodafone,15,4286,51.06401,-0.32118,131,2,6.8,False
vodafone,15,4287,51.81798,-2.22918,53,4,6.6,False
vodafone,15,4293,53.09839,-2.44295,67,6,7.0,False
vodafone,15,4310,51.47654,-3.52074,40,4,6.1,False
vodafone,15,4324,51.27287,-0.51012,39,4,5.9,False
vodafone,15,4326,53.37711,-2.60901,51,4,4.0,True
vodafone,15,4329,51.48686,-0.05143,176,12,6.4,False
vodafone,15,4342,52.69125,-2.45366,41,2,4.8,False
vodafone,15,4352,51.26979,-0.57345,25,4,4.5,False
vodafone,15,4358,51.18109,0.27339,73,15,5.6,False
vodafone,15,4365,51.24006,-0.17449,61,4,6.3,False
vodafone,15,4388,53.38754,-2.61886,40,4,3.9,False
vodafone,15,4403,50.92168,-0.49241,108,2,6.9,False
vodafone,15,4410,52.21137,-2.1905,27,2,6.4,False
vodafone,15,4423,52.0434,-2.70508,40,2,5.3,True
vodafone,15,4446,51.35346,-0.33157,33,5,4.1,False
vodafone,15,4447,51.34865,0.13006,39,16,3.4,False
vodafone,15,4448,51.44931,0.17504,50,6,5.7,False
vodafone,15,4452,51.40634,-0.06712,83,12,5.1,False
vodafone,15,4454,51.43767,0.08593,34,5,5.1,True
vodafone,15,4456,51.31608,-0.0772,174,2,7.2,False
vodafone,15,4463,55.81208,-3.96682,65,2,6.4,False
vodafone,15,4467,52.26518,-2.14193,101,2,6.2,False
vodafone,15,4495,51.32051,-0.55666,50,2,3.1,False
vodafone,15,4498,51.48921,0.1181,61,2,6.1,False
vodafone,15,4521,54.86812,-2.89921,41,3,4.9,False
vodafone,15,4528,55.25344,-3.41028,109,3,4.0,False
vodafone,15,4543,51.2394,-0.32719,40,4,6.1,False
vodafone,15,4575,51.49269,0.09998,47,2,4.2,False
vodafone,15,4585,51.36575,-0.4784,33,4,4.0,False
vodafone,15,4588,51.40505,0.05904,334,22,6.1,False
vodafone,15,4600,55.96933,-4.71462,49,2,4.8,False
vodafone,15,4616,51.31728,-0.14937,306,11,7.5,False
vodafone,15,4617,55.80874,-3.90508,24,2,5.0,False
vodafone,15,4624,51.58821,-3.783,63,5,5.0,False
vodafone,15,4632,51.19847,0.24765,767,21,6.0,True
vodafone,15,4642,51.24958,-0.15544,97,11,6.4,False
vodafone,15,4646,54.62098,-2.70611,52,2,7.6,False
vodafone,15,4651,54.99296,-3.0986,130,5,6.7,False
vodafone,15,4653,52.08669,-2.12331,28,4,6.2,False
vodafone,15,4656,53.09332,-2.30565,28,3,4.8,False
vodafone,15,4660,51.53937,-1.99329,181,3,6.5,False
vodafone,15,4662,51.46174,0.18017,47,8,7.1,False
vodafone,15,4668,53.75107,-2.71844,49,5,5.2,False
vodafone,15,4672,53.76588,-2.76627,66,2,6.0,False
vodafone,15,4680,51.66548,-3.80595,22,4,4.6,False
vodafone,15,4693,52.70422,-2.6998,35,3,4.3,False
vodafone,15,4711,55.0606,-3.31195,198,3,8.1,False
vodafone,15,4720,52.70626,-2.749,66,4,5.9,False
vodafone,15,4724,52.6482,-1.83901,68,2,7.9,False
vodafone,15,4730,55.7912,-4.40858,50,3,8.6,False
vodafone,15,4734,52.69849,-2.50077,30,2,5.4,False
vodafone,15,4742,51.38688,-0.15323,44,6,5.7,False
vodafone,15,4748,55.02544,-3.14132,94,6,5.9,False
vodafone,15,4756,55.66908,-3.61425,62,3,4.9,False
vodafone,15,4759,55.81263,-4.36031,34,2,4.5,False
vodafone,15,4763,51.50517,-3.5387,39,4,7.1,False
vodafone,15,4783,54.57073,-2.67929,72,2,7.7,False
vodafone,15,4801,55.30963,-3.44522,73,3,5.8,False
vodafone,15,4811,50.95738,-0.52026,160,2,7.5,False
vodafone,15,4834,51.53492,-3.46938,46,4,3.6,False
vodafone,15,4847,51.46157,-0.19168,62,11,6.0,False
vodafone,15,4864,55.41845,-3.58807,74,2,7.5,False
vodafone,15,4866,54.84412,-2.88276,36,2,5.8,False
vodafone,15,4869,55.47919,-3.68107,47,2,5.9,False
vodafone,15,4886,53.72881,-2.67454,62,3,7.1,False
vodafone,15,4895,52.11225,-2.6668,32,2,3.9,False
vodafone,15,4900,52.70208,-2.52545,78,2,8.2,False
vodafone,15,4941,51.07006,-0.34082,20,2,3.0,True
vodafone,15,4950,51.36749,-0.38992,25,2,3.5,False
vodafone,15,5037,51.28257,-0.08065,33,2,3.1,False
vodafone,15,5038,51.46201,-0.01093,24,9,6.8,False
vodafone,15,5039,53.8661,-2.41284,86,3,6.1,False
vodafone,15,5043,54.23593,-2.74612,58,4,4.9,False
vodafone,15,5050,51.46736,-0.28211,144,6,6.7,False
vodafone,15,5064,52.80225,-2.09382,37,6,4.7,False
vodafone,15,5068,51.21785,-0.5357,42,4,4.9,False
vodafone,15,5070,54.69015,-2.77748,54,2,5.3,False
vodafone,15,5079,55.05594,-3.55834,115,3,4.6,False
vodafone,15,5086,51.51801,-3.62159,70,4,7.3,False
vodafone,15,5090,51.52318,-3.50523,75,4,6.0,False
vodafone,15,5093,51.54589,-3.69006,26,4,4.1,False
vodafone,15,5102,54.79667,-2.88694,130,3,6.8,False
vodafone,15,5112,51.38391,-0.59343,86,2,5.7,False
vodafone,15,5119,52.52128,-1.70778,38,2,3.8,False
vodafone,15,5125,53.65985,-2.68712,41,4,4.4,False
vodafone,15,5126,51.50923,-2.55349,57,5,6.4,True
vodafone,15,5129,52.97263,-2.44732,94,8,5.1,False
vodafone,15,5132,52.79234,-2.1026,113,9,4.4,True
vodafone,15,5135,54.88415,-2.92213,161,5,7.7,False
vodafone,15,5138,51.22805,-0.34943,59,4,4.5,False
vodafone,15,5139,55.01579,-3.05881,109,5,6.3,False
vodafone,15,5142,51.52773,-3.41064,44,4,4.0,False
vodafone,15,5146,51.20974,0.0662,91,6,6.1,False
vodafone,15,5150,51.84558,-2.23755,38,4,3.9,False
vodafone,15,5156,54.71098,-2.83453,41,2,4.3,False
vodafone,15,5159,54.74481,-2.80771,76,2,3.4,False
vodafone,15,5176,51.95086,-2.10571,44,3,7.0,False
vodafone,15,5180,51.54592,-1.08131,264,3,9.2,False
vodafone,15,5197,51.48448,-3.15615,20,2,4.5,False
vodafone,15,5209,55.68593,-3.59645,43,3,6.3,False
vodafone,15,5231,51.50542,-4.19918,54,2,4.7,False
vodafone,15,5236,51.6518,-3.90747,37,3,3.5,False
vodafone,15,5238,52.05008,-2.70036,40,2,7.1,False
vodafone,15,5243,55.82333,-4.00187,82,5,5.2,True
vodafone,15,5247,52.82749,-2.12607,203,9,5.5,False
vodafone,15,5262,51.19736,-0.19497,69,6,6.3,False
vodafone,15,5267,55.59377,-3.6031,44,2,6.0,False
vodafone,15,5272,54.63801,-3.22032,107,2,5.6,False
vodafone,15,5291,53.66121,-2.67392,93,4,5.6,False
vodafone,15,5316,51.27864,0.18085,201,19,7.1,False
vodafone,15,5317,51.06621,-0.34007,37,2,5.2,False
vodafone,15,5326,52.52994,-2.05486,125,9,4.3,False
vodafone,15,5327,52.71751,-2.74948,42,3,5.8,False
vodafone,15,5340,51.48668,-0.09501,80,7,6.6,False
vodafone,15,5365,51.37582,-0.00644,35,2,5.4,False
vodafone,15,5373,51.42953,-0.08191,56,6,8.2,False
vodafone,15,5380,53.27648,-2.61414,115,5,6.1,False
vodafone,15,5384,52.67093,-2.12766,50,3,5.0,False
vodafone,15,5405,51.24333,-0.20082,34,2,4.6,False
vodafone,15,5412,54.98341,-3.31411,28,3,4.5,False
vodafone,15,5413,52.20889,-2.73348,169,2,8.1,True
vodafone,15,5421,53.06293,-2.41086,79,6,4.8,False
vodafone,15,5422,51.33626,-0.26788,59,5,4.8,False
vodafone,15,5426,54.38411,-2.62563,62,4,5.2,False
vodafone,15,5435,51.72051,-2.37512,36,4,5.4,False
vodafone,15,5438,53.1165,-2.44318,37,5,4.9,False
vodafone,15,5448,51.6864,-3.05194,165,2,6.1,False
vodafone,15,5454,52.73147,-2.73179,71,4,5.4,False
vodafone,15,5460,51.61793,-1.26227,38,2,2.8,False
vodafone,15,5461,52.02751,-2.10735,142,4,4.4,False
vodafone,15,5467,51.09179,-0.26802,48,2,5.2,False
vodafone,15,5468,51.45748,0.19599,145,6,7.7,False
vodafone,15,5470,53.06282,-2.5163,93,2,5.7,False
vodafone,15,5482,52.69166,-2.76759,32,3,6.7,False
vodafone,15,5522,51.24178,-0.57197,172,2,7.4,False
vodafone,15,5540,55.44183,-3.6586,51,2,4.9,False
vodafone,15,5543,51.42944,-0.13334,114,9,6.4,False
vodafone,15,5545,52.69256,-2.45126,32,2,5.5,False
vodafone,15,5548,55.4734,-3.66,28,2,5.1,False
vodafone,15,5560,52.78684,-2.09772,30,7,6.6,False
vodafone,15,5569,51.49904,-3.14016,25,2,4.9,False
vodafone,15,5575,55.79784,-4.00016,49,3,6.6,False
vodafone,15,5585,53.17449,-2.48979,35,5,3.6,False
vodafone,15,5608,51.19306,0.01126,161,7,7.0,False
vodafone,15,5621,52.0416,-2.72131,103,2,6.2,False
vodafone,15,5626,51.37135,-0.43116,33,2,4.4,False
vodafone,15,5643,55.47027,-4.2992,48,2,5.8,False
vodafone,15,5660,55.46741,-3.65123,21,2,6.4,False
vodafone,15,5663,55.39396,-3.53125,58,3,7.1,False
vodafone,15,5664,51.52981,-3.69172,68,4,6.8,False
vodafone,15,5671,53.86885,-2.39511,24,3,4.1,False
vodafone,15,5672,51.67816,-3.89702,43,4,7.2,False
vodafone,15,5673,51.18998,0.26342,102,9,5.3,False
vodafone,15,5675,53.42204,-2.69523,44,4,4.7,True
vodafone,15,5690,52.69488,-2.4708,29,2,4.6,False
vodafone,15,5696,54.80459,-2.77634,26,2,5.1,False
vodafone,15,5714,51.24651,-0.31793,29,4,5.0,False
vodafone,15,5730,51.47892,-0.1602,54,19,5.3,False
vodafone,15,5737,54.5613,-2.48924,112,4,9.0,False
vodafone,15,5738,55.51076,-3.70665,94,2,5.8,False
vodafone,15,5742,51.43755,-0.09743,64,10,4.0,False
vodafone,15,5781,55.40899,-4.24203,59,2,7.5,False
vodafone,15,5790,55.69527,-3.58023,46,3,4.0,True
vodafone,15,5794,51.6495,-3.79667,222,5,7.3,True
vodafone,15,5802,51.89076,-2.11301,56,4,6.3,False
vodafone,15,5807,52.04861,-2.7152,33,2,4.9,True
vodafone,15,5831,55.24372,-3.5322,154,3,7.6,False
vodafone,15,5833,51.61804,-2.43058,92,4,7.6,False
vodafone,15,5844,51.20014,0.24526,179,16,4.8,False
vodafone,15,5848,55.18178,-3.72909,88,2,6.9,False
vodafone,15,5877,54.16507,-2.80644,78,4,8.8,False
vodafone,15,5881,55.0228,-3.26005,119,3,6.3,False
vodafone,15,5893,51.63181,-3.93377,28,4,7.1,False
vodafone,15,5897,52.05607,-2.7033,44,2,7.7,False
vodafone,15,5899,51.24054,0.30362,148,8,4.8,False
vodafone,15,5913,52.77674,-2.73453,182,4,6.2,False
vodafone,15,5921,51.4994,-0.11653,46,6,5.4,False
vodafone,15,5940,54.63928,-2.75315,20,2,4.6,False
vodafone,15,5945,51.64225,-3.82934,89,4,6.1,False
vodafone,15,5965,51.50669,-0.12118,33,5,4.5,False
vodafone,15,5973,55.55821,-3.65708,109,2,6.7,False
vodafone,15,5983,51.17253,-0.15849,23,4,3.9,False
vodafone,15,5996,51.29848,-0.05701,20,2,5.1,False
vodafone,15,6003,51.1137,-0.18311,56,5,10.3,False
vodafone,15,6020,51.17075,0.18493,331,17,6.9,False
vodafone,15,6025,51.52692,-2.50705,69,5,4.1,False
vodafone,15,6036,55.10213,-3.44626,326,5,6.8,False
vodafone,15,6038,52.74305,-2.7292,123,4,7.0,False
vodafone,15,6039,51.45223,-3.18069,56,5,5.2,False
vodafone,15,6047,52.54212,-1.79818,40,3,4.3,False
vodafone,15,6054,54.61462,-2.70806,87,4,6.9,False
vodafone,15,6059,51.49224,-3.47299,149,4,6.4,False
vodafone,15,6076,51.11587,-0.15569,122,5,7.0,False
vodafone,15,6078,51.42807,-0.13203,60,13,5.8,False
vodafone,15,6080,51.44434,-0.0149,175,12,6.6,False
vodafone,15,6082,51.33406,-0.12625,101,12,8.1,False
vodafone,15,6134,53.60355,-2.65079,40,4,6.2,False
vodafone,15,6137,52.29971,-2.088,77,2,6.1,False
vodafone,15,6161,51.83579,-2.99185,95,2,5.3,False
vodafone,15,6241,55.78882,-3.97713,37,2,5.8,False
vodafone,15,6247,54.89924,-2.94988,30,5,3.4,False
vodafone,15,6256,50.72111,-3.54268,70,2,5.9,False
vodafone,15,6264,51.23415,-1.24146,29,2,8.9,False
vodafone,15,6269,51.24269,-0.33767,161,4,6.0,False
vodafone,15,6272,51.39978,0.00399,66,9,5.4,False
vodafone,15,6277,51.99498,-2.78697,63,2,8.1,False
vodafone,15,6282,55.47028,-4.24608,70,2,8.3,False
vodafone,15,6287,51.15948,-0.14243,25,5,3.3,False
vodafone,15,6295,51.29904,-0.40394,33,4,4.7,False
vodafone,15,6302,52.84502,-1.87613,36,4,4.9,False
vodafone,15,6311,53.12245,-2.45262,101,5,5.3,False
vodafone,15,6325,52.68191,-2.75622,72,3,4.9,False
vodafone,15,6331,51.37483,-0.10613,59,10,6.0,False
vodafone,15,6332,51.08198,-0.16174,76,9,4.7,False
vodafone,15,6384,52.86766,-2.70264,161,2,6.9,False
vodafone,15,6395,51.50506,-0.09395,32,7,4.8,False
vodafone,15,6403,51.44334,-0.14172,20,3,1.8,True
vodafone,15,6428,51.71232,-2.39474,136,4,6.4,False
vodafone,15,6442,53.76905,-2.48037,37,3,5.9,False
vodafone,15,6468,53.06905,-2.56027,62,2,3.9,False
vodafone,15,6480,53.06903,-2.47178,84,2,6.1,False
vodafone,15,6481,53.03948,-2.53187,52,2,4.9,False
vodafone,15,6499,53.15776,-2.45968,119,5,5.9,False
vodafone,15,6528,53.73101,-2.53573,24,3,4.1,False
vodafone,15,6533,52.0695,-2.71631,52,2,6.0,False
vodafone,15,6538,51.67869,-4.01479,64,2,4.0,False
vodafone,15,6540,51.31803,-0.1404,298,11,10.7,False
vodafone,15,6545,51.48238,-0.037,42,9,6.4,False
vodafone,15,6549,51.36281,-0.16654,50,6,5.4,True
vodafone,15,6565,52.33548,-1.96816,60,3,6.0,False
vodafone,15,6574,51.50616,-0.09539,72,7,7.8,False
vodafone,15,6594,55.74581,-3.84452,65,2,6.1,False
vodafone,15,6621,51.58549,-3.90186,47,5,6.3,False
vodafone,15,6629,54.98259,-3.26397,142,3,5.8,False
vodafone,15,6635,51.62319,-3.81916,51,5,5.2,False
vodafone,15,6654,53.8801,-2.38853,71,3,6.2,False
vodafone,15,6690,53.09555,-2.2831,49,3,6.2,False
vodafone,15,6701,50.95136,-0.51879,20,2,4.1,False
vodafone,15,6702,51.97031,-2.11355,45,4,3.6,False
vodafone,15,6704,51.15556,-0.15881,185,5,7.5,False
vodafone,15,6707,51.36587,0.10013,72,19,5.2,False
vodafone,15,6709,51.19392,0.27649,367,21,6.6,False
vodafone,15,6710,51.39523,-0.29828,25,3,2.8,False
vodafone,15,6718,51.23311,-0.16674,115,10,7.1,False
vodafone,15,6720,51.35764,-0.16819,56,3,7.0,False
vodafone,15,6727,55.97561,-4.68436,24,2,6.9,False
vodafone,15,6765,55.82636,-4.31746,25,3,4.3,False
vodafone,15,6785,51.60203,-2.97347,91,5,8.6,False
vodafone,15,6789,54.36251,-2.66643,110,4,6.7,False
vodafone,15,6808,51.53285,-3.67795,100,4,7.2,False
vodafone,15,6809,51.5792,-2.97305,64,3,4.4,False
vodafone,15,6816,51.66816,-3.90574,25,5,5.0,False
vodafone,15,6826,51.32568,-0.54079,22,2,5.7,False
vodafone,15,6830,51.37626,-0.10852,33,5,5.4,False
vodafone,15,6838,53.75117,-2.46671,41,3,6.2,False
vodafone,15,6848,51.46541,-0.16911,140,18,6.9,False
vodafone,15,6852,55.07913,-3.23835,128,3,7.2,False
vodafone,15,6876,51.93385,-2.84385,187,2,6.9,False
vodafone,15,6879,51.39241,-0.59536,23,2,4.7,False
vodafone,15,6889,54.6782,-3.54219,36,2,6.0,False
vodafone,15,6940,52.60138,-1.89841,97,4,7.7,False
vodafone,15,6956,52.37198,-2.75005,70,2,4.6,False
vodafone,15,6967,52.6846,-1.79818,128,9,5.7,True
vodafone,15,6970,51.28919,0.18209,173,20,5.8,False
vodafone,15,6974,51.67249,-4.08505,23,2,4.3,False
vodafone,15,6975,53.35736,-2.87994,46,2,8.4,False
vodafone,15,6981,55.47609,-4.23743,50,2,5.5,False
vodafone,15,6988,51.25291,-2.18646,51,2,4.6,False
vodafone,15,6991,51.23471,-0.17262,75,10,7.1,False
vodafone,15,7024,51.66113,-3.80593,61,5,6.2,False
vodafone,15,7036,55.61515,-4.50298,38,2,5.4,False
vodafone,15,7039,51.43331,-0.50961,314,6,6.8,False
vodafone,15,7042,55.6794,-4.51375,53,2,5.6,False
vodafone,15,7089,51.4798,-0.04999,120,12,8.8,False
vodafone,15,7098,51.39318,0.21896,64,7,8.7,False
vodafone,15,7099,51.47425,-0.17978,31,13,3.8,False
vodafone,15,7119,51.36363,-0.67503,47,2,6.3,False
vodafone,15,7128,53.03243,-2.38973,96,5,5.6,False
vodafone,15,7139,51.45594,-0.11063,29,8,3.3,True
vodafone,15,7140,51.42539,-0.17596,110,7,5.9,False
vodafone,15,7146,51.43822,0.08666,39,5,3.8,False
vodafone,15,7153,53.03921,-2.19754,33,4,4.2,False
vodafone,15,7157,51.31593,-0.36282,60,3,6.3,True
vodafone,15,7160,51.4707,-0.16976,52,3,5.0,False
vodafone,15,7164,52.41434,-2.75425,178,2,6.2,False
vodafone,15,7172,52.71328,-2.74976,84,4,5.5,False
vodafone,15,7181,53.2728,-2.63976,60,5,6.0,False
vodafone,15,7183,54.08492,-2.80133,95,4,5.9,False
vodafone,15,7184,55.4567,-4.24357,51,2,9.5,False
vodafone,15,7185,51.48682,-3.54814,21,4,4.7,False
vodafone,15,7193,51.45429,-1.03051,134,3,5.1,False
vodafone,15,7196,51.44165,-0.0514,39,6,5.5,False
vodafone,15,7207,52.70813,-2.70216,73,2,6.7,False
vodafone,15,7223,51.24374,-0.27302,29,3,5.1,False
vodafone,15,7227,52.12358,-2.16489,31,3,4.5,False
vodafone,15,7231,55.69269,-3.67716,27,2,4.6,False
vodafone,15,7235,50.71697,-3.5498,66,2,6.8,False
vodafone,15,7240,51.32497,-0.35234,115,4,5.0,False
vodafone,15,7244,54.40487,-2.5956,53,3,5.0,False
vodafone,15,7253,55.2837,-3.42336,52,3,5.0,False
vodafone,15,7255,55.15886,-3.39761,34,2,4.4,False
vodafone,15,7283,51.50051,-0.09973,48,7,6.5,False
vodafone,15,7286,52.88771,-2.19399,54,5,4.0,False
vodafone,15,7292,51.34394,-0.19643,23,2,4.5,False
vodafone,15,7297,51.37826,-0.36169,63,3,7.3,False
vodafone,15,7310,53.96494,-2.78596,31,3,5.2,False
vodafone,15,7312,52.83187,-1.95075,200,6,9.0,False
vodafone,15,7317,56.01204,-4.74434,29,2,7.9,False
vodafone,15,7337,53.77889,-2.78046,20,2,5.3,False
vodafone,15,7348,54.13389,-2.29149,174,2,8.9,False
vodafone,15,7377,54.18162,-2.74106,55,4,7.6,False
vodafone,15,7387,54.23211,-2.81598,87,4,7.1,False
vodafone,15,7393,51.3998,-0.20038,51,5,7.7,False
vodafone,15,7414,52.72839,-2.75607,48,2,6.3,False
vodafone,15,7419,51.42196,-0.51376,25,5,4.9,False
vodafone,15,7423,51.46157,0.18811,111,6,7.8,False
vodafone,15,7440,54.51202,-2.45382,32,2,6.4,False
vodafone,15,7441,54.45011,-2.34529,117,2,9.0,False
vodafone,15,7442,53.00863,-2.65913,22,2,3.8,False
vodafone,15,7467,51.66459,-3.90031,60,5,6.7,True
vodafone,15,7470,53.96326,-2.77319,40,3,6.1,False
vodafone,15,7474,51.42164,-0.04315,119,8,6.9,False
vodafone,15,7504,51.86519,-2.20709,50,4,5.2,False
vodafone,15,7509,51.40035,0.03613,72,9,6.4,False
vodafone,15,7515,52.69055,-2.759,37,3,4.5,True
vodafone,15,7516,52.30729,-2.73346,110,2,5.7,False
vodafone,15,7529,55.49973,-4.40121,72,2,7.5,False
vodafone,15,7530,51.87214,-2.1902,69,4,5.8,False
vodafone,15,7537,51.5609,-2.60309,71,3,3.0,False
vodafone,15,7543,54.91805,-2.96825,89,5,4.7,False
vodafone,15,7560,51.4028,0.00947,251,11,8.3,False
vodafone,15,7562,51.36055,-0.45632,65,4,8.7,False
vodafone,15,7571,55.68175,-3.65579,88,3,6.0,True
vodafone,15,7577,52.88086,-2.7462,111,2,4.7,False
vodafone,15,7578,51.54943,-2.17946,93,2,5.8,False
vodafone,15,7589,53.21224,-2.50981,133,6,4.8,False
vodafone,15,7601,56.05677,-4.79243,26,2,7.1,False
vodafone,15,7603,53.91252,-2.75909,57,3,9.6,False
vodafone,15,7612,55.50144,-4.35134,42,2,6.4,False
vodafone,15,7633,54.58745,-2.70905,96,2,7.3,False
vodafone,15,7635,54.38956,-2.62875,152,4,8.6,False
vodafone,15,7650,51.58747,-2.77933,85,3,5.7,False
vodafone,15,7660,51.37865,-0.08996,30,11,3.5,False
vodafone,15,7686,55.47896,-4.27623,51,2,7.6,False
vodafone,15,7694,54.56894,-2.66976,37,2,8.8,False
vodafone,15,7698,51.77659,-3.09616,178,2,8.1,False
vodafone,15,7701,51.39191,0.41465,61,6,5.0,False
vodafone,15,7703,51.34827,0.26668,484,20,7.2,False
vodafone,15,7706,51.81931,-2.26791,26,4,3.9,False
vodafone,15,7709,51.83601,-2.25203,86,4,5.8,False
vodafone,15,7711,51.1111,0.16084,23,2,4.2,False
vodafone,15,7712,51.2959,0.31828,174,5,6.5,False
vodafone,15,7720,51.4181,-0.15539,65,7,5.2,False
vodafone,15,7721,51.39143,0.13206,52,7,4.4,False
vodafone,15,7738,55.82409,-4.08859,48,3,5.8,False
vodafone,15,7739,51.39216,0.01115,23,5,4.8,False
vodafone,15,7754,51.3896,0.1749,125,7,5.6,True
vodafone,15,7769,51.43834,-0.45582,153,5,6.1,False
vodafone,15,7771,51.31339,-0.38117,30,4,4.4,False
vodafone,15,7772,52.23766,-2.72949,85,2,6.6,False
vodafone,15,7777,53.07935,-2.44085,64,6,5.7,False
vodafone,15,7795,51.37715,0.07277,92,19,4.2,False
vodafone,15,7799,51.45926,-0.07917,57,3,6.5,False
vodafone,15,7803,51.37109,-0.35945,27,3,4.6,True
vodafone,15,7806,51.41543,-0.05346,78,8,5.0,False
vodafone,15,7819,51.42638,-0.09174,83,9,5.9,False
vodafone,15,7839,55.81653,-4.02118,42,3,7.4,False
vodafone,15,7840,52.52697,-1.70576,101,7,5.3,False
vodafone,15,7852,51.4974,-0.06157,34,12,2.6,False
vodafone,15,7855,52.68341,-2.78345,23,3,4.9,False
vodafone,15,7858,54.55829,-2.49516,21,2,3.4,False
vodafone,15,7895,51.41702,0.01169,24,12,3.1,False
vodafone,15,7903,51.46783,0.18301,54,2,6.2,False
vodafone,15,7918,51.40582,-0.01698,25,2,3.9,False
vodafone,15,7924,55.51166,-4.39545,36,2,5.2,False
vodafone,15,7937,54.42063,-2.60019,34,2,6.1,False
vodafone,15,7978,51.49501,-0.14355,33,10,6.8,False
vodafone,15,7981,51.46326,-0.17287,287,17,7.6,False
vodafone,15,8012,52.00042,-2.10873,73,4,6.1,False
vodafone,15,8013,51.39438,-0.07891,72,8,5.1,False
vodafone,15,8017,51.44919,-0.35668,49,5,5.1,False
vodafone,15,8031,51.97125,-2.86764,31,2,3.8,False
vodafone,15,8032,51.21456,0.00354,110,4,7.1,False
vodafone,15,8034,51.49209,-0.11256,45,11,3.2,True
vodafone,15,8036,52.63674,-2.13353,40,3,5.8,False
vodafone,15,8040,51.47511,-0.17525,29,5,5.0,False
vodafone,15,8068,52.68186,-1.8271,116,8,8.7,False
vodafone,15,8069,51.45105,-2.56949,75,4,6.3,False
vodafone,15,8084,51.24408,-0.21423,40,4,4.8,False
vodafone,15,8095,53.01478,-2.1593,52,3,6.2,False
vodafone,15,8105,51.25701,-0.52927,76,4,6.5,False
vodafone,15,8112,52.71755,-2.56236,22,2,4.9,False
vodafone,15,8115,53.99105,-2.1434,21,3,6.2,False
vodafone,15,8116,55.60327,-4.42474,27,2,6.0,False
vodafone,15,8120,55.98214,-4.7342,57,2,6.6,False
vodafone,15,8122,54.92774,-2.97928,115,5,5.4,False
vodafone,15,8123,53.20768,-2.50935,38,5,4.1,False
vodafone,15,8125,51.90356,-3.01448,134,2,7.3,False
vodafone,15,8127,51.40572,-0.65638,57,2,5.1,False
vodafone,15,8136,51.12423,-0.15861,168,5,5.8,False
vodafone,15,8138,53.0764,-2.44437,32,5,3.8,False
vodafone,15,8158,55.57708,-4.55649,20,2,5.9,False
vodafone,15,8189,54.06827,-2.28539,154,4,7.8,False
vodafone,15,8208,53.10196,-2.43876,61,6,7.8,False
vodafone,15,8211,51.66097,-3.84255,52,4,5.1,False
vodafone,15,8212,52.69057,-2.98407,62,2,6.1,False
vodafone,15,8222,52.94064,-2.65548,84,2,6.9,False
vodafone,15,8223,54.46341,-2.612,106,3,8.6,False
vodafone,15,8237,54.31527,-2.72256,76,4,8.5,False
vodafone,15,8241,52.81927,-2.56506,43,2,6.0,False
vodafone,15,8246,51.58744,-2.98247,60,6,3.5,False
vodafone,15,8252,54.89192,-2.94028,117,6,6.8,False
vodafone,15,8285,55.81428,-3.97781,42,2,4.7,False
vodafone,15,8287,51.48913,-2.56507,63,3,3.8,True
vodafone,15,8311,55.42987,-3.64589,59,2,6.8,False
vodafone,15,8323,53.89765,-2.34801,98,3,8.0,False
vodafone,15,8325,52.37873,-2.72236,86,2,5.7,False
vodafone,15,8342,51.99811,-2.79809,96,2,4.3,False
vodafone,15,8348,51.49545,-0.14369,51,7,4.4,False
vodafone,15,8358,55.19195,-3.40658,68,3,7.0,False
vodafone,15,8367,54.265,-2.81368,36,4,6.6,False
vodafone,15,8369,51.40344,0.24574,43,4,5.1,False
vodafone,15,8372,52.76039,-1.92565,317,6,6.6,False
vodafone,15,8387,51.55907,-0.21484,285,6,8.2,False
vodafone,15,8391,52.64165,-2.7763,181,4,7.4,False
vodafone,15,8396,54.82213,-2.77846,37,2,9.0,False
vodafone,15,8438,53.02058,-2.57663,88,2,7.7,False
vodafone,15,8444,51.44957,-0.04407,72,5,6.9,False
vodafone,15,8466,55.19849,-3.43092,61,3,6.5,False
vodafone,15,8475,54.7288,-2.79744,40,2,5.7,False
vodafone,15,8480,51.17479,-0.1608,72,5,6.6,False
vodafone,15,8481,51.42002,-0.14736,128,13,7.9,False
vodafone,15,8485,51.49256,-0.12218,140,6,6.3,False
vodafone,15,8495,54.8499,-3.77595,105,3,6.4,False
vodafone,15,8507,51.26828,-2.18732,35,2,6.9,False
vodafone,15,8514,55.45839,-3.64447,26,2,4.7,False
vodafone,15,8540,51.5135,-0.22742,52,2,7.6,False
vodafone,15,8546,51.47655,-0.86733,46,2,7.1,False
vodafone,15,8551,51.48769,-0.31671,104,5,6.1,False
vodafone,15,8566,52.57019,-2.77992,122,2,4.9,False
vodafone,15,8575,51.56012,-0.11268,24,2,4.9,False
vodafone,15,8597,56.01494,-4.80198,35,2,4.1,False
vodafone,15,8605,51.54853,-0.16621,45,8,4.7,False
vodafone,15,8613,56.2023,-4.71139,51,2,6.8,False
vodafone,15,8621,55.65609,-3.70193,78,3,5.7,True
vodafone,15,8647,51.53038,-0.23974,213,10,7.7,False
vodafone,15,8651,51.88682,-2.98433,87,2,8.2,False
vodafone,15,8683,51.45163,0.22068,35,6,4.3,False
vodafone,15,8687,51.5459,-0.25527,47,7,7.5,False
vodafone,15,8691,51.51161,-0.33601,30,2,5.2,False
vodafone,15,8693,51.53178,-0.25054,208,11,7.8,False
vodafone,15,8699,51.55098,-0.19098,184,6,6.3,False
vodafone,15,8705,54.65526,-2.77026,41,2,7.2,False
vodafone,15,8706,53.41736,-2.93118,21,2,4.5,False
vodafone,15,8708,51.5108,-2.5554,54,4,4.2,False
vodafone,15,8709,51.54375,-0.11638,37,2,6.1,False
vodafone,15,8713,54.63239,-2.55097,83,2,7.1,False
vodafone,15,8726,51.83057,-3.01406,150,2,5.4,False
vodafone,15,8727,51.53615,-3.36786,79,4,6.4,False
vodafone,15,8734,51.52007,-0.26696,94,4,4.7,True
vodafone,15,8741,51.56438,-0.21712,41,4,3.5,True
vodafone,15,8757,51.49969,-0.41411,20,2,3.8,False
vodafone,15,8759,51.5514,-0.15111,91,6,7.8,False
vodafone,15,8771,51.34348,-0.49876,74,3,4.2,False
vodafone,15,8772,51.46183,-0.19123,165,11,6.2,False
vodafone,15,8778,51.52019,-0.25475,89,10,7.3,False
vodafone,15,8782,51.5481,-0.10122,57,2,8.9,False
vodafone,15,8784,51.53223,-0.18832,35,3,6.4,False
vodafone,15,8785,51.55091,-0.11387,37,4,4.9,False
vodafone,15,8805,51.50784,-0.44452,48,2,4.9,False
vodafone,15,8821,54.05318,-2.80672,28,4,5.3,False
vodafone,15,8829,55.71627,-4.55384,33,2,8.1,False
vodafone,15,8830,51.51374,-0.19848,49,2,5.1,False
vodafone,15,8832,54.96541,-3.00565,88,5,7.0,False
vodafone,15,8841,51.51092,-2.52604,87,5,4.7,False
vodafone,15,8846,55.07886,-3.2523,120,5,6.3,False
vodafone,15,8848,52.92505,-2.85186,37,2,5.1,False
vodafone,15,8862,51.54995,-0.14764,144,3,7.9,False
vodafone,15,8863,51.53345,-0.20544,113,4,5.1,False
vodafone,15,8864,52.54669,-2.80284,182,2,7.1,False
vodafone,15,8868,52.47199,-2.8171,255,2,6.5,False
vodafone,15,8869,54.94304,-2.99967,83,5,6.3,False
vodafone,15,8883,51.51531,-0.29706,63,2,8.0,False
vodafone,15,8894,51.55083,-0.27266,31,7,6.0,False
vodafone,15,8896,51.5575,-0.20827,61,6,4.5,False
vodafone,15,8897,51.55337,-0.2128,46,6,3.4,False
vodafone,15,8900,52.89144,-2.68348,94,2,5.1,False
vodafone,15,8902,52.36913,-2.70841,69,2,7.2,False
vodafone,15,8910,51.5335,-0.14135,44,4,4.9,False
vodafone,15,8911,51.55457,-0.11228,55,2,5.7,False
vodafone,15,8912,51.54584,-0.1444,37,2,4.6,False
vodafone,15,8925,55.59157,-4.42324,42,2,5.6,True
vodafone,15,8951,51.67533,-3.97038,29,2,3.7,False
vodafone,15,8952,51.5309,-3.40798,40,3,3.8,False
vodafone,15,8955,53.99286,-2.78014,36,2,6.7,False
vodafone,15,8966,53.05631,-2.23901,25,4,3.6,False
vodafone,15,8971,51.67347,-3.75507,56,4,6.3,False
vodafone,15,8980,51.41014,-0.02968,111,5,6.6,False
vodafone,15,8996,55.57162,-4.42805,60,2,6.6,False
vodafone,15,9012,51.55019,-0.29433,347,5,7.3,False
vodafone,15,9020,51.55383,-0.25528,69,6,5.0,False
vodafone,15,9039,51.51321,-0.31292,44,2,8.6,False
vodafone,15,9045,51.59365,-0.25174,47,7,3.8,False
vodafone,15,9047,51.50723,-0.39028,86,2,4.7,False
vodafone,15,9049,52.04346,-2.06947,105,4,5.3,False
vodafone,15,9058,51.54848,-0.13865,42,2,5.7,False
vodafone,15,9101,53.74252,-2.5297,46,3,4.5,False
vodafone,15,9110,51.53714,-0.26315,115,8,7.3,False
vodafone,15,9125,51.53783,-0.25499,22,8,2.3,False
vodafone,15,9127,54.08925,-2.36183,97,2,8.5,False
vodafone,15,9129,51.56722,-0.26253,60,6,7.4,False
vodafone,15,9142,51.7396,-2.97745,88,2,7.2,False
vodafone,15,9160,52.12336,-2.6875,97,2,6.3,False
vodafone,15,9161,51.46114,-0.36452,89,5,5.2,False
vodafone,15,9202,54.35818,-2.61557,86,4,7.6,False
vodafone,15,9213,51.70403,-4.05277,21,2,4.4,False
vodafone,15,9232,51.38475,-0.20835,21,5,3.8,True
vodafone,15,9276,52.96667,-2.67201,130,2,6.5,False
vodafone,15,9277,53.26444,-2.59516,107,6,5.8,False
vodafone,15,9282,56.34503,-4.70944,157,2,9.8,False
vodafone,15,9307,51.46394,-2.56789,31,3,4.7,False
vodafone,15,9355,55.13974,-3.36512,43,2,6.1,False
vodafone,15,9364,52.79531,-2.0584,89,6,8.3,False
vodafone,15,9413,51.38203,-0.08409,260,13,7.4,False
vodafone,15,9425,55.00224,-3.39238,152,3,7.3,False
vodafone,15,9460,54.74854,-3.36246,53,2,6.6,False
vodafone,15,9520,53.9428,-2.25643,24,3,9.1,False
vodafone,15,9571,55.59336,-4.39062,43,2,5.0,False
vodafone,15,9586,51.58409,-0.11491,76,2,6.9,False
vodafone,15,9588,54.48184,-2.63846,101,3,5.5,False
vodafone,15,9603,51.4906,-0.14551,43,10,5.8,False
vodafone,15,9625,51.51443,-0.58425,42,2,5.6,False
vodafone,15,9626,51.51082,-0.41899,21,2,3.9,False
vodafone,15,9646,51.49562,-0.1195,63,6,6.5,False
vodafone,15,9680,52.3176,-2.70004,100,2,7.1,False
vodafone,15,9690,55.39592,-4.10071,84,2,8.1,False
vodafone,15,9722,54.47932,-2.61625,60,3,6.3,False
vodafone,15,9732,52.07984,-2.12546,52,4,6.7,False
vodafone,15,9739,51.14964,0.12662,182,8,8.1,False
vodafone,15,9756,51.79741,-2.41551,48,4,5.4,False
vodafone,15,9760,53.42191,-2.59839,22,3,4.2,False
vodafone,15,9761,52.58838,-1.86964,36,4,2.5,False
vodafone,15,9768,51.52039,-0.64508,44,2,3.7,False
vodafone,15,9772,51.16248,-1.5409,71,2,7.4,False
vodafone,15,9814,51.68927,-4.05681,63,2,5.8,False
vodafone,15,9826,52.99971,-2.65353,122,2,5.3,False
vodafone,15,9836,51.39121,0.11385,34,5,2.4,False
vodafone,15,9840,51.23809,-1.33418,36,2,5.3,False
vodafone,15,9843,51.51631,-0.60387,22,2,5.1,False
vodafone,15,9853,51.48638,-0.58291,64,2,4.3,False
vodafone,15,9858,51.52306,-0.67258,29,2,8.0,False
vodafone,15,9863,51.53019,-0.13792,45,3,5.1,False
vodafone,15,9868,51.41904,-0.06096,42,5,4.6,False
vodafone,15,9871,51.52288,-0.66912,58,2,5.9,False
vodafone,15,9876,51.48456,-0.2015,62,3,7.0,False
vodafone,15,9895,51.793,-4.18178,36,2,6.7,True
vodafone,15,9896,52.69302,-2.64177,143,2,5.7,False
vodafone,15,9904,51.39636,0.18919,33,3,3.5,False
vodafone,15,9914,54.00495,-2.81233,98,3,7.0,False
vodafone,15,9928,51.49012,-0.53192,84,2,7.2,False
vodafone,15,9937,51.52712,-0.68627,26,2,9.0,False
vodafone,15,9941,51.57419,-1.12184,209,3,7.1,False
vodafone,15,9943,52.0944,-2.14595,86,4,7.4,False
vodafone,15,9954,55.35669,-3.94732,120,2,7.3,False
vodafone,15,9967,51.47832,-0.32489,79,3,6.0,False
vodafone,15,9989,51.50357,-3.57757,37,4,5.6,False
vodafone,15,9993,51.49762,-0.11643,33,11,7.5,True
vodafone,15,10022,53.87503,-2.71743,38,3,6.1,False
vodafone,15,10055,54.34795,-2.67877,60,4,4.0,False
vodafone,15,10072,52.09754,-2.6857,62,2,5.2,False
vodafone,15,10078,51.50368,-3.0238,103,4,3.6,True
vodafone,15,10112,51.51417,-0.59687,39,2,5.7,False
vodafone,15,10149,51.72203,-2.9896,60,2,4.8,False
vodafone,15,10165,51.49513,-0.28753,36,8,4.1,False
vodafone,15,10177,55.35769,-3.91716,110,2,6.9,False
vodafone,15,10180,51.50049,-0.43868,53,2,5.4,False
vodafone,15,10181,54.10283,-2.38403,35,2,5.0,False
vodafone,15,10219,51.46631,-0.23234,31,9,5.2,False
vodafone,15,10221,54.54184,-2.46029,54,2,6.8,False
vodafone,15,10227,51.45386,-0.03344,42,7,7.0,False
vodafone,15,10257,56.02543,-4.79256,23,2,4.7,False
vodafone,15,10273,52.17523,-2.72525,65,2,6.6,False
vodafone,15,10278,51.30307,-0.33931,96,3,5.8,False
vodafone,15,10298,55.81262,-4.01399,45,4,4.9,False
vodafone,15,10329,55.35695,-4.16967,91,2,7.1,False
vodafone,15,10371,52.60953,-3.78377,41,2,4.9,True
vodafone,15,10388,51.55298,-0.14295,60,4,7.3,False
vodafone,15,10428,55.25172,-3.76191,102,2,7.2,False
vodafone,15,10435,51.55214,-1.80742,58,3,4.6,False
vodafone,15,10446,51.55592,-0.28563,83,4,7.5,False
vodafone,15,10457,51.43831,-0.10975,127,13,7.5,True
vodafone,15,10474,55.23224,-3.79288,33,2,6.1,True
vodafone,15,10480,51.47325,-0.15462,118,18,5.6,False
vodafone,15,10481,51.40147,-0.26677,35,2,4.9,False
vodafone,15,10482,51.4903,-0.3035,42,5,4.9,False
vodafone,15,10508,51.50303,-0.10551,79,7,5.2,False
vodafone,15,10514,54.27432,-2.34855,29,2,2.3,False
vodafone,15,10515,53.40897,-2.94635,22,2,4.5,False
vodafone,15,10516,51.50818,-0.53971,46,2,5.3,False
vodafone,15,10518,55.38694,-4.02049,91,2,7.0,False
vodafone,15,10542,55.35173,-3.88299,101,2,7.7,False
vodafone,15,10568,52.58846,-3.86328,283,2,8.2,False
vodafone,15,10587,53.37804,-2.62206,26,3,3.9,False
vodafone,15,10600,51.30712,-0.32053,54,3,5.5,False
vodafone,15,10618,51.45152,0.01039,146,16,7.3,False
vodafone,15,10679,51.54296,-0.11728,49,2,6.3,False
vodafone,15,10682,51.39623,0.14382,91,8,7.7,False
vodafone,15,10691,55.06983,-3.60137,106,3,6.3,False
vodafone,15,10700,51.51683,-0.28596,109,2,5.8,False
vodafone,15,10705,51.49707,-0.21088,20,3,2.9,False
vodafone,15,10710,55.83045,-4.03878,36,3,6.5,False
vodafone,15,10724,56.01009,-4.74756,20,2,2.9,False
vodafone,15,10726,55.24507,-3.39666,55,3,6.1,False
vodafone,15,10727,55.33493,-3.53806,56,3,4.7,False
vodafone,15,10728,55.55845,-3.62263,74,2,5.2,False
vodafone,15,10756,55.2803,-3.76621,27,3,5.9,False
vodafone,15,10758,55.46878,-4.37816,27,2,6.2,False
vodafone,15,10768,51.98115,-2.80604,119,2,6.8,False
vodafone,15,10795,51.46088,-0.28626,112,6,8.4,False
vodafone,15,10796,51.53959,-0.18053,64,5,4.3,False
vodafone,15,10797,51.4722,-0.33611,81,6,4.8,False
vodafone,15,10801,55.64791,-3.66381,60,3,7.6,False
vodafone,15,10807,51.59771,-0.11805,50,2,6.4,False
vodafone,15,10817,55.34172,-3.51461,39,3,4.4,False
vodafone,15,10826,55.04479,-3.81667,80,2,6.5,False
vodafone,15,10828,55.34456,-3.47413,136,3,8.1,False
vodafone,15,10830,56.177,-4.78051,102,2,13.8,False
vodafone,15,10836,51.36732,-0.16781,78,6,6.0,False
vodafone,15,10854,51.56943,-0.23179,54,7,5.4,False
vodafone,15,10859,53.24479,-2.65889,77,6,4.3,False
vodafone,15,10862,53.98246,-2.32845,405,4,8.1,False
vodafone,15,10864,55.37928,-3.43012,73,3,4.9,False
vodafone,15,10873,54.99142,-3.08972,58,4,4.6,True
vodafone,15,10884,55.40492,-3.5624,53,3,5.3,False
vodafone,15,10920,52.56287,-1.82678,95,4,7.0,False
vodafone,15,10929,51.47864,-0.01213,40,6,9.6,False
vodafone,15,10952,51.55358,-0.11744,25,2,3.2,False
vodafone,15,10969,51.46245,-0.04297,101,18,8.4,False
vodafone,15,10979,51.50851,-0.4728,70,2,7.2,False
vodafone,15,10984,51.50597,-0.10489,98,10,6.1,False
vodafone,15,11027,56.20456,-4.77768,177,2,9.8,False
vodafone,15,11105,51.47803,-0.02114,258,14,6.3,False
vodafone,15,11116,51.36281,-0.11017,52,11,4.2,False
vodafone,15,11130,51.52814,-0.25659,65,4,7.4,False
vodafone,15,11136,51.48694,-0.14107,93,10,6.0,False
vodafone,15,11152,51.47138,-0.15791,164,17,7.7,False
vodafone,15,11156,51.66617,-0.39564,121,4,7.1,False
vodafone,15,11187,51.92944,-2.05753,368,4,6.3,False
vodafone,15,11210,51.56646,-0.10453,21,2,4.5,False
vodafone,15,11238,52.65855,-2.74839,21,2,3.8,False
vodafone,15,11259,51.45551,-0.11621,137,19,6.1,False
vodafone,15,11261,51.43808,-0.05546,40,5,4.4,False
vodafone,15,11265,51.3914,0.17637,201,7,6.9,False
vodafone,15,11294,53.87244,-2.39027,75,3,6.9,False
vodafone,15,11310,51.39353,-0.30136,68,3,5.2,False
vodafone,15,11314,51.38271,-0.37309,26,2,4.4,False
vodafone,15,11419,51.3847,-0.16377,24,6,4.2,False
vodafone,15,11430,51.42387,-0.20602,143,6,9.1,False
vodafone,15,11475,51.58346,-0.23994,41,7,5.0,False
vodafone,15,11511,52.71077,-2.47138,25,2,3.3,False
vodafone,15,11552,51.49512,0.14377,69,2,5.1,False
vodafone,15,11555,51.38577,0.08296,482,22,7.5,False
vodafone,15,11559,51.43691,-0.0906,116,7,10.2,False
vodafone,15,11579,51.48165,-0.32631,275,5,5.8,False
vodafone,15,11593,51.41965,-0.14698,164,12,5.5,True
vodafone,15,11613,51.54641,-0.0994,56,2,5.3,False
vodafone,15,11622,51.54176,-0.28505,44,3,6.6,False
vodafone,15,11652,51.41805,-0.1165,57,8,3.5,False
vodafone,15,11653,51.39732,0.09947,51,8,3.7,False
vodafone,15,11654,51.51269,-0.26187,35,8,5.2,False
vodafone,15,11664,51.59229,-0.33639,47,4,6.8,False
vodafone,15,11673,51.36002,-0.11132,63,13,5.2,False
vodafone,15,11674,51.46365,-0.21982,54,11,5.2,False
vodafone,15,11698,51.30968,-0.1451,27,10,4.6,False
vodafone,15,11754,51.44927,0.32023,37,5,5.1,False
vodafone,15,11774,51.48222,0.17148,43,2,6.6,False
vodafone,15,11778,51.62141,-0.25606,84,7,5.6,False
vodafone,15,11781,51.50859,-0.21908,21,2,5.9,False
vodafone,15,11821,50.83478,-0.56469,206,3,6.6,False
vodafone,15,11825,51.53967,-0.17977,57,3,5.0,False
vodafone,15,11865,53.73719,-2.70807,93,4,5.4,False
vodafone,15,11879,51.38238,-0.2001,53,4,5.7,False
vodafone,15,11892,51.43289,-0.10122,115,9,5.8,False
vodafone,15,11907,51.59174,-1.80771,23,3,4.2,False
vodafone,15,11909,51.14655,-0.16025,130,5,6.9,False
vodafone,15,11919,51.40501,-0.67538,43,2,6.1,False
vodafone,15,11934,51.4921,-0.48123,31,2,2.8,False
vodafone,15,12016,51.54555,-0.27377,234,10,6.8,False
vodafone,15,12036,51.52079,-0.60401,20,2,5.2,False
vodafone,15,12041,51.58345,-0.24295,28,7,4.4,False
vodafone,15,12055,51.69208,-0.43555,23,2,5.1,False
vodafone,15,12079,51.51347,-0.54997,30,2,3.5,False
vodafone,15,12115,51.71046,-0.30603,27,6,5.8,False
vodafone,15,12118,55.61898,-3.60706,57,2,6.3,False
vodafone,15,12119,51.07586,-0.31393,50,2,4.4,False
vodafone,15,12129,50.79832,-0.66535,105,2,4.9,False
vodafone,15,12134,51.01946,-0.51098,163,2,7.8,False
vodafone,15,12137,51.33409,-0.27189,50,5,5.9,False
vodafone,15,12139,51.38327,0.08197,66,21,6.7,False
vodafone,15,12143,51.48197,-0.28146,70,7,4.8,False
vodafone,15,12148,52.49108,-1.84227,55,6,3.8,False
vodafone,15,12154,51.54496,-0.28028,68,5,5.0,False
vodafone,15,12188,50.78873,-0.67489,33,2,5.0,False
vodafone,15,12202,51.40012,-0.26535,37,2,4.8,False
vodafone,15,12235,51.56673,-0.29929,201,4,7.3,False
vodafone,15,12258,51.24284,-0.57778,84,4,4.8,False
vodafone,15,12259,54.97016,-3.29358,106,3,6.3,False
vodafone,15,12270,51.44629,-0.14512,67,7,5.1,False
vodafone,15,12283,51.40272,0.0535,33,9,4.2,False
vodafone,15,12302,51.43469,0.0847,60,5,5.3,False
vodafone,15,12357,51.49011,0.07225,55,2,10.1,False
vodafone,15,12475,51.14662,-0.15973,54,5,5.9,False
vodafone,15,12483,51.31533,-0.55892,118,7,6.7,False
vodafone,15,12489,51.24436,-1.18618,56,2,6.4,False
vodafone,15,12496,52.51867,-1.72227,156,7,7.8,False
vodafone,15,12503,51.53045,-0.22226,102,4,7.1,False
vodafone,15,12563,50.79128,-0.67441,43,2,5.0,False
vodafone,15,12574,50.79588,-0.64892,23,2,3.0,False
vodafone,15,12596,51.90023,-0.45735,25,7,2.3,False
vodafone,15,12642,51.15326,-1.25584,82,2,4.8,False
vodafone,15,12653,50.81256,-0.64466,99,2,3.4,False
vodafone,15,12662,51.67342,-0.29153,29,7,3.1,False
vodafone,15,12685,51.46267,-0.30589,36,6,8.0,False
vodafone,15,12687,51.49353,-0.29093,183,9,7.4,False
vodafone,15,12706,51.47746,-0.14577,193,21,6.5,False
vodafone,15,12759,51.45428,0.25071,122,5,6.6,False
vodafone,15,12775,56.24092,-4.69269,62,2,7.8,False
vodafone,15,12791,51.64909,-0.38805,190,4,9.2,True
vodafone,15,12801,51.63528,-0.38551,48,4,4.5,False
vodafone,15,12820,51.48393,-0.14552,32,10,5.0,False
vodafone,15,12863,51.43327,0.00687,52,15,4.3,False
vodafone,15,12943,51.50639,-0.35183,35,2,4.8,False
vodafone,15,12946,55.64473,-4.61653,23,2,7.5,False
vodafone,15,12948,51.43945,0.34689,40,5,4.6,False
vodafone,15,12952,51.48683,-0.10243,42,7,5.2,False
vodafone,15,12960,51.59382,-0.23808,140,7,6.0,True
vodafone,15,12998,51.55371,-0.22359,44,5,4.6,True
vodafone,15,13015,51.50272,-0.08209,119,11,5.0,False
vodafone,15,13038,51.74312,-0.31491,32,7,5.0,False
vodafone,15,13044,51.46399,-0.89637,91,2,4.9,False
vodafone,15,13049,51.47088,-1.02699,75,3,6.6,False
vodafone,15,13052,51.45059,-0.93973,58,3,4.8,False
vodafone,15,13075,51.50964,-0.58086,45,2,5.8,False
vodafone,15,13089,50.83185,-0.62639,207,3,7.1,False
vodafone,15,13100,51.59637,-0.2596,39,7,5.7,False
vodafone,15,13128,51.50315,-0.62301,34,2,3.4,False
vodafone,15,13134,51.50347,-0.4987,87,2,5.9,False
vodafone,15,13153,51.44633,-0.99535,23,3,3.8,False
vodafone,15,13158,51.44774,0.41474,306,6,8.0,False
vodafone,15,13168,51.71412,-0.31483,91,7,5.1,False
vodafone,15,13173,51.44237,0.3936,109,6,3.1,False
vodafone,15,13184,51.6171,-0.37514,73,4,6.0,False
vodafone,15,13196,51.59704,-0.3413,108,4,5.9,False
vodafone,15,13211,51.43922,0.04018,25,5,4.4,False
vodafone,15,13219,51.52,-0.19922,24,2,4.3,False
vodafone,15,13228,51.60668,-0.35764,112,4,8.0,False
vodafone,15,13294,51.70504,-0.44675,108,2,6.2,False
vodafone,15,13302,51.36627,0.10091,31,16,4.0,False
vodafone,15,13307,51.41472,-0.12804,25,7,5.7,False
vodafone,15,13335,51.45978,-0.94062,134,3,6.9,False
vodafone,15,13345,51.45247,-0.95412,102,3,6.8,False
vodafone,15,13414,51.54226,-0.13822,31,4,3.5,False
vodafone,15,13433,51.22311,-1.22763,57,2,5.6,False
vodafone,15,13456,51.49477,-0.39395,37,2,4.3,False
vodafone,15,13475,51.50867,-0.58796,29,3,4.7,False
vodafone,15,13477,51.7164,-0.32708,85,7,8.6,False
vodafone,15,13494,52.89585,-1.46264,139,11,6.3,False
vodafone,15,13496,51.52363,-0.23482,72,5,5.6,False
vodafone,15,13506,52.41456,-1.94407,72,3,5.4,False
vodafone,15,13538,51.48258,-2.57459,51,3,5.7,False
vodafone,15,13544,51.52354,-2.58551,55,3,2.6,False
vodafone,15,13551,51.58547,-2.94778,39,3,6.1,False
vodafone,15,13552,51.48875,0.07141,20,2,8.1,False
vodafone,15,13596,51.52196,-2.55295,34,2,3.7,False
vodafone,15,13597,51.58797,-3.05549,33,2,6.0,False
vodafone,15,13600,51.69652,-0.20139,107,2,5.1,False
vodafone,15,13602,51.65043,-0.38727,153,4,9.3,False
vodafone,15,13626,51.46011,-0.36777,35,5,3.0,False
vodafone,15,13642,51.58254,-0.23959,51,7,4.3,False
vodafone,15,13647,51.65325,-0.28165,135,7,5.6,False
vodafone,15,13654,53.43823,-2.98838,23,2,7.5,False
vodafone,15,13659,51.45485,-0.97284,34,3,5.8,False
vodafone,15,13662,52.98594,-2.14464,65,2,5.6,False
vodafone,15,13663,51.51386,-2.55128,193,3,5.6,False
vodafone,15,13665,51.42968,0.02892,75,17,5.7,False
vodafone,15,13667,51.43536,0.12591,80,5,6.3,False
vodafone,15,13669,51.50769,-2.4962,48,4,5.0,False
vodafone,15,13680,51.49937,-0.11572,30,6,5.6,False
vodafone,15,13685,51.42194,-1.00218,28,2,5.5,False
vodafone,15,13687,52.86705,-1.48507,256,11,4.1,False
vodafone,15,13688,51.65498,-0.38815,80,4,8.0,False
vodafone,15,13694,50.82994,-0.16605,33,2,4.8,True
vodafone,15,13702,51.46875,-0.25717,106,10,5.7,False
vodafone,15,13723,53.79911,-2.72375,32,4,5.3,False
vodafone,15,13780,51.45259,-0.40157,49,5,5.3,False
vodafone,15,13805,52.89004,-1.48429,42,11,3.6,False
vodafone,15,13808,52.26297,-0.92201,181,2,6.3,False
vodafone,15,13819,51.62888,-0.38407,34,4,4.7,False
vodafone,15,13831,51.45962,-1.00111,63,4,5.5,False
vodafone,15,13840,51.58204,-2.80779,52,3,5.7,False
vodafone,15,13841,51.52702,-0.22062,22,4,3.2,False
vodafone,15,13873,53.0163,-2.22278,27,3,3.5,False
vodafone,15,13876,51.51954,-2.51979,26,4,4.3,False
vodafone,15,13888,51.49618,-0.09181,49,7,5.2,False
vodafone,15,13907,53.35544,-2.63269,56,4,4.8,False
vodafone,15,13925,53.46656,-2.61334,20,4,4.3,False
vodafone,15,13932,53.44388,-2.61382,146,4,6.7,False
vodafone,15,13941,52.77577,-1.67701,22,9,3.1,False
vodafone,15,13954,51.44008,0.37581,82,6,8.5,False
vodafone,15,13966,51.58948,-2.98886,67,2,7.7,False
vodafone,15,13967,51.58911,-2.98999,153,5,5.9,False
vodafone,15,13980,51.41121,-0.05135,105,5,7.0,False
vodafone,15,13990,51.47807,-3.35091,90,4,5.5,False
vodafone,15,14019,51.52607,-2.63776,39,3,9.9,False
vodafone,15,14022,52.96284,-1.22474,56,2,12.1,False
vodafone,15,14027,51.59502,-3.00198,34,5,6.8,False
vodafone,15,14042,51.57881,-2.94893,60,3,3.7,False
vodafone,15,14047,51.58693,-2.95984,20,2,3.5,False
vodafone,15,14049,51.52662,-2.68384,26,2,2.9,False
vodafone,15,14050,53.01851,-2.37201,91,5,4.4,False
vodafone,15,14065,51.52893,-2.45309,37,2,4.2,True
vodafone,15,14071,51.51057,-2.97793,63,5,5.7,False
vodafone,15,14073,51.63697,-3.01972,45,2,4.2,False
vodafone,15,14114,52.59744,-1.12985,108,9,6.1,False
vodafone,15,14115,51.70469,-0.30276,303,7,7.4,False
vodafone,15,14137,51.58881,-2.44754,112,4,5.1,False
vodafone,15,14144,51.65488,-2.49351,248,4,6.4,False
vodafone,15,14150,52.99141,-2.15198,36,2,5.6,False
vodafone,15,14154,52.33628,-2.03078,20,2,7.0,False
vodafone,15,14155,52.2389,-0.91047,20,2,4.2,False
vodafone,15,14159,53.04331,-2.21882,106,4,5.5,False
vodafone,15,14168,53.06282,-2.23653,20,4,4.0,False
vodafone,15,14178,53.7163,-0.44899,25,2,3.7,False
vodafone,15,14182,51.5324,-2.38025,64,2,5.6,False
vodafone,15,14195,52.91211,-1.2938,27,3,4.3,False
vodafone,15,14212,51.7109,-0.44549,98,2,6.7,False
vodafone,15,14241,51.55168,-0.18879,51,7,6.1,False
vodafone,15,14257,51.51789,-0.20044,93,3,6.4,False
vodafone,15,14262,51.5685,-0.29935,72,4,6.0,False
vodafone,15,14266,52.36767,-1.98918,43,3,5.2,False
vodafone,15,14285,51.51318,-2.51431,57,5,6.8,False
vodafone,15,14288,51.66687,-2.41684,23,2,5.2,False
vodafone,15,14289,51.67125,-2.40585,80,4,7.0,False
vodafone,15,14293,51.58813,-2.87759,54,3,4.6,False
vodafone,15,14312,51.53062,-0.2225,55,5,7.9,False
vodafone,15,14317,52.90714,-1.3721,27,8,16.7,False
vodafone,15,14342,51.46941,-0.88598,43,2,6.0,False
vodafone,15,14380,53.06629,-2.35585,153,8,7.6,False
vodafone,15,14384,51.50931,-2.55685,92,5,6.0,False
vodafone,15,14398,51.45884,-0.08016,126,3,9.9,False
vodafone,15,14406,53.37017,-2.58056,50,4,5.1,False
vodafone,15,14407,53.4736,-2.59603,24,2,5.1,False
vodafone,15,14408,53.47377,-2.59803,178,4,6.6,False
vodafone,15,14413,51.54836,-0.18535,32,2,3.2,False
vodafone,15,14417,51.60341,-2.37445,66,4,5.8,False
vodafone,15,14418,51.4648,-0.22061,53,11,5.2,False
vodafone,15,14421,52.95354,-2.2905,48,5,7.2,False
vodafone,15,14429,52.89839,-1.27783,24,7,3.8,False
vodafone,15,14435,51.74135,-2.30105,51,4,4.1,False
vodafone,15,14446,51.40664,-0.13962,20,7,2.9,False
vodafone,15,14455,51.38028,-0.09402,33,11,4.2,False
vodafone,15,14461,51.51872,-2.51828,29,3,6.3,False
vodafone,15,14462,51.52817,-2.41869,62,4,4.5,False
vodafone,15,14466,53.37389,-1.45711,87,3,9.2,False
vodafone,15,14467,51.56155,-2.65524,91,3,6.1,False
vodafone,15,14468,51.56385,-2.64473,31,2,5.3,False
vodafone,15,14473,51.57546,-2.84936,66,2,5.1,False
vodafone,15,14474,51.575,-2.84489,187,3,4.5,False
vodafone,15,14495,51.46351,-0.99109,92,4,7.0,False
vodafone,15,14497,51.59857,-2.79589,53,2,5.7,False
vodafone,15,14501,51.72795,-2.37985,27,2,7.2,False
vodafone,15,14505,51.53035,-2.44868,335,5,6.7,True
vodafone,15,14506,52.73801,-2.1182,93,3,6.6,False
vodafone,15,14510,53.5452,-2.64146,44,4,4.8,False
vodafone,15,14511,53.54486,-2.63612,26,2,6.8,True
vodafone,15,14542,51.55448,-2.43051,272,5,5.5,False
vodafone,15,14547,51.47085,-0.07131,231,16,8.3,False
vodafone,15,14558,51.71605,-2.31401,24,4,5.6,False
vodafone,15,14568,51.48843,-0.19652,21,3,5.3,False
vodafone,15,14577,51.57014,-3.01133,193,4,7.3,False
vodafone,15,14594,52.60291,-1.09465,42,6,4.0,False
vodafone,15,14598,51.77809,-2.97756,25,2,4.5,False
vodafone,15,14599,51.61684,-2.39608,90,4,6.4,False
vodafone,15,14601,53.3464,-1.49051,21,2,4.5,False
vodafone,15,14618,52.65805,-1.09238,206,11,7.3,False
vodafone,15,14625,52.72996,-1.85867,186,6,7.4,False
vodafone,15,14633,51.24033,0.10311,23,3,5.7,False
vodafone,15,14639,52.79685,-1.89298,58,5,8.9,False
vodafone,15,14660,51.68688,-0.32025,155,7,6.8,False
vodafone,15,14670,52.69975,-1.09285,196,11,7.5,False
vodafone,15,14675,52.75083,-1.9008,153,6,6.8,False
vodafone,15,14707,52.58181,-1.13853,233,6,5.4,False
vodafone,15,14710,51.37564,-0.1059,36,9,6.1,False
vodafone,15,14723,51.44391,-2.58368,62,3,6.2,False
vodafone,15,14729,52.64846,-1.83088,23,2,6.3,False
vodafone,15,14741,52.60351,-1.9328,231,3,6.6,False
vodafone,15,14746,51.58553,-2.90006,59,5,4.7,True
vodafone,15,14758,51.53684,-0.14507,31,2,6.6,False
vodafone,15,14765,52.63052,-1.78908,75,2,9.6,False
vodafone,15,14769,52.77853,-2.11,66,4,8.7,False
vodafone,15,14770,52.7041,-1.82673,195,7,5.5,False
vodafone,15,14772,52.67455,-1.09706,75,11,5.0,False
vodafone,15,14775,52.34135,-2.02048,24,2,5.4,False
vodafone,15,14778,51.60627,-3.08597,54,2,6.3,False
vodafone,15,14781,51.55711,-0.20829,51,6,4.6,False
vodafone,15,14783,52.9564,-1.18953,37,2,5.7,False
vodafone,15,14788,53.03749,-2.47847,168,8,6.6,False
vodafone,15,14789,52.79542,-1.91123,76,6,5.8,False
vodafone,15,14790,53.55111,-2.63101,28,3,4.6,False
vodafone,15,14797,52.81266,-2.14533,27,5,3.3,False
vodafone,15,14805,52.33665,-2.01941,21,2,4.2,False
vodafone,15,14808,52.92075,-1.27094,106,3,9.7,False
vodafone,15,14812,52.3157,-2.05611,110,2,6.7,False
vodafone,15,14826,52.69509,-2.12849,78,3,6.3,False
vodafone,15,14830,51.58799,-2.45293,117,4,5.1,False
vodafone,15,14839,52.79744,-2.04712,60,6,4.1,True
vodafone,15,14840,52.71256,-2.15064,45,3,12.0,False
vodafone,15,14847,51.58215,-2.47504,102,3,5.0,False
vodafone,15,14849,51.58252,-2.47601,91,3,7.5,False
vodafone,15,14850,52.90607,-1.91476,101,2,5.7,False
vodafone,15,14851,51.59031,-0.33935,40,4,5.9,False
vodafone,15,14854,51.55955,-0.23053,22,4,2.8,True
vodafone,15,14866,52.97377,-2.29463,149,5,6.7,False
vodafone,15,14870,51.58287,-0.25058,26,6,5.0,False
vodafone,15,14880,52.70113,-1.73981,496,11,7.1,False
vodafone,15,14882,53.44843,-2.62585,86,2,4.1,True
vodafone,15,14884,51.44449,-0.14342,57,9,4.5,True
vodafone,15,14885,51.57354,-0.30933,96,4,6.6,False
vodafone,15,14896,52.89297,-2.20592,101,6,8.0,True
vodafone,15,14900,51.54367,-0.13955,25,2,5.6,False
vodafone,15,14902,52.61684,-1.84025,66,9,8.5,False
vodafone,15,14904,51.4493,-0.35706,39,5,6.8,False
vodafone,15,14917,51.40279,-0.50608,102,5,5.5,False
vodafone,15,14925,52.76486,-2.11349,46,3,6.3,False
vodafone,15,14928,52.81674,-2.13347,77,6,5.2,False
vodafone,15,14945,52.72701,-2.1189,33,3,7.5,False
vodafone,15,14947,52.92373,-1.99679,111,2,6.0,False
vodafone,15,14953,52.85971,-2.18084,98,6,7.6,True
vodafone,15,14958,53.10979,-2.25828,22,2,3.6,False
vodafone,15,14961,52.60846,-1.92789,56,3,4.9,False
vodafone,15,14966,51.48042,-0.27871,44,7,5.1,False
vodafone,15,14969,52.72822,-2.12227,47,3,5.3,False
vodafone,15,14992,53.0894,-2.3229,35,2,5.8,False
vodafone,15,14994,52.82344,-2.14423,132,6,7.5,False
vodafone,15,15000,52.82427,-2.13412,53,6,4.7,False
vodafone,15,15012,52.70833,-1.67775,74,6,7.8,False
vodafone,15,15013,52.6889,-1.80615,169,10,9.1,False
vodafone,15,15014,52.67321,-1.74759,231,11,6.7,False
vodafone,15,15022,52.97415,-2.07488,25,2,7.3,False
vodafone,15,15036,50.83997,-0.24273,20,2,2.7,False
vodafone,15,15040,52.60845,-1.11794,21,6,2.0,False
vodafone,15,15045,52.63173,-1.1218,106,11,5.4,False
vodafone,15,15051,52.68632,-1.80338,216,11,7.7,False
vodafone,15,15076,51.65801,-2.99038,37,2,6.0,False
vodafone,15,15080,52.81036,-2.13373,21,5,6.2,True
vodafone,15,15099,53.543,-2.63019,39,4,4.9,False
vodafone,15,15101,53.18145,-2.37206,21,2,6.5,False
vodafone,15,15103,51.48753,-2.33141,109,3,6.9,False
vodafone,15,15109,51.60766,-2.97586,81,2,6.9,False
vodafone,15,15128,52.95936,-2.0593,126,2,8.0,False
vodafone,15,15134,51.37001,-0.19919,29,6,5.9,True
vodafone,15,15143,51.45301,0.00935,74,16,4.3,True
vodafone,15,15148,51.47434,0.25409,76,5,5.3,False
vodafone,15,15154,52.77294,-1.6982,31,5,3.2,False
vodafone,15,15172,51.44324,0.33954,47,2,7.0,False
vodafone,15,15183,52.96354,-2.3125,82,5,8.4,False
vodafone,15,15184,51.54946,-0.13411,44,2,5.6,False
vodafone,15,15195,51.45891,-0.97748,96,4,6.9,False
vodafone,15,15212,51.52174,-0.23477,39,4,5.7,False
vodafone,15,15223,51.6224,-0.37036,242,4,8.0,False
vodafone,15,15224,51.62838,-0.36026,46,4,5.2,False
vodafone,15,15226,52.48772,-1.93708,46,2,4.1,False
vodafone,15,15243,51.88878,-0.44272,90,7,5.3,False
vodafone,15,15254,53.78038,-2.74609,103,3,5.3,False
vodafone,15,15262,51.71134,-0.4425,62,2,5.0,False
vodafone,15,15264,53.47436,-2.59434,31,4,6.9,False
vodafone,15,15273,51.59054,-2.99128,120,5,5.7,False
vodafone,15,15274,51.58894,-2.99061,52,2,4.4,False
vodafone,15,15285,51.50783,-2.55855,31,4,4.0,False
vodafone,15,15305,53.74753,-2.57725,40,3,5.7,False
vodafone,15,15311,54.21769,-2.70862,135,4,7.7,False
vodafone,15,15319,52.66162,-2.11378,72,3,6.7,False
vodafone,15,15322,53.58746,-2.63028,73,4,6.0,False
vodafone,15,15327,51.46186,-1.01602,132,3,4.5,False
vodafone,15,15331,54.22696,-2.71062,351,4,7.4,False
vodafone,15,15342,53.74284,-2.70606,129,4,5.4,False
vodafone,15,15346,53.00099,-2.35344,146,5,6.3,False
vodafone,15,15357,53.61697,-2.65797,178,4,5.4,False
vodafone,15,15358,53.61634,-2.66031,30,2,6.2,False
vodafone,15,15368,51.43824,-0.05236,53,5,7.8,False
vodafone,15,15380,53.08554,-2.318,53,3,5.7,False
vodafone,15,15388,53.12653,-2.32376,201,6,6.4,False
vodafone,15,15389,53.21965,-2.14893,138,2,7.9,False
vodafone,15,15396,51.46277,-0.19084,43,12,5.5,False
vodafone,15,15402,53.53035,-2.92119,31,2,4.0,False
vodafone,15,15406,52.94653,-1.12778,86,3,5.4,False
vodafone,15,15417,51.43079,0.01346,96,16,5.0,False
vodafone,15,15418,52.53034,-1.78514,96,5,6.0,False
vodafone,15,15440,51.49867,0.12569,40,2,8.6,False
vodafone,15,15496,53.08413,-2.34016,69,3,6.3,False
vodafone,15,15503,53.4007,-2.60219,170,4,5.0,False
vodafone,15,15504,53.40035,-2.60247,72,2,5.6,False
vodafone,15,15519,54.07136,-2.81144,147,4,7.0,False
vodafone,15,15526,53.73615,-2.49893,50,3,5.0,False
vodafone,15,15534,53.62769,-3.02011,74,2,6.6,False
vodafone,15,15537,53.85577,-2.7426,81,3,6.1,False
vodafone,15,15554,51.53923,-0.1985,59,3,4.9,False
vodafone,15,15570,53.39741,-2.59877,83,4,5.2,False
vodafone,15,15595,51.46225,-0.12993,113,17,4.7,False
vodafone,15,15625,51.52169,-0.62969,23,2,5.1,False
vodafone,15,15631,52.67977,-1.78342,123,9,9.2,False
vodafone,15,15635,51.36111,-0.23559,44,3,5.0,False
vodafone,15,15647,51.59064,-2.99467,30,2,6.6,False
vodafone,15,15661,53.03239,-2.22001,95,4,6.2,False
vodafone,15,15679,53.64119,-2.66509,65,4,4.8,False
vodafone,15,15695,52.59022,-2.10376,163,4,7.7,False
vodafone,15,15722,53.01705,-2.20017,46,3,5.6,False
vodafone,15,15738,52.86556,-2.20696,126,6,6.1,False
vodafone,15,15740,53.72676,-2.7014,136,5,6.3,False
vodafone,15,15741,53.36648,-1.46447,57,2,6.8,False
vodafone,15,15745,52.51343,-1.89763,41,2,5.7,True
vodafone,15,15750,55.84077,-4.00008,47,3,7.9,False
vodafone,15,15751,51.48638,-0.05175,156,12,7.0,True
vodafone,15,15759,53.50463,-3.05726,46,2,7.3,False
vodafone,15,15764,52.5659,-1.75646,31,6,3.9,False
vodafone,15,15776,51.39945,-0.10115,63,9,8.6,False
vodafone,15,15787,53.51008,-2.56502,74,3,9.1,False
vodafone,15,15788,51.49115,-0.14575,30,10,4.2,True
vodafone,15,15795,51.52679,-2.56165,63,3,5.8,False
vodafone,15,15796,51.52698,-2.55961,28,2,4.5,False
vodafone,15,15816,53.67675,-2.65173,67,4,5.5,False
vodafone,15,15826,55.77464,-3.95117,23,2,5.1,False
vodafone,15,15827,55.77845,-3.94524,83,2,6.4,False
vodafone,15,15836,54.34075,-2.35162,38,2,5.5,False
vodafone,15,15841,51.44945,-0.34378,263,5,6.8,False
vodafone,15,15842,51.49409,-0.06984,28,10,2.5,False
vodafone,15,15843,51.33752,-0.11626,116,13,6.3,False
vodafone,15,15852,51.45402,-0.00281,184,15,7.5,False
vodafone,15,15883,51.45077,-0.10063,184,11,7.9,False
vodafone,15,15885,51.36773,-0.44462,111,2,5.8,False
vodafone,15,15897,54.30541,-2.72512,95,4,6.1,False
vodafone,15,15915,52.9982,-2.19992,42,2,7.8,False
vodafone,15,15919,51.43935,0.01095,78,16,6.2,False
vodafone,15,15926,50.8575,-0.15993,48,4,5.0,False
vodafone,15,15929,51.54232,-2.43347,92,5,4.7,False
vodafone,15,15941,51.43917,-0.10659,186,12,5.8,False
vodafone,15,15945,51.45333,-0.40333,34,5,5.7,False
vodafone,15,15947,51.34858,0.13354,133,19,5.8,False
vodafone,15,15949,51.47073,0.18798,38,2,7.2,False
vodafone,15,15952,52.64526,-2.12398,27,3,5.6,False
vodafone,15,15959,53.36216,-2.89378,87,2,8.4,False
vodafone,15,15963,51.38099,-0.33752,42,3,4.3,False
vodafone,15,15965,53.89001,-2.74276,60,3,7.0,False
vodafone,15,15976,53.50912,-3.05852,75,2,9.5,False
vodafone,15,15986,51.44521,0.03041,28,5,4.5,False
vodafone,15,15991,53.6854,-2.68206,70,4,5.2,False
vodafone,15,15994,53.54128,-2.62755,31,2,6.3,False
vodafone,15,16007,53.54296,-2.6269,68,4,8.6,False
vodafone,15,16009,53.35017,-2.86954,37,2,10.7,False
vodafone,15,16013,51.48959,-0.1489,22,9,4.5,False
vodafone,15,16015,51.43944,-2.59875,36,2,7.2,False
vodafone,15,16016,54.05449,-2.80916,47,4,5.5,False
vodafone,15,16019,52.55591,-1.98059,23,2,3.7,False
vodafone,15,16034,51.43417,-0.13897,57,6,6.0,False
vodafone,15,16041,51.47459,-0.14047,149,22,8.7,False
vodafone,15,16059,52.49695,-1.84447,129,6,6.2,False
vodafone,15,16060,51.24141,-0.57367,34,4,6.1,False
vodafone,15,16062,52.52034,-1.76733,161,7,6.6,False
vodafone,15,16090,53.44175,-2.95327,38,2,5.3,False
vodafone,15,16113,51.57699,-3.00846,25,3,3.2,False
vodafone,15,16114,51.57592,-3.01375,23,4,4.1,False
vodafone,15,16117,54.13543,-2.74772,83,3,5.9,False
vodafone,15,16140,54.2902,-2.66947,96,4,7.7,False
vodafone,15,16142,51.4603,-0.01263,36,12,2.9,True
vodafone,15,16147,51.47756,-0.05272,32,6,4.7,False
vodafone,15,16151,52.63388,-2.115,46,3,5.4,False
vodafone,15,16152,54.04694,-2.29798,453,4,8.0,False
vodafone,15,16166,53.94691,-2.24193,249,4,6.8,False
vodafone,15,16179,52.9918,-2.13582,62,2,5.1,False
vodafone,15,16181,52.84185,-2.17987,30,6,4.4,False
vodafone,15,16186,51.41413,-0.49846,56,5,5.4,False
vodafone,15,16191,51.62633,-0.38783,38,4,6.9,False
vodafone,15,16192,51.48005,-0.15106,153,20,8.2,True
vodafone,15,16201,51.47751,-3.16267,24,2,3.5,False
vodafone,15,16205,51.57642,-0.23308,107,7,4.9,False
vodafone,15,16210,51.25082,-0.54392,54,4,4.9,False
vodafone,15,16220,51.38902,-0.09414,38,9,4.8,False
vodafone,15,16228,51.47686,-3.20274,44,4,3.9,True
vodafone,15,16241,51.36734,-0.1556,42,7,6.2,False
vodafone,15,16245,51.65463,-3.01024,89,2,8.6,False
vodafone,15,16250,51.63154,-0.26294,151,7,7.3,False
vodafone,15,16256,51.46301,-0.49482,49,4,3.9,False
vodafone,15,16279,51.44772,-0.14335,57,7,5.7,True
vodafone,15,16290,52.96644,-1.0818,106,2,7.0,False
vodafone,15,16291,53.93267,-2.76159,63,3,6.4,False
vodafone,15,16293,54.01895,-2.8037,26,3,11.7,False
vodafone,15,16296,54.13743,-2.76839,209,4,6.4,True
vodafone,15,16299,53.7573,-2.46606,37,3,5.5,False
vodafone,15,16301,55.83377,-4.16342,26,2,5.7,False
vodafone,15,16303,53.80287,-2.45849,108,3,10.2,False
vodafone,15,16311,53.31986,-2.65263,106,5,4.8,False
vodafone,15,16324,52.8745,-1.30617,201,12,6.5,False
vodafone,15,16341,52.78628,-1.94473,241,6,6.0,False
vodafone,15,16353,53.34175,-2.63458,78,4,9.2,False
vodafone,15,16354,53.34856,-2.65942,39,2,10.7,False
vodafone,15,16355,51.40786,-0.67923,28,2,5.4,False
vodafone,15,16356,52.92522,-2.26603,137,5,6.8,False
vodafone,15,16359,52.87412,-2.13829,115,6,8.5,False
vodafone,15,16385,54.33271,-2.74143,35,4,6.5,False
vodafone,15,16390,51.45665,-0.36478,34,7,3.2,True
vodafone,15,16402,51.57433,-1.7698,32,2,6.0,False
vodafone,15,16423,51.46967,-0.25985,118,11,5.0,False
vodafone,15,16436,54.69873,-2.78336,63,2,6.4,False
vodafone,15,16437,53.72001,-2.70538,158,5,7.6,True
vodafone,15,16461,54.47202,-2.51872,62,2,7.0,False
vodafone,15,16482,51.46885,-0.01671,67,13,4.5,True
vodafone,15,16501,54.88392,-2.92706,46,2,6.4,False
vodafone,15,16503,54.88841,-2.92385,41,4,5.0,False
vodafone,15,16522,53.84843,-2.73671,27,3,5.0,False
vodafone,15,16544,51.55578,-0.22627,31,4,6.8,False
vodafone,15,16553,52.5761,-1.86784,40,3,3.9,False
vodafone,15,16570,51.4939,-0.26995,28,4,6.3,True
vodafone,15,16571,51.50308,-0.1028,31,7,4.5,False
vodafone,15,16594,51.3691,0.09388,252,23,6.7,False
vodafone,15,16607,52.58101,-1.98297,173,3,8.4,False
vodafone,15,16645,51.51229,-0.26154,26,8,5.2,False
vodafone,15,16653,51.5914,-0.32326,35,4,2.8,False
vodafone,15,16730,51.52873,-0.2193,21,6,3.5,False
vodafone,15,16783,50.83205,-0.27556,84,2,6.3,False
vodafone,15,16871,51.4571,-0.98994,74,3,7.0,False
vodafone,15,16916,51.60221,-0.24312,35,7,4.0,False
vodafone,15,16918,51.60502,-0.23206,187,7,6.1,False
vodafone,15,16923,52.92357,-1.47211,82,12,5.3,False
vodafone,15,17011,51.74083,-2.29685,88,4,5.1,False
vodafone,15,17016,51.74432,-2.29528,31,2,4.5,False
vodafone,15,17040,55.96688,-4.8015,73,2,7.1,False
vodafone,15,17052,56.05711,-4.81503,48,2,9.0,False
vodafone,15,17053,56.05587,-4.8175,74,2,6.6,False
vodafone,15,17068,53.82074,-2.41074,67,3,5.9,False
vodafone,15,17070,56.11081,-4.83982,60,2,4.0,False
vodafone,15,17074,56.05743,-4.84087,127,2,7.6,False
vodafone,15,17077,56.0555,-4.84036,99,2,7.9,False
vodafone,15,17085,51.46494,-0.023,88,14,5.4,True
vodafone,15,17115,53.65023,-2.67926,31,4,9.6,False
vodafone,15,17211,51.64587,-0.38974,37,4,5.9,False
vodafone,15,17242,51.43412,-0.46622,30,5,3.2,False
vodafone,15,17261,51.58906,-2.97827,43,3,5.1,False
vodafone,15,17262,51.58842,-2.97865,30,2,5.0,False
vodafone,15,17307,54.15231,-2.61439,437,2,7.0,False
vodafone,15,17314,53.6136,-2.59591,46,2,7.5,False
vodafone,15,17327,54.04274,-2.80411,92,4,6.4,False
vodafone,15,17343,52.92518,-1.28541,34,3,5.7,False
vodafone,15,17374,51.53746,-1.85216,62,3,3.5,False
vodafone,15,17491,51.55428,-3.00883,39,3,4.8,False
vodafone,15,17543,51.47336,-0.09342,64,7,4.5,False
vodafone,15,17682,53.82493,-2.74213,74,3,5.2,False
vodafone,15,17684,51.54313,-2.61281,32,3,2.7,False
vodafone,15,17691,55.25363,-3.75726,145,2,9.0,False
vodafone,15,17707,53.76146,-2.71085,115,5,7.5,False
vodafone,15,17718,51.36777,-0.14862,36,3,4.4,False
vodafone,15,17727,51.5032,-2.42604,48,3,5.8,False
vodafone,15,17729,51.54291,-2.45983,78,5,5.1,False
vodafone,15,17734,53.52909,-2.6168,94,4,6.2,False
vodafone,15,17745,53.00682,-2.18782,98,3,7.7,False
vodafone,15,17769,51.11352,-0.23914,47,2,6.4,False
vodafone,15,17770,55.64521,-4.52815,55,2,5.5,False
vodafone,15,17784,51.37398,-0.5266,21,4,2.5,False
vodafone,15,17799,54.10769,-2.48395,134,2,7.1,False
vodafone,15,17825,52.99122,-2.3376,33,4,5.9,False
vodafone,15,17829,53.76073,-2.71126,69,4,16.4,False
vodafone,15,17835,55.83279,-4.03458,56,3,5.5,False
vodafone,15,17838,55.09933,-3.59941,74,2,5.4,False
vodafone,15,17839,52.43382,-1.90784,32,3,3.3,False
vodafone,15,17842,53.27048,-2.16601,66,4,5.5,False
vodafone,15,17845,51.41035,-0.23337,29,2,3.9,False
vodafone,15,17872,55.00171,-3.15995,226,4,6.3,False
vodafone,15,17904,53.72765,-2.64263,105,3,4.9,False
vodafone,15,17915,53.75784,-2.46095,24,3,3.8,False
vodafone,15,17916,51.45662,-0.92145,34,2,6.1,False
vodafone,15,17948,52.35934,-1.98965,139,3,10.7,False
vodafone,15,17973,52.81902,-2.11978,355,9,7.6,False
vodafone,15,17974,52.79687,-2.15781,401,9,6.4,True
vodafone,15,17985,51.44556,-0.41452,177,5,5.3,False
vodafone,15,17987,51.36621,-0.39547,36,2,5.5,False
vodafone,15,18021,53.91009,-2.31483,255,3,8.4,False
vodafone,15,18043,51.58293,-2.77015,25,3,2.8,False
vodafone,15,18065,54.98288,-3.04915,58,2,7.4,False
vodafone,15,18066,54.97373,-3.07271,202,5,6.9,False
vodafone,15,18093,51.36995,-0.19493,23,4,2.7,False
vodafone,15,18105,53.54581,-2.63324,29,2,6.1,False
vodafone,15,18119,51.37583,-0.48343,102,4,6.4,False
vodafone,15,18125,53.48153,-2.59913,35,4,4.2,False
vodafone,15,18134,51.4474,-0.41553,46,5,4.5,False
vodafone,15,18135,53.65429,-2.65597,20,4,3.4,False
vodafone,15,18139,53.67128,-2.65389,102,2,5.2,False
vodafone,15,18147,51.40919,0.00042,23,9,5.0,True
vodafone,15,18154,51.50195,-0.08192,111,12,5.8,False
vodafone,15,18155,55.82749,-4.19461,38,3,5.3,False
vodafone,15,18162,51.39606,-0.10119,22,6,4.4,False
vodafone,15,18175,51.41219,-1.07294,32,2,5.0,False
vodafone,15,18182,51.31768,-0.13766,69,11,6.2,False
vodafone,15,18187,51.43268,-0.53041,69,6,6.0,True
vodafone,15,18192,51.48976,-0.05554,43,11,5.6,False
vodafone,15,18197,51.41045,-0.06088,145,12,6.7,False
vodafone,15,18217,51.44197,0.15984,65,5,4.7,False
vodafone,15,18251,52.5447,-1.68542,307,7,7.0,False
vodafone,15,18252,51.44714,-0.09041,41,5,7.1,True
vodafone,15,18258,54.90092,-2.95718,25,2,6.4,False
vodafone,15,18259,54.90908,-2.94324,78,5,5.1,False
vodafone,15,18267,52.51021,-1.92458,90,2,9.5,True
vodafone,15,18276,53.46853,-2.62627,55,4,4.7,False
vodafone,15,18280,53.38471,-2.61318,93,4,5.8,False
vodafone,15,18281,53.38104,-2.61069,26,2,5.9,False
vodafone,15,18317,53.38873,-1.44226,70,3,9.1,False
vodafone,15,18342,55.83786,-4.13716,60,2,4.8,False
vodafone,15,18357,55.81165,-4.31293,36,3,5.4,False
vodafone,15,18358,55.35111,-3.88606,154,2,7.4,False
vodafone,15,18362,51.46426,-0.10026,187,21,6.2,False
vodafone,15,18364,51.53469,-1.91032,71,3,9.0,False
vodafone,15,18396,53.53819,-3.06042,29,2,5.7,False
vodafone,15,18407,55.02357,-2.78645,57,4,7.8,False
vodafone,15,18411,53.72852,-2.65799,25,2,7.9,False
vodafone,15,18412,53.72632,-2.65635,141,5,6.4,False
vodafone,15,18429,54.05701,-2.84306,140,4,5.1,True
vodafone,15,18430,54.05541,-2.83834,97,3,9.2,False
vodafone,15,18451,52.96833,-2.32289,141,4,6.4,False
vodafone,15,18461,53.70401,-2.6919,129,4,5.7,False
vodafone,15,18467,51.46371,-0.16666,116,17,6.5,False
vodafone,15,18482,55.63371,-3.91117,28,3,5.9,False
vodafone,15,18488,52.61188,-2.12678,62,4,4.9,False
vodafone,15,18496,52.52725,-1.78388,39,3,4.2,False
vodafone,15,18497,52.45608,-1.72836,74,2,4.8,False
vodafone,15,18594,51.12852,-0.37813,315,2,8.4,False
vodafone,15,18599,51.54531,-0.14427,48,6,6.4,False
vodafone,15,18725,52.51845,-1.79128,197,7,5.7,True
vodafone,15,18773,55.69035,-3.57188,103,3,8.7,False
vodafone,15,18805,53.39988,-2.9412,64,2,6.8,False
vodafone,15,18809,53.9443,-2.77185,59,3,9.2,True
vodafone,15,18880,52.59672,-1.89602,52,3,6.6,False
vodafone,15,18934,53.39187,-1.41694,31,2,5.6,False
vodafone,15,18944,54.10052,-2.79759,82,4,5.8,False
vodafone,15,18983,51.34561,0.17975,82,6,4.0,False
vodafone,15,19030,51.5553,-0.11161,23,2,4.0,False
vodafone,15,19043,51.40241,0.04055,133,11,8.1,False
vodafone,15,19058,51.22173,-0.44661,67,4,4.8,False
vodafone,15,19060,51.2067,-0.04715,164,5,5.8,True
vodafone,15,19064,53.63997,-2.62891,85,4,5.4,False
vodafone,15,19065,53.64736,-2.67857,71,2,7.7,False
vodafone,15,19066,53.64493,-3.00011,123,3,5.9,False
vodafone,15,19067,53.64568,-2.99947,88,3,4.5,False
vodafone,15,19093,51.17197,0.33256,36,6,3.0,False
vodafone,15,19099,51.21939,-0.35425,118,3,7.0,False
vodafone,15,19104,55.1608,-3.65043,92,2,8.9,False
vodafone,15,19140,51.15989,-0.16353,25,5,3.0,False
vodafone,15,19156,52.50899,-1.8057,80,4,5.8,False
vodafone,15,19163,53.43339,-2.93821,29,2,7.1,False
vodafone,15,19204,51.56382,-0.15067,21,2,7.0,False
vodafone,15,19215,52.6122,-1.85459,88,4,9.4,False
vodafone,15,19227,50.98768,-0.41535,188,2,6.0,False
vodafone,15,19229,52.58499,-2.08781,104,4,7.1,False
vodafone,15,19238,52.47858,-1.81519,24,2,12.2,False
vodafone,15,19240,52.95202,-1.1321,27,2,3.7,False
vodafone,15,19247,52.94879,-1.44319,64,4,6.0,False
vodafone,15,19264,52.7506,-1.90086,98,6,9.3,False
vodafone,15,19306,52.87625,-1.31197,141,12,4.4,True
vodafone,15,19384,52.9434,-1.17863,66,3,4.3,False
vodafone,15,19386,53.45427,-3.00272,81,2,5.6,False
vodafone,15,19388,52.94871,-1.11958,28,2,17.8,False
vodafone,15,19391,53.78382,-2.47539,43,3,8.8,False
vodafone,15,19399,54.52198,-2.68712,141,2,7.2,False
vodafone,15,19440,52.23331,-0.91295,40,2,4.0,False
vodafone,15,19449,52.52994,-1.92618,56,2,6.3,False
vodafone,15,19483,52.58079,-2.0743,21,4,2.5,False
vodafone,15,19496,51.48133,-3.16848,30,2,3.9,False
vodafone,15,19566,55.82347,-4.2641,25,2,9.0,False
vodafone,15,19567,55.82499,-4.25771,33,2,4.4,False
vodafone,15,19593,52.48476,-1.85301,104,5,6.4,False
vodafone,15,19629,54.82704,-2.87214,44,3,7.0,False
vodafone,15,19663,50.83486,-0.17492,87,2,5.9,False
vodafone,15,19665,55.81336,-4.33679,51,2,5.7,False
vodafone,15,19671,52.43165,-1.6772,28,2,6.2,False
vodafone,15,19686,54.48479,-3.85237,88,2,6.3,False
vodafone,15,19706,51.51987,-3.07476,51,2,5.1,False
vodafone,15,19731,52.40032,-1.98477,99,3,6.9,False
vodafone,15,19745,51.53835,-0.15082,21,3,4.9,False
vodafone,15,19749,51.48989,-3.21368,35,4,5.3,True
vodafone,15,19772,51.52279,-0.25374,136,10,6.8,False
vodafone,15,19781,51.54475,-0.17146,38,3,8.1,False
vodafone,15,19811,53.37806,-2.91686,22,2,4.2,False
vodafone,15,19831,54.99847,-3.06518,235,5,6.4,False
vodafone,15,19832,51.4724,-3.2291,75,3,9.4,False
vodafone,15,19848,55.03847,-3.15484,83,3,6.1,True
vodafone,15,19852,55.78485,-4.26398,104,3,7.5,False
vodafone,15,19858,52.54766,-1.96683,87,2,5.8,False
vodafone,15,19862,53.00585,-2.18103,63,3,5.2,False
vodafone,15,19880,52.5784,-2.05385,25,4,4.0,False
vodafone,15,19910,55.8127,-4.23808,33,2,5.9,False
vodafone,15,19928,52.41034,-1.941,142,3,10.2,False
vodafone,15,19990,52.53811,-1.82991,60,4,4.9,False
vodafone,15,19995,54.77353,-2.82842,63,2,4.5,False
vodafone,15,19997,54.4392,-2.62073,76,3,6.7,False
vodafone,15,20123,55.82809,-4.29343,149,4,6.3,False
vodafone,15,20124,55.82205,-4.29496,126,3,10.0,False
vodafone,15,20154,53.82194,-2.40972,295,3,7.1,False
vodafone,15,20155,53.74537,-2.47991,84,3,3.9,False
vodafone,15,20159,53.74309,-2.46675,59,2,6.0,False
vodafone,15,20174,51.55468,-3.20298,27,3,14.0,False
vodafone,15,20186,50.83284,-0.2227,92,2,9.8,False
vodafone,15,20228,52.90693,-1.27293,68,12,12.8,False
vodafone,15,20234,52.58069,-1.16847,75,3,5.4,False
vodafone,15,20239,51.54203,-3.04919,45,2,4.2,False
vodafone,15,20279,51.41321,-0.03771,57,5,6.5,False
vodafone,15,20280,52.51988,-1.78981,116,6,5.9,False
vodafone,15,20318,55.2472,-3.7393,24,2,5.8,False
vodafone,15,20434,51.45032,0.30556,196,6,8.6,False
vodafone,15,20474,51.31754,-0.15207,87,11,6.7,False
vodafone,15,20487,54.64718,-2.60898,34,2,5.3,False
vodafone,15,20495,51.46266,-0.04154,60,14,6.7,True
vodafone,15,20539,51.41811,0.00708,174,19,6.3,False
vodafone,15,20546,52.58012,-1.11994,76,6,5.6,False
vodafone,15,20557,54.60239,-2.59104,51,2,5.4,False
vodafone,15,20559,51.43926,0.33328,35,5,7.6,False
vodafone,15,20571,50.82955,-0.25454,135,2,5.8,False
vodafone,15,20573,52.57036,-2.01549,211,4,8.2,False
vodafone,15,20696,51.3645,-0.09895,123,13,6.4,False
vodafone,15,20729,51.74139,-2.10544,27,2,4.9,False
vodafone,15,20735,51.49805,-0.07415,26,11,3.8,False
vodafone,15,20777,55.83033,-4.2135,27,3,6.6,False
vodafone,15,20783,51.87493,-0.3977,65,7,10.9,False
vodafone,15,20800,51.51802,-0.21245,69,5,5.1,True
vodafone,15,20814,51.20873,-0.47198,35,4,4.5,False
vodafone,15,20853,51.39377,-0.09146,39,8,5.9,False
vodafone,15,20868,53.36014,-1.47441,35,2,5.8,False
vodafone,15,20869,52.49739,-1.85943,164,6,8.6,False
vodafone,15,20890,51.48742,-2.57814,20,3,4.0,False
vodafone,15,20891,51.51767,-2.55261,22,2,7.8,False
vodafone,15,20897,51.4864,-3.2532,43,3,13.1,False
vodafone,15,20898,51.48091,-3.24282,92,4,5.9,False
vodafone,15,20910,51.37158,-0.16197,35,6,3.5,False
vodafone,15,20914,51.39178,-0.08482,22,7,3.7,False
vodafone,15,20970,55.82028,-4.13383,40,3,4.1,False
vodafone,15,21032,52.13717,-2.70975,48,2,5.5,False
vodafone,15,21034,53.40587,-1.43815,79,3,5.4,False
vodafone,15,21048,51.48221,-0.04463,73,10,4.6,False
vodafone,15,21088,51.54677,-0.25269,24,5,4.1,False
vodafone,15,21103,54.99976,-3.08358,129,5,7.3,False
vodafone,15,21110,50.8314,-0.26473,190,2,8.6,False
vodafone,15,21117,55.81712,-4.07152,72,3,8.2,False
vodafone,15,21145,55.83692,-4.23598,122,4,7.6,False
vodafone,15,21146,55.83331,-4.24269,63,3,4.9,False
vodafone,15,21156,51.50597,-0.08972,37,7,6.5,False
vodafone,15,21191,51.43017,-0.54322,51,5,6.6,False
vodafone,15,21206,51.61501,-0.36756,85,4,6.6,False
vodafone,15,21214,51.47942,-0.13789,23,10,5.7,False
vodafone,15,21226,55.10625,-3.5555,143,3,7.9,False
vodafone,15,21229,52.50729,-1.84415,25,2,3.4,False
vodafone,15,21277,51.55256,-0.2594,25,5,5.1,True
vodafone,15,21311,56.10185,-4.84044,48,2,5.5,False
vodafone,15,21315,51.31618,-0.30571,68,3,5.1,False
vodafone,15,21336,55.74105,-4.42132,44,2,6.4,False
vodafone,15,21352,55.84654,-4.08127,21,3,5.8,False
vodafone,15,21434,51.59282,-2.86489,47,3,3.4,False
vodafone,15,21479,50.70846,-3.47203,39,2,3.9,False
vodafone,15,21483,51.60508,-0.36045,64,4,4.5,False
vodafone,15,21527,55.11107,-3.36039,283,4,8.3,False
vodafone,15,21543,54.91929,-2.97685,84,5,5.2,False
vodafone,15,21551,54.87611,-2.92392,178,4,8.5,True
vodafone,15,21552,54.89161,-2.91566,281,6,6.2,False
vodafone,15,21558,51.63107,-3.79456,88,5,6.5,False
vodafone,15,21565,53.36798,-2.62813,69,3,4.7,False
vodafone,15,21638,52.88133,-1.31081,70,11,4.2,False
vodafone,15,21648,52.53871,-1.84169,65,4,8.4,False
vodafone,15,21651,53.81751,-2.78857,20,3,6.1,False
vodafone,15,21667,55.67944,-3.81221,35,2,4.0,False
vodafone,15,21668,55.71274,-3.77001,85,2,8.1,True
vodafone,15,21681,54.85529,-2.89174,41,2,10.4,False
vodafone,15,21694,51.48931,-3.24335,39,4,4.8,False
vodafone,15,21700,52.55853,-1.81093,147,4,12.3,False
vodafone,15,21704,53.34788,-2.86201,113,2,7.0,False
vodafone,15,21707,51.46781,-2.56856,21,2,6.1,False
vodafone,15,21712,55.81585,-4.19039,51,3,7.8,False
vodafone,15,21732,52.96711,-1.18376,42,2,6.6,False
vodafone,15,21739,50.84955,-0.13897,74,4,4.6,False
vodafone,15,21801,51.52654,-0.68109,86,2,4.7,False
vodafone,15,21805,50.70876,-2.39066,192,2,5.5,False
vodafone,15,21808,52.59668,-2.11783,48,4,9.8,False
vodafone,15,21814,52.52755,-1.84193,29,2,5.3,False
vodafone,15,21837,52.79411,-2.84624,231,4,7.1,False
vodafone,15,21852,54.33117,-2.33822,178,3,9.8,False
vodafone,15,21858,56.20532,-4.68812,66,2,6.8,False
vodafone,15,21866,56.24303,-4.69821,105,2,7.0,False
vodafone,15,21987,55.84457,-4.25821,297,4,7.8,False
vodafone,15,21989,55.84406,-4.25356,104,4,8.4,False
vodafone,15,21991,55.03624,-3.48696,272,3,7.2,False
vodafone,15,22017,54.7899,-3.23823,41,2,8.3,False
vodafone,15,22059,52.44387,-1.71757,105,2,5.8,False
vodafone,15,22119,55.81365,-4.3638,24,2,3.9,False
vodafone,15,22127,51.99788,-0.72277,265,2,8.2,False
vodafone,15,22145,53.39771,-2.92812,53,2,6.6,False
vodafone,15,22239,52.49914,-1.92964,37,2,10.2,False
vodafone,15,22249,53.7084,-2.6363,41,3,5.7,False
vodafone,15,22319,53.39297,-1.42584,32,3,5.3,False
vodafone,15,22330,55.83864,-4.08929,141,4,7.3,True
vodafone,15,22372,51.5063,-3.12031,96,2,4.4,False
vodafone,15,22373,51.5055,-3.12047,42,2,9.6,False
vodafone,15,22424,52.26089,-0.9083,55,2,4.5,False
vodafone,15,22437,51.42832,-0.13454,39,13,3.2,True
vodafone,15,22440,52.62199,-2.12533,77,3,13.3,False
vodafone,15,22443,52.58689,-2.11247,68,4,4.6,False
vodafone,15,22446,52.40561,-1.96329,31,2,5.4,False
vodafone,15,22450,52.90464,-1.44239,46,11,3.8,False
vodafone,15,22493,51.55545,-0.14739,33,2,7.2,False
vodafone,15,22494,51.55526,-0.14714,47,2,7.4,False
vodafone,15,22510,55.83652,-4.22624,47,3,4.5,True
vodafone,15,22565,52.47072,-1.90045,27,2,5.4,False
vodafone,15,22571,51.45693,0.19735,434,6,8.4,True
vodafone,15,22651,51.45233,-0.32143,78,5,6.0,False
vodafone,15,22671,51.40628,-0.25637,34,2,3.7,False
vodafone,15,22685,55.82386,-4.11111,75,3,6.2,False
vodafone,15,22691,50.8334,-0.14638,31,4,7.5,False
vodafone,15,22702,51.88871,-0.40912,158,7,5.4,False
vodafone,15,22707,51.66357,-3.01755,55,2,6.8,False
vodafone,15,22724,51.52345,-0.21932,47,4,4.0,False
vodafone,15,22728,51.88417,-0.40503,44,7,5.2,False
vodafone,15,22756,51.66328,-3.9012,97,5,5.7,True
vodafone,15,22771,51.4637,-0.37271,24,5,2.8,False
vodafone,15,22778,51.48252,-3.20096,39,3,5.0,False
vodafone,15,22779,51.47909,-3.20124,28,4,4.1,False
vodafone,29,22780,53.6364,-0.2091,114,2,15.0,True
vodafone,15,22812,52.56262,-1.98354,52,2,6.5,False
vodafone,15,22817,55.81143,-3.9647,70,2,5.6,False
vodafone,15,22818,55.81003,-3.96483,29,2,4.7,False
vodafone,15,22821,53.47379,-3.02458,47,2,7.1,False
vodafone,15,22856,53.7619,-2.45646,62,3,3.4,False
vodafone,15,22857,53.758,-2.4734,40,2,3.1,False
vodafone,15,22864,51.26831,-2.18543,59,2,8.0,False
vodafone,15,22892,51.43957,0.33415,39,5,8.4,False
vodafone,15,22904,52.5896,-1.89726,80,3,7.0,False
vodafone,15,23022,52.66497,-1.77109,214,11,11.2,False
vodafone,15,23053,52.52377,-1.83779,42,2,10.2,False
vodafone,15,23066,51.66124,-0.31522,78,7,3.4,False
vodafone,15,23101,51.35603,-0.48854,41,4,4.3,False
vodafone,15,23112,51.39899,0.24462,27,4,4.6,False
vodafone,15,23135,53.34768,-2.89809,35,2,4.1,False
vodafone,15,23137,51.4025,-0.1169,118,7,4.8,False
vodafone,15,23157,51.88381,-0.43813,37,7,3.1,False
vodafone,15,23167,51.43122,0.1121,117,5,8.4,False
vodafone,15,23179,52.9057,-2.25168,284,5,7.7,False
vodafone,15,23238,51.39646,0.1888,125,7,6.1,False
vodafone,15,23250,51.32729,-0.23517,64,6,4.2,False
vodafone,15,23258,51.43044,-2.62103,64,2,6.3,False
vodafone,15,23271,51.36773,0.10154,221,22,4.1,False
vodafone,15,23273,52.93444,-1.47082,53,4,6.2,False
vodafone,15,23299,51.71523,-0.31505,319,7,7.6,False
vodafone,15,23305,55.85345,-4.17203,28,2,3.9,False
vodafone,15,23310,53.73135,-0.37993,88,2,6.0,False
vodafone,15,23319,52.57862,-1.82795,48,2,7.2,False
vodafone,15,23334,51.43675,0.08658,97,5,6.5,False
vodafone,15,23342,51.58798,-0.31537,69,4,4.6,False
vodafone,15,23353,53.74886,-2.70617,31,5,7.2,False
vodafone,15,23359,55.8407,-4.19812,22,4,3.5,False
vodafone,15,23368,55.8172,-4.13368,20,3,3.4,False
vodafone,15,23382,51.83101,-2.25265,26,2,5.9,False
vodafone,15,23451,51.88763,-0.42745,70,7,6.1,False
vodafone,15,23455,52.57114,-2.04585,57,4,3.4,False
vodafone,15,23457,51.47563,-3.16494,20,2,3.7,False
vodafone,15,23463,52.60575,-1.12242,86,8,5.5,False
vodafone,15,23466,55.84821,-4.08227,78,4,7.0,False
vodafone,15,23469,53.37351,-1.46066,23,2,4.9,False
vodafone,15,23489,51.98826,-0.72519,143,2,5.8,False
vodafone,15,23500,51.90354,-0.45405,145,7,10.0,False
vodafone,15,23502,52.87674,-1.30548,279,13,6.3,False
vodafone,15,23513,52.89363,-1.30238,27,7,3.5,False
vodafone,15,23514,52.91132,-1.45097,184,20,7.4,False
vodafone,15,23528,52.44358,-1.71706,21,2,3.3,False
vodafone,15,23531,52.92009,-1.28188,26,3,4.5,False
vodafone,15,23558,52.48149,-1.86397,126,5,10.4,False
vodafone,15,23563,53.71182,-0.38932,66,2,7.4,False
vodafone,15,23569,52.94389,-1.17351,37,3,4.9,False
vodafone,15,23585,51.54749,-2.62216,31,3,6.4,False
vodafone,15,23622,52.57167,-2.01327,57,4,5.8,False
vodafone,15,23627,51.8791,-2.19522,27,4,2.7,False
vodafone,15,23629,51.70268,-0.31102,46,7,4.4,False
vodafone,15,23637,51.53857,-2.50029,66,4,7.0,False
vodafone,15,23638,51.5619,-3.74932,34,4,3.5,False
vodafone,15,23648,52.88093,-1.28863,78,12,4.9,True
vodafone,15,23660,52.96471,-1.07673,32,2,3.3,False
vodafone,15,23664,55.80795,-4.23376,87,3,6.3,False
vodafone,15,23681,51.47461,-0.18782,24,3,4.7,False
vodafone,15,23682,51.47722,-0.18947,41,3,5.8,False
vodafone,15,23701,52.90286,-1.24842,91,3,7.6,False
vodafone,15,23702,52.23622,-0.88943,74,2,5.2,False
vodafone,15,23703,52.89785,-1.36754,60,9,5.1,False
vodafone,15,23708,55.92389,-3.26475,26,2,2.8,False
vodafone,15,23779,52.42061,-1.91559,41,3,5.9,False
vodafone,15,23780,52.63833,-1.11132,69,11,8.4,False
vodafone,15,23792,52.51482,-1.85883,23,2,2.3,True
vodafone,15,23793,51.29911,0.24939,105,4,11.6,False
vodafone,15,23804,51.47519,-2.58602,21,3,3.8,False
vodafone,15,23819,52.00464,-0.71492,43,2,7.2,False
vodafone,15,23820,52.88784,-1.29864,128,11,5.4,False
vodafone,15,23824,52.62266,-1.13346,74,8,7.0,False
vodafone,15,23881,51.85158,-0.34872,21,5,5.4,False
vodafone,15,23884,52.89946,-1.46565,446,20,9.1,False
vodafone,15,23888,51.53139,-2.2779,62,2,4.9,False
vodafone,15,23901,51.5229,-2.44085,84,2,5.9,True
vodafone,15,23902,51.52302,-2.44339,348,5,9.1,False
vodafone,15,23908,52.00912,-0.74238,47,2,5.1,False
vodafone,15,23932,52.4758,-1.77195,38,2,6.4,False
vodafone,15,23947,51.29491,0.31651,189,3,8.4,False
vodafone,15,23975,52.85926,-1.48648,60,10,3.9,False
vodafone,15,23979,51.38583,0.08366,46,14,4.1,True
vodafone,15,23982,51.25167,-1.14029,151,2,6.0,False
vodafone,15,23984,51.01088,-0.37444,51,2,4.8,False
vodafone,15,24001,51.10287,-0.15522,157,10,9.1,False
vodafone,15,24005,51.44292,0.06614,20,5,3.6,False
vodafone,15,24009,51.77305,-2.27605,111,4,5.2,False
vodafone,15,24025,51.71732,-0.3315,24,7,2.2,False
vodafone,15,24035,51.43401,-0.10168,23,2,2.6,False
vodafone,15,24046,51.65516,-2.98553,90,2,7.0,False
vodafone,15,24051,51.90058,-2.09913,125,4,4.4,False
vodafone,15,24056,51.43105,-1.02469,66,2,5.3,False
vodafone,15,24058,51.54482,-2.61346,31,3,5.6,False
vodafone,15,24064,54.9644,-2.70743,137,4,6.0,True
vodafone,15,24077,51.33633,-0.24274,306,8,5.3,False
vodafone,15,24103,51.65301,-0.28197,58,7,5.8,False
vodafone,15,24120,53.43811,-3.00912,132,2,6.4,False
vodafone,15,24121,53.4425,-2.99444,20,2,4.8,False
vodafone,15,24123,54.58301,-2.49703,225,3,9.2,False
vodafone,15,24128,54.65821,-2.73829,742,4,8.0,False
vodafone,15,24137,51.53399,-2.64957,117,4,7.8,False
vodafone,15,24138,52.81728,-1.57872,146,12,12.3,False
vodafone,15,24139,51.51995,-2.69713,53,2,11.6,False
vodafone,15,24155,52.13835,-2.70631,241,2,7.5,False
vodafone,15,24166,52.55859,-1.8185,47,4,4.0,True
vodafone,15,24172,51.24779,-0.12916,303,11,8.5,True
vodafone,15,24175,51.61145,-0.11516,91,2,4.5,False
vodafone,15,24185,54.97545,-3.01123,199,6,8.4,False
vodafone,15,24189,52.89275,-1.48732,141,11,7.3,False
vodafone,15,24196,51.43655,0.04413,45,5,3.5,False
vodafone,15,24204,53.71426,-2.46753,77,3,4.6,False
vodafone,15,24206,55.60577,-4.46738,93,2,5.4,False
vodafone,15,24215,51.58122,-3.77442,23,5,4.8,False
vodafone,15,24218,52.52976,-1.92673,25,2,3.9,True
vodafone,15,24219,51.14171,-0.00168,26,2,3.5,False
vodafone,15,24221,51.6314,-2.55198,65,2,8.1,False
vodafone,15,24233,51.53483,-3.25902,21,5,3.0,False
vodafone,15,24250,51.66217,-0.39065,86,4,8.6,False
vodafone,15,24270,51.19985,-0.16011,267,5,6.8,False
vodafone,15,24272,51.91668,-2.09409,57,3,5.3,False
vodafone,15,24287,51.45729,0.20084,143,6,5.7,False
vodafone,15,24296,53.59798,-2.58384,83,2,7.9,False
vodafone,15,24302,52.9087,-1.40281,453,11,7.0,False
vodafone,15,24306,52.90379,-1.46997,59,11,4.4,False
vodafone,15,24331,51.63325,-2.40533,26,2,17.4,False
vodafone,15,24334,52.7438,-1.13056,619,10,6.9,False
vodafone,15,24338,53.53061,-1.12925,80,5,13.7,False
vodafone,15,24342,51.73164,-0.45762,43,2,3.5,False
vodafone,15,24344,52.64979,-1.10587,189,11,6.4,False
vodafone,15,24357,50.83388,-0.13932,226,4,8.9,False
vodafone,15,24358,51.48,-3.16422,39,3,5.5,False
vodafone,15,24370,52.48416,-1.92468,88,2,4.8,False
vodafone,15,24384,51.52063,-0.63763,91,2,6.5,False
vodafone,15,24385,51.51972,-0.639,33,2,4.6,False
vodafone,15,24387,53.50464,-1.11931,109,4,10.8,True
vodafone,15,24394,51.53479,-1.8083,51,3,6.0,False
vodafone,15,24399,51.46629,0.18352,285,6,6.1,False
vodafone,15,24405,51.51923,-2.51796,64,4,8.1,False
vodafone,15,24426,51.47016,-3.18784,65,3,3.5,True
vodafone,15,24432,52.66362,-2.11848,60,3,5.1,False
vodafone,15,24433,52.61534,-1.68166,45,3,4.9,False
vodafone,15,24434,52.92398,-1.46163,51,6,4.7,True
vodafone,15,24437,52.40473,-1.46587,124,2,6.4,False
vodafone,15,24439,53.7275,-2.53539,396,3,7.0,False
vodafone,15,24442,51.55816,-0.11359,48,3,5.6,False
vodafone,15,24444,51.43748,0.31636,157,5,5.8,False
vodafone,15,24454,51.42331,0.41513,51,5,11.7,False
vodafone,15,24465,52.45758,-0.70314,206,9,6.3,False
vodafone,15,24470,53.05399,-2.22056,49,4,4.4,False
vodafone,15,24475,52.87304,-1.51366,114,10,5.5,False
vodafone,15,24482,50.81443,0.27496,243,3,6.4,False
vodafone,15,24489,53.43901,-2.98203,133,2,10.6,False
vodafone,15,24490,53.44721,-2.9444,85,2,6.9,False
vodafone,15,24497,52.95198,-1.13373,30,3,5.4,False
vodafone,15,24503,54.99161,-1.57179,101,2,6.2,False
vodafone,15,24505,53.33035,-1.33552,44,2,3.8,False
vodafone,15,24513,51.59684,-3.86601,47,2,11.3,False
vodafone,15,24514,52.6529,-1.09597,65,7,3.4,False
vodafone,15,24515,51.41319,-0.12255,42,9,4.0,False
vodafone,15,24523,52.61338,-1.12837,98,9,6.5,False
vodafone,15,24530,53.36213,-2.61324,21,4,2.6,False
vodafone,15,24547,53.64535,-1.0893,166,4,5.9,False
vodafone,15,24554,51.49378,0.1428,22,2,1.8,False
vodafone,15,24562,55.84247,-4.25932,59,4,5.5,True
vodafone,15,24568,53.73527,-2.49481,25,3,3.3,False
vodafone,15,24569,51.47727,-0.87795,121,3,5.0,False
vodafone,15,24577,51.58958,-3.81679,207,5,5.7,False
vodafone,15,24606,51.43857,-0.02104,268,9,6.8,True
vodafone,15,24609,52.46117,-1.87831,28,2,9.3,False
vodafone,15,24614,54.89348,-2.95509,269,5,6.4,False
vodafone,15,24615,55.97618,-4.6909,72,2,8.1,False
vodafone,15,24616,54.05104,-2.82196,65,4,4.3,True
vodafone,15,24617,53.48841,-1.29612,203,4,7.6,True
vodafone,15,24624,51.57308,-0.31229,48,4,4.0,False
vodafone,15,24626,51.49267,0.04878,85,2,8.1,False
vodafone,15,24628,51.44659,0.14181,119,6,6.4,False
vodafone,15,24629,51.43655,0.00275,329,16,6.0,False
vodafone,15,24636,55.85443,-4.03197,102,2,5.1,False
vodafone,15,24639,53.69506,-2.74242,40,3,3.0,False
vodafone,15,24641,50.82776,-0.12925,102,4,10.3,False
vodafone,15,24654,51.44313,0.41417,156,6,5.1,False
vodafone,15,24656,53.40192,-2.93746,62,2,4.5,False
vodafone,15,24662,51.44564,0.03159,256,16,9.7,False
vodafone,15,24665,51.54396,-0.27493,72,5,5.0,True
vodafone,15,24674,52.24614,-0.9098,37,2,3.4,False
vodafone,15,24678,52.88072,-1.50752,52,10,4.2,False
vodafone,15,24686,52.65393,-1.89576,95,8,5.7,False
vodafone,15,24688,51.55412,-0.23755,108,3,3.9,False
vodafone,15,24698,51.4743,-3.17835,109,3,5.1,False
vodafone,15,24703,52.01989,-0.71134,135,2,6.9,False
vodafone,15,24704,51.43949,0.38499,259,6,8.4,False
vodafone,15,24706,52.33232,-2.02873,42,2,7.9,False
vodafone,15,24712,52.67554,-1.08487,336,11,7.6,False
vodafone,15,24714,51.48393,0.08798,131,2,9.6,False
vodafone,15,24717,51.46116,-0.31451,58,6,3.0,False
vodafone,15,24719,53.001,-1.19443,432,14,7.2,False
vodafone,15,24723,51.48111,-3.15704,33,2,5.8,False
vodafone,15,24729,52.11141,-0.47884,326,6,8.4,False
vodafone,15,24730,52.92294,-1.46989,110,5,6.5,False
vodafone,15,24733,53.42141,-1.36182,30,2,4.3,True
vodafone,15,24739,55.7921,-3.99192,261,2,6.9,True
vodafone,15,24743,52.91452,-1.45965,141,21,7.4,False
vodafone,15,24744,51.50379,-3.11123,88,2,3.9,False
vodafone,15,24746,53.39612,-1.33389,218,3,8.6,False
vodafone,15,24752,52.44954,-1.72394,33,2,5.1,True
vodafone,15,24755,51.49624,-3.13791,20,2,4.2,False
vodafone,15,24782,52.24183,-0.99792,21,2,3.5,False
vodafone,15,24787,52.08651,-0.53981,180,5,5.1,False
vodafone,15,24801,53.40407,-2.94565,62,2,6.4,False
vodafone,15,24803,53.41128,-2.9316,25,2,2.8,False
vodafone,15,24808,51.59694,-2.94055,94,3,3.4,False
vodafone,15,24818,54.9444,-1.59653,44,2,3.6,False
vodafone,15,24822,52.36856,-1.18901,105,2,5.6,False
vodafone,15,24823,51.8814,-0.40038,456,6,6.3,False
vodafone,15,24824,55.80931,-4.01127,69,3,6.5,True
vodafone,15,24828,53.59841,-0.46189,902,3,8.8,False
vodafone,15,24829,53.58689,-0.6891,67,2,8.1,False
vodafone,15,24836,50.83004,-0.18091,43,2,8.8,False
vodafone,15,24839,50.84893,-0.14103,175,3,8.1,False
vodafone,15,24840,51.87422,-0.39581,180,7,4.0,False
vodafone,15,24855,52.60663,-1.72635,54,2,5.4,False
vodafone,15,24859,53.55242,-2.63587,55,4,8.2,False
vodafone,15,24864,50.81221,-0.64583,34,2,4.0,False
vodafone,15,24866,51.59576,-2.92445,25,3,4.1,False
vodafone,15,24871,52.58122,-1.16873,108,2,6.4,False
vodafone,15,24875,51.66532,-3.90753,206,5,7.9,True
vodafone,15,24876,51.64358,-3.93462,135,3,6.1,False
vodafone,15,24881,53.4534,-2.99217,35,2,4.7,False
vodafone,15,24899,52.17873,-2.1398,286,3,6.6,False
vodafone,15,24905,51.49142,0.1449,46,2,4.5,False
vodafone,15,24917,51.98355,-0.74184,36,2,5.0,False
vodafone,15,24925,52.93891,-1.4792,167,4,4.7,False
vodafone,15,24927,53.76055,-2.71012,234,5,6.6,False
vodafone,15,24945,53.50686,-3.0466,52,2,8.4,False
vodafone,15,24947,53.76138,-2.46303,60,3,4.5,False
vodafone,15,24950,52.50656,-1.86469,47,2,3.2,False
vodafone,15,24954,53.8238,-3.04484,81,2,4.8,False
vodafone,15,24962,51.38688,-0.57599,343,5,6.9,False
vodafone,15,24963,52.57731,-1.13072,29,5,7.0,False
vodafone,15,24972,51.8788,-0.40968,97,7,4.4,False
vodafone,15,24975,53.58862,-0.64666,23,2,3.9,False
vodafone,15,24994,51.46807,-0.98471,72,2,7.2,False
vodafone,15,25001,52.89441,-1.47302,83,11,7.1,False
vodafone,15,25002,51.7461,-0.31919,326,7,7.4,False
vodafone,15,25005,51.91142,-0.46486,27,7,11.8,False
vodafone,15,25010,51.39944,-0.12997,58,6,5.8,False
vodafone,15,25011,53.03361,-0.7953,156,3,5.5,False
vodafone,15,25027,53.74763,-2.49094,72,3,4.8,False
vodafone,15,25034,53.12398,-0.81436,371,3,7.1,False
vodafone,15,25038,53.71596,-2.79124,175,5,7.0,False
vodafone,15,25042,52.88223,-1.49493,46,10,2.7,False
vodafone,15,25047,54.6604,-3.57493,105,4,7.1,False
vodafone,15,25060,52.28472,-0.66457,170,9,7.1,False
vodafone,15,25062,51.4563,-0.91223,51,3,5.4,False
vodafone,15,25109,52.75887,-1.69278,537,9,4.4,False
vodafone,15,25110,54.96078,-1.30683,61,3,6.1,False
vodafone,15,25111,51.54662,-0.18241,82,6,5.6,False
vodafone,15,25114,51.4318,0.35759,101,4,4.8,False
vodafone,15,25116,53.72193,-0.42784,161,2,6.0,False
vodafone,15,25117,53.52623,-1.15643,116,3,16.9,False
vodafone,15,25123,53.63853,-2.43153,70,2,5.4,False
vodafone,15,25130,52.63021,-1.6614,180,7,5.5,True
vodafone,15,25131,51.57478,-0.2487,25,4,4.0,False
vodafone,15,25134,51.10753,-0.22133,127,2,4.6,False
vodafone,15,25135,52.77871,-1.17782,302,11,4.9,False
vodafone,15,25136,51.89013,-0.41933,77,5,4.7,False
vodafone,15,25145,51.50705,-0.46414,48,2,3.9,False
vodafone,15,25152,53.01511,-2.20153,111,2,4.8,False
vodafone,15,25153,51.43421,0.16232,127,5,4.3,False
vodafone,15,25161,51.70572,-0.45194,35,2,3.7,False
vodafone,15,25174,52.266,-1.00317,103,2,4.6,False
vodafone,15,25178,52.57805,-1.18689,138,2,7.4,False
vodafone,15,25189,51.51356,-0.32609,106,2,6.8,False
vodafone,15,25197,52.65882,-1.10539,71,11,4.4,False
vodafone,15,25202,52.44455,-0.67295,146,5,8.8,False
vodafone,15,25208,55.80305,-4.37101,104,3,5.5,False
vodafone,15,25213,51.105,-0.22367,80,2,8.4,False
vodafone,15,25220,51.64493,-3.01205,67,2,4.0,False
vodafone,15,25224,51.49315,-0.28298,134,8,7.9,False
vodafone,15,25245,51.45685,0.24683,62,5,4.3,True
vodafone,15,25250,51.44539,0.3185,120,5,6.1,False
vodafone,15,25251,51.60579,-3.78856,174,3,5.2,False
vodafone,15,25259,53.41848,-2.61017,103,4,5.6,False
vodafone,15,25263,52.26324,-0.92091,97,2,4.8,False
vodafone,15,25265,54.89961,-1.5969,96,2,5.8,False
vodafone,15,25268,50.83522,-0.14092,195,4,7.2,True
vodafone,15,25278,52.25921,-0.62507,153,8,7.0,False
vodafone,15,25287,51.56122,-0.12511,77,4,4.6,True
vodafone,15,25293,51.48428,0.16527,26,2,3.4,False
vodafone,15,25300,51.41501,0.0965,34,5,3.8,False
vodafone,15,25302,51.42173,-0.06363,67,12,5.9,False
vodafone,15,25305,53.3557,-1.33854,209,2,8.1,False
vodafone,15,25306,51.40622,0.75977,335,3,8.0,False
vodafone,15,25311,51.53967,-0.27752,177,11,5.9,False
vodafone,15,25315,52.57856,-1.1286,158,4,5.2,False
vodafone,15,25348,51.42361,0.07918,237,5,4.8,False
vodafone,15,25352,52.66165,-1.10207,21,2,4.7,False
vodafone,15,25355,53.64067,-3.04245,24,2,4.5,False
vodafone,15,25357,52.08726,-2.70356,54,2,3.7,True
vodafone,15,25372,51.88481,-0.17742,76,2,6.7,False
vodafone,15,25388,51.40356,-0.16306,127,7,11.8,False
vodafone,15,25390,52.8897,-1.48483,137,9,4.0,False
vodafone,15,25393,52.40906,-0.71365,312,7,8.1,False
vodafone,15,25406,51.28723,0.43102,253,3,8.5,False
vodafone,15,25407,51.43036,-0.01441,108,9,5.2,False
vodafone,15,25408,51.50926,-3.09914,24,2,6.6,False
vodafone,15,25414,51.48475,-0.03482,330,9,7.6,False
vodafone,15,25417,51.8927,-0.21036,83,2,6.3,False
vodafone,15,25428,51.47714,-0.01483,90,7,5.4,False
vodafone,15,25440,50.85648,-0.16226,40,3,11.7,False
vodafone,15,25447,51.71618,-0.31896,110,7,7.7,False
vodafone,15,25453,52.6146,-1.13294,264,7,6.6,False
vodafone,15,25459,51.05473,-0.35421,126,2,4.9,False
vodafone,15,25464,55.81983,-4.19026,28,2,6.0,False
vodafone,15,25472,51.88332,-0.4176,47,5,5.9,False
vodafone,15,25474,55.6122,-4.49689,62,2,8.2,False
vodafone,15,25482,51.87039,-2.19596,237,3,7.7,False
vodafone,15,25486,51.53841,-0.1327,30,3,4.7,True
vodafone,15,25488,51.5388,-0.13134,113,3,8.3,False
vodafone,15,25502,52.79982,-0.57026,175,2,7.0,False
vodafone,15,25510,51.57089,-0.23449,108,5,5.4,False
vodafone,15,25534,52.9088,-1.25548,65,4,3.2,True
vodafone,15,25539,51.56845,-0.22447,88,2,5.4,False
vodafone,15,25541,51.48318,-0.04079,40,9,5.3,False
vodafone,15,25543,51.41058,-0.22893,238,3,6.2,False
vodafone,15,25612,55.7604,-4.49121,377,3,8.5,False
vodafone,15,25618,52.64453,-1.1075,149,8,5.0,False
vodafone,15,25633,51.43462,-0.40989,109,3,4.6,False
vodafone,15,500008,54.01361,-1.17687,42,2,4.7,False
vodafone,15,500092,51.15407,0.89189,198,8,6.5,False
vodafone,15,500144,53.96628,-1.1171,25,2,4.7,False
vodafone,15,500150,53.95036,-1.14074,30,2,4.7,False
vodafone,15,500154,53.94494,-1.10725,35,2,4.0,False
vodafone,15,500470,50.86056,0.08764,321,2,8.0,False
vodafone,15,500892,53.436,-1.35945,21,3,8.7,False
vodafone,15,500930,53.44589,-1.35352,41,3,5.3,True
vodafone,15,501224,53.46849,-1.30758,27,4,6.3,False
vodafone,15,501314,54.0181,-1.17398,83,2,3.2,False
vodafone,15,501318,53.33429,-1.31104,33,2,5.6,True
vodafone,15,501348,53.38766,-1.44734,35,3,6.3,False
vodafone,15,501480,53.4223,-1.38567,38,2,4.8,False
vodafone,15,501502,54.97714,-1.59044,36,2,5.3,False
vodafone,15,501524,53.95277,-1.0641,43,2,5.2,False
vodafone,15,501530,53.92634,-1.12071,45,2,5.0,False
vodafone,15,501532,53.96733,-1.11463,31,2,3.2,False
vodafone,15,501538,53.96184,-1.10754,34,2,3.5,True
vodafone,15,501556,54.89782,-1.58497,46,2,4.7,False
vodafone,15,501612,54.05443,-1.19099,62,2,2.8,False
vodafone,15,501648,54.85386,-1.58134,36,2,6.3,False
vodafone,15,501832,54.96477,-1.64083,69,3,9.4,False
vodafone,15,501850,53.41255,-1.42608,31,2,4.5,False
vodafone,15,501926,54.94244,-1.62134,44,2,4.5,True
vodafone,15,501930,54.89584,-1.60158,29,2,4.0,False
vodafone,15,501940,54.94786,-1.63691,30,2,4.9,False
vodafone,15,501998,54.88076,-1.57757,30,2,4.7,False
vodafone,15,502000,54.92127,-1.60166,29,2,4.3,False
vodafone,15,502028,55.9517,-3.19108,23,2,9.5,False
vodafone,15,502132,54.96382,-1.61342,30,3,4.4,False
vodafone,15,502612,50.7849,0.28576,69,3,4.0,False
vodafone,15,502760,54.96545,-1.61077,32,3,4.4,False
vodafone,15,502804,53.35512,-1.32119,39,2,8.9,False
vodafone,15,502824,53.37758,-1.45936,20,3,5.0,True
vodafone,15,503068,53.44912,-1.33636,58,3,7.1,False
vodafone,15,503628,53.93032,-1.11794,37,2,6.4,False
vodafone,15,503668,53.44957,-1.3557,43,3,5.2,False
vodafone,15,503842,53.468,-1.2998,58,4,6.4,False
vodafone,15,503918,54.8509,-1.51239,34,2,4.2,False
vodafone,15,504152,53.60874,-1.46777,23,2,7.3,False
vodafone,15,504236,51.26253,1.06618,122,2,5.2,False
vodafone,15,504438,54.8258,-1.51845,21,2,4.2,False
vodafone,15,504554,53.3415,-1.38065,26,2,7.0,False
vodafone,15,504668,54.4981,-1.54842,50,2,4.6,False
vodafone,15,504716,54.58024,-1.24247,75,2,4.9,False
vodafone,15,504796,53.52794,-1.12565,37,5,5.2,False
vodafone,15,504826,53.50933,-1.15039,47,3,5.8,False
vodafone,15,504920,54.67247,-1.52797,80,2,7.1,False
vodafone,15,505052,53.51852,-1.14839,38,4,9.0,False
vodafone,15,505058,54.58066,-1.33159,20,2,4.7,False
vodafone,15,505136,53.50645,-1.12284,54,2,5.0,False
vodafone,15,505448,53.59768,-1.28389,25,2,3.8,False
vodafone,15,505504,53.59386,-0.60946,43,2,4.1,False
vodafone,15,505546,53.53384,-1.12803,64,5,5.0,False
vodafone,15,505548,53.5456,-1.10382,68,5,5.8,False
vodafone,15,505574,53.28265,-1.47272,39,2,6.1,False
vodafone,15,505590,54.67127,-1.51008,32,2,6.0,False
vodafone,15,505918,54.57877,-1.33413,59,2,4.2,False
vodafone,15,505938,53.55281,-0.63755,313,2,7.8,False
vodafone,15,505942,53.57084,-0.43253,511,2,6.9,False
vodafone,15,505970,53.7224,-0.42951,67,2,7.0,False
vodafone,15,506115,53.19611,-1.42258,28,3,4.0,False
vodafone,15,506119,53.25722,-1.42479,44,3,6.3,False
vodafone,15,506173,54.63578,-1.53769,25,2,5.2,False
vodafone,15,506175,54.58842,-1.31879,26,2,2.8,False
vodafone,15,506339,53.56153,-1.08334,49,4,5.1,False
vodafone,15,506341,53.55322,-1.13744,60,4,4.7,False
vodafone,15,506343,53.62007,-0.93792,40,3,11.0,False
vodafone,15,506379,53.58014,-0.61048,68,2,6.0,False
vodafone,15,506395,53.52322,-1.15474,70,5,6.1,False
vodafone,15,506423,54.56502,-1.32554,43,2,5.0,False
vodafone,15,506451,53.21929,-1.41473,22,2,5.8,False
vodafone,15,506525,53.2927,-1.44418,52,3,7.8,False
vodafone,15,506587,54.96955,-1.60139,74,2,6.7,False
vodafone,15,506685,53.42716,-1.36835,34,2,5.1,False
vodafone,15,506713,53.23317,-1.41831,29,3,4.5,False
vodafone,15,506861,50.91805,-0.06109,137,4,4.7,False
vodafone,15,506903,53.62683,-1.35898,23,2,5.4,False
vodafone,15,506991,50.77862,0.07768,364,6,8.6,False
vodafone,15,507011,53.54272,-1.15071,55,4,5.2,False
vodafone,15,507127,53.5628,-1.30037,43,2,5.5,False
vodafone,15,507191,51.30807,0.93649,238,3,7.4,True
vodafone,15,507205,54.72047,-1.5469,53,2,4.2,False
vodafone,15,507371,54.00462,-2.19917,212,4,8.0,False
vodafone,15,507547,53.58737,-1.02917,113,3,4.3,False
vodafone,15,507557,53.56316,-1.18441,67,2,4.0,False
vodafone,15,507625,53.90676,-1.16547,21,2,2.5,False
vodafone,15,507627,53.90661,-1.18033,46,2,5.3,False
vodafone,15,507629,53.72987,-1.25597,37,2,4.1,False
vodafone,15,507631,53.48947,-1.30671,71,4,6.3,True
vodafone,15,507651,53.88253,-1.1829,67,2,5.3,True
vodafone,15,507673,53.18259,-1.40081,36,3,6.3,False
vodafone,15,507767,54.14242,-1.30032,84,2,3.7,False
vodafone,15,507775,54.07767,-1.21586,39,2,5.3,False
vodafone,15,507929,54.62309,-1.521,23,2,3.9,True
vodafone,15,507941,53.60097,-0.76207,65,2,3.9,False
vodafone,15,508023,53.49165,-1.26021,53,2,4.8,False
vodafone,15,508301,53.20538,-1.41241,42,3,4.9,False
vodafone,15,508303,53.23457,-1.41387,51,3,4.9,False
vodafone,15,508333,53.74428,-0.73057,159,2,4.7,False
vodafone,15,508423,53.7134,-0.48726,58,4,6.2,False
vodafone,15,508525,54.10598,-1.2337,82,2,5.2,False
vodafone,15,508531,53.50171,-1.10191,54,2,5.5,False
vodafone,15,508543,54.98414,-1.57092,54,3,7.6,False
vodafone,15,508559,54.52635,-1.35429,71,2,5.9,False
vodafone,15,508561,54.71686,-1.54003,29,2,3.7,False
vodafone,15,508649,55.97949,-3.20538,25,2,4.8,False
vodafone,15,508663,54.62128,-1.5373,45,2,6.9,True
vodafone,15,508671,53.52554,-1.14284,54,5,5.3,False
vodafone,15,508779,53.48171,-1.28551,43,4,4.6,False
vodafone,15,509001,54.73736,-1.60462,72,2,7.8,False
vodafone,15,509017,51.38533,0.82645,75,2,7.6,False
vodafone,15,509025,53.41837,-1.40807,66,2,6.0,False
vodafone,15,509169,54.59627,-1.34653,142,2,7.2,False
vodafone,15,509181,53.48403,-1.31064,22,4,4.3,True
vodafone,15,509205,54.58429,-1.395,30,2,2.9,False
vodafone,15,509259,54.7928,-1.58326,28,2,6.0,False
vodafone,15,509261,54.49226,-1.35122,44,2,5.8,False
vodafone,15,509317,54.63609,-1.53715,37,2,5.0,False
vodafone,15,509343,53.29669,-1.47243,35,2,6.4,False
vodafone,15,509467,54.51211,-1.52008,27,2,4.5,False
vodafone,15,509645,53.714,-1.11487,51,2,3.8,False
vodafone,15,509715,53.74326,-0.35368,38,2,5.7,False
vodafone,15,509827,52.26518,-0.62724,113,7,6.5,False
vodafone,15,509847,53.52559,-1.3133,29,2,5.2,False
vodafone,15,509875,53.61727,-0.97509,82,3,7.3,False
vodafone,15,509901,54.66091,-1.52104,177,2,9.9,False
vodafone,15,510017,53.04936,-1.48072,48,2,9.0,True
vodafone,15,510195,53.59216,-1.29994,66,2,5.0,False
vodafone,15,510549,53.6125,-1.35222,56,2,6.3,True
vodafone,15,510555,53.76666,-0.63258,80,2,3.3,False
vodafone,15,510557,54.31575,-1.47882,47,2,4.1,False
vodafone,15,510561,53.12915,-1.42146,68,3,6.0,False
vodafone,15,510593,51.49295,0.45938,129,4,5.5,False
vodafone,15,510639,53.58395,-1.04505,152,5,6.1,False
vodafone,15,510755,54.22364,-1.35261,52,2,4.4,False
vodafone,15,510767,53.84832,-1.22253,42,2,4.6,False
vodafone,15,510917,53.54569,-0.94025,70,3,6.1,False
vodafone,15,510963,53.77528,-1.08017,74,2,5.3,False
vodafone,15,510995,53.63737,-0.95772,140,3,7.0,False
vodafone,15,511053,54.76945,-1.60655,43,2,5.9,False
vodafone,15,511355,54.77816,-1.58872,38,2,5.0,False
vodafone,15,511623,51.00041,-0.43813,24,2,3.3,False
vodafone,15,511815,53.59508,-1.16385,99,5,7.2,False
vodafone,15,511821,54.21641,-1.35968,54,2,4.6,False
vodafone,15,511845,53.75924,-0.85099,70,2,4.8,False
vodafone,15,511917,53.07749,-1.43026,93,3,6.9,False
vodafone,15,511921,53.77881,-1.1016,89,2,6.5,False
vodafone,15,511985,53.06985,-1.4599,37,2,6.9,False
vodafone,15,511993,54.65665,-1.49722,38,2,4.5,False
vodafone,15,511995,54.98601,-1.56584,29,2,3.5,False
vodafone,15,512007,56.37288,-4.65799,107,2,8.5,False
vodafone,15,512073,54.72963,-1.56514,66,2,7.7,False
vodafone,15,512133,53.77544,-0.82607,44,2,5.4,False
vodafone,15,512209,53.63062,-0.28211,390,2,8.2,False
vodafone,15,512229,53.72333,-0.5469,22,2,6.3,False
vodafone,15,512269,54.33377,-1.44195,89,2,6.5,False
vodafone,15,512421,53.48812,-1.22323,43,3,6.8,False
vodafone,15,512429,53.57888,-0.91164,103,3,3.6,False
vodafone,15,512487,53.6925,-1.10993,75,2,5.3,False
vodafone,15,512517,54.57236,-1.31852,81,2,6.6,False
vodafone,15,512555,56.8243,-5.12375,67,2,6.3,False
vodafone,15,512607,53.59687,-1.11361,116,4,4.3,False
vodafone,15,512609,54.54561,-1.34329,72,2,5.7,False
vodafone,15,512925,53.75826,-0.72601,148,2,5.4,False
vodafone,15,512989,53.70689,-0.63254,35,2,2.5,False
vodafone,15,513003,54.9726,-1.6119,111,3,6.5,False
vodafone,15,513401,53.5667,-0.83002,27,3,3.5,False
vodafone,15,513413,53.59035,-0.82141,38,2,6.2,False
vodafone,15,513753,56.87896,-4.91441,263,3,6.0,False
vodafone,15,513773,53.15806,-1.42303,34,3,5.7,False
vodafone,15,513785,53.4902,-1.20741,56,3,7.8,False
vodafone,15,513853,53.48861,-1.25336,29,2,5.3,False
vodafone,15,513901,54.81606,-1.5747,48,2,6.3,False
vodafone,15,513911,53.71056,-0.82695,131,2,5.8,False
vodafone,15,520095,51.98525,-0.64807,261,8,5.2,False
vodafone,15,520121,53.95767,-1.10046,68,2,7.4,False
vodafone,15,520131,53.63515,-1.10361,58,2,3.2,False
vodafone,15,520351,53.77728,-1.14693,57,2,5.1,True
vodafone,15,520519,54.9239,-1.60592,49,2,4.4,False
vodafone,15,520621,56.89214,-5.00564,364,3,7.6,False
vodafone,15,520851,53.70629,-0.58213,72,2,6.8,False
vodafone,15,520929,53.62432,-0.3103,24,2,3.9,False
vodafone,15,521375,53.31273,-0.98636,55,2,4.1,False
vodafone,15,521407,54.9631,-1.60148,52,3,6.2,False
vodafone,15,521567,53.89438,-1.14671,66,2,3.9,False
vodafone,15,521577,54.78172,-1.58004,25,2,6.1,False
vodafone,15,521807,54.19771,-1.33531,55,2,5.3,False
vodafone,15,522081,54.03729,-1.22129,28,2,6.2,False
vodafone,15,522483,54.27526,-1.42172,116,2,5.4,False
vodafone,15,522869,54.97531,-1.59247,32,2,3.0,False
vodafone,15,522963,53.70842,-0.64915,137,2,3.4,False
vodafone,15,523029,53.59996,-0.79675,84,2,5.2,False
vodafone,15,523069,51.46242,0.65961,185,3,4.6,False
vodafone,15,523099,56.37387,-4.61833,385,4,8.5,False
vodafone,15,523149,54.34947,-1.4534,55,2,4.7,False
vodafone,15,523223,50.76752,0.33002,151,3,4.3,False
vodafone,15,523253,53.60255,-1.28957,41,2,5.8,False
vodafone,15,523289,53.52898,-1.31358,27,2,3.7,False
vodafone,15,523691,53.26242,-1.42358,50,3,5.7,False
vodafone,15,523821,53.85247,-1.17793,41,3,5.8,False
vodafone,15,523973,53.52497,-1.14183,65,5,4.2,False
vodafone,15,524055,54.62632,-1.51676,49,2,4.0,False
vodafone,15,524195,54.17864,-1.31767,34,2,5.0,False
vodafone,15,524787,54.77722,-1.58222,22,2,5.0,False
vodafone,15,525258,56.84306,-4.68679,112,2,4.1,False
vodafone,15,525510,53.64893,-1.12374,51,2,4.7,False
vodafone,15,526505,54.24749,-1.40268,73,2,3.2,False
vodafone,15,528027,53.53138,-1.14725,42,3,4.1,False
vodafone,15,529327,56.41237,-5.08083,264,2,9.5,False
vodafone,15,529585,56.47523,-4.74151,205,3,9.8,True
vodafone,15,529587,56.68827,-4.5752,108,2,14.9,False
vodafone,15,530616,53.57399,-0.89139,26,2,3.6,False
vodafone,15,535878,53.72616,-0.58344,66,2,4.3,False
vodafone,15,542516,53.79227,-1.16688,72,2,3.4,False
vodafone,15,544196,56.42926,-4.81097,204,2,7.2,False
vodafone,15,544235,54.77997,-1.55603,34,2,7.0,False
vodafone,15,544454,56.79905,-5.26773,135,2,5.1,False
vodafone,15,544501,50.85651,-0.54145,242,4,7.1,False
vodafone,15,544812,51.21525,0.63605,807,8,6.8,False
vodafone,15,545262,50.82446,-0.45626,187,2,6.8,False
vodafone,15,545453,52.83276,-1.30146,345,10,6.4,False
vodafone,15,545681,51.04724,0.18772,419,6,7.2,False
vodafone,15,545739,56.85783,-5.13533,370,2,5.8,False
vodafone,15,545984,56.69281,-4.58425,118,2,6.7,False
vodafone,15,546371,56.6761,-4.57007,101,2,5.9,False
vodafone,15,547485,53.51293,-1.12409,39,3,3.8,True
vodafone,15,548653,53.55414,-0.97128,97,4,15.9,False
vodafone,15,548803,50.78475,0.28361,105,3,11.8,False
vodafone,15,548819,50.85128,-0.29386,273,5,5.4,False
vodafone,15,548839,53.5469,-1.15395,51,5,18.4,False
vodafone,15,548847,50.9376,-0.18835,27,3,4.6,False
vodafone,15,548882,50.93317,-0.55988,304,4,13.1,False
vodafone,15,548981,53.5309,-0.58114,240,3,14.2,False
vodafone,15,548983,53.56449,-0.42305,179,2,8.9,False
vodafone,15,549015,53.58657,-0.64545,47,2,10.9,False
vodafone,15,549052,52.30488,-0.64562,45,5,5.8,False
vodafone,15,549114,50.80529,-0.41156,46,2,3.2,False
vodafone,15,549135,51.23656,0.66512,410,7,12.8,False
vodafone,15,549144,51.24013,0.66331,592,7,7.3,False
vodafone,15,549147,52.83555,-1.31332,232,10,10.2,False
vodafone,15,549177,51.3068,0.92768,120,3,16.7,False
vodafone,15,549236,51.35064,0.79653,123,4,12.5,False
vodafone,15,549240,51.15896,0.85857,45,3,16.9,False
vodafone,15,549241,50.93459,-0.06053,186,4,6.8,False
vodafone,15,549244,50.81967,-0.45631,112,2,8.8,False
vodafone,15,549245,52.723,-0.77497,454,3,7.0,False
vodafone,15,549267,53.6218,-0.28279,45,3,6.8,False
vodafone,15,549268,53.59738,-1.00072,96,3,15.1,False
vodafone,15,549275,51.33501,0.47931,27,5,4.4,False
vodafone,15,549287,50.85456,0.10526,191,2,5.0,False
vodafone,15,549291,52.32792,-0.62942,125,5,4.8,False
vodafone,15,549299,50.71933,0.34619,176,3,10.2,False
vodafone,15,549310,52.54918,-1.51527,110,2,6.7,False
vodafone,15,549312,52.54816,-1.52277,62,2,9.2,False
vodafone,15,549328,52.02486,-0.44041,54,5,4.2,False
vodafone,15,549330,50.85063,-0.21252,167,5,11.7,False
vodafone,15,549332,50.76403,0.06392,151,6,11.4,False
vodafone,15,549333,50.86006,0.08587,166,2,10.7,False
vodafone,15,549335,53.12698,-0.72047,21,2,13.7,False
vodafone,15,549345,53.60706,-0.98198,80,3,17.9,False
vodafone,15,549348,54.61065,-1.48247,20,2,5.5,False
vodafone,15,549367,51.40862,0.68054,28,2,3.0,False
vodafone,15,549377,51.46744,0.64653,105,3,9.0,False
vodafone,15,549383,54.78124,-1.57983,24,2,4.5,True
vodafone,15,549392,51.2151,0.63879,196,5,12.5,False
vodafone,15,549416,50.85458,0.3295,71,3,4.4,False
vodafone,15,549418,50.82211,0.3566,21,2,4.0,False
vodafone,15,549426,52.68642,-0.44611,147,4,4.8,False
vodafone,15,549448,50.94185,-0.09363,390,4,6.2,False
vodafone,15,549450,50.94085,-0.09522,295,4,12.3,False
vodafone,15,549457,50.84853,0.10736,55,2,6.9,False
vodafone,15,549475,53.46925,-1.30269,61,2,17.6,False
vodafone,15,549492,54.92603,-1.60717,40,2,9.0,False
vodafone,15,549542,51.27063,1.03375,41,2,15.5,False
vodafone,15,549551,50.92008,-0.05798,52,2,3.4,False
